city,record_id,inspection_date,inspection_item,food_category,product_name,vendor_name,district,address,lng,lat,result,violation_detail,sampled_place
臺北市,175,2025-12-09,網購年菜,脫水或乾燥蔬菜,猴頭菇,代理商：爾邦德股份有限公司,信義區,高雄市梓官區大舍東路300巷26號,,,不符合規定,品質不符規定:檢出殘留農藥生長調節劑-克美素(Chlormequat) 0.12ppm(標準值：不得檢出),代理商：爾邦德股份有限公司/高雄市梓官區大舍東路300巷26號
臺北市,177,2025-12-08,網購年菜,脫水或乾燥蔬菜,巴西蘑菇,金海相商行,信義區,屏東縣南州鄉溪洲村新興路2巷7號,,,不符合規定,品質不符規定:檢出殘留農藥殺菌劑撲滅寧(Procymidone) 0.10ppm(標準值：0.05ppm),金海相商行/屏東縣南州鄉溪洲村新興路2巷7號
臺北市,182,2025-12-04,年節食品,蕈菜類,乾巴西蘑菇,同岳軒小吃店(同岳軒),北投區,臺北市北投區中央北路4段532號1樓,,,不符合規定,重金屬鎘4mg/kg（標準：2mg/kg以下）,同岳軒小吃店(同岳軒)/臺北市北投區中央北路4段532號1樓
臺北市,183,2025-12-04,年節食品,肉品及其加工品,香辣牛肉干,鑫龍肉脯行,文山區,臺北市文山區木新路3段310巷4號木新市場第26號攤,,,不符合規定,防腐劑己二烯酸2.18g/kg（標準：2.0g/kg以下）,鑫龍肉脯行/臺北市文山區木新路3段310巷4號木新市場第26號攤
臺北市,186,2025-12-04,網購年菜,脫水或乾燥蔬菜,鹿茸菇,邱O景,士林區,臺北市士林區中正路655巷3弄O號O樓,,,不符合規定,品質不符規定:檢出殘留農藥殺菌劑-撲滅寧（Procymidone）：0.08ppm（標準：0.05ppm以下）,邱O景/臺北市士林區中正路655巷3弄O號O樓
臺北市,187,2025-12-04,網購年菜,其他脫水或乾燥蔬果製品,巴西蘑菇,五全食品行,信義區,新北市板橋區居仁里光環路2段58號17樓,,,不符合規定,品質不符規定:檢出重金屬鎘：8 mg/kg（標準：2mg/kg以下）及殘留農藥殺菌劑-貝芬替（Carbendazim）：0.8 ppm（0.5 ppm以下）,五全食品行/新北市板橋區居仁里光環路2段58號17樓
臺北市,188,2025-12-04,網購年菜,其他脫水或乾燥蔬果製品,茶樹菇,德順辰記香菇行,信義區,高雄市三民區鳳北里004鄰三德西街37號,,,不符合規定,品質不符規定:檢出殘留農藥殺菌劑-芬普尼（Fipronil）：0.434 ppm、芬普尼代謝物（Fipronil-sulfone）：0.063（標準合併計算：0.002ppm以下）、殺蟲劑-賽洛寧（λ-Cyhalothrin）：0.12 ppm（標準：0.03 ppm以下）,德順辰記香菇行/高雄市三民區鳳北里004鄰三德西街37號
臺北市,192,2025-12-04,網購年菜,脫水或乾燥蔬菜,茶樹菇,台瑞格有限公司,信義區,基隆市中正區新豐里新豐街338號,,,不符合規定,品質不符規定:檢出殘留農藥殺蟲劑可尼丁（Clothianidin）：4.12ppm （標準：0.05ppm以下）,台瑞格有限公司/基隆市中正區新豐里新豐街338號
臺北市,194,2025-12-04,網購年菜,軟糖,金元寶軟糖,蓬萊寶島食品有限公司,信義區,臺中市后里區四月路13之2號,,,不符合規定,標示不符:檢出食用黃色四號及黃色五號惟外包裝成分未標示,蓬萊寶島食品有限公司/臺中市后里區四月路13之2號
臺北市,224,2025-12-03,年節食品,堅果加工品類,香瓜子（有效日期：2026.05.15）,勝隆南北雜貨行(勝隆行),大同區,臺北市大同區迪化街1段258號1樓,,,不符合規定,檢出甜味劑蔗糖素，惟外包裝成分未標示,勝隆南北雜貨行(勝隆行)/臺北市大同區迪化街1段258號1樓
臺北市,225,2025-12-03,年節食品,竹笙,竹笙（有效日期：20270324）,臺北嘉佩樂酒店,松山區,臺北市松山區敦化北路139號1樓,,,不符合規定,重金屬鎘4mg/kg（標準：2mg/kg以下）,臺北嘉佩樂酒店/臺北市松山區敦化北路139號1樓
臺北市,226,2025-12-03,網購年菜,冷凍冷藏水餃,高麗菜韭黃豬肉餃子,買多多國際股份有限公司,信義區,新北市新店區新坡一街81號17樓,,,不符合規定,標示不符:產品包裝未標示製造廠商或國內負責廠商地址,買多多國際股份有限公司/新北市新店區新坡一街81號17樓
臺北市,227,2025-12-02,年節食品,蝦類,開陽（蝦仁）,晶晶餐飲事業股份有限公司(晶櫻會館),松山區,臺北市松山區敦化北路207號地下一層,,,不符合規定,1.漂白劑二氧化硫0.17g/kg（標準：0.10g/kg以下） 2.產品外包裝成分未有中文標示,晶晶餐飲事業股份有限公司(晶櫻會館)/臺北市松山區敦化北路207號地下一層
臺北市,228,2025-12-02,年節食品,堅果加工品類,開心果(有效日期：20260406),大福慧素食食品商行,萬華區,臺北市萬華區西藏路293號1樓,,,不符合規定,檢出甜味劑「醋磺內酯鉀」，惟產品外包裝成分未標示,大福慧素食食品商行/臺北市萬華區西藏路293號1樓
臺北市,283,2025-12-01,網購年菜,其他冷凍調理食品,詩仙紹酒雞,小人國企業股份有限公司,信義區,桃園市龍潭區高園路891號,,,不符合規定,品質不符規定:檢出腸桿菌科：15 CFU/g（標準：10 CFU/mL以下）,小人國企業股份有限公司/桃園市龍潭區高園路891號
臺北市,286,2025-12-01,年節食品,水產及其加工品,烏魚子(有效日期：20260430),遠東都會股份有限公司復興店(citysuper復興店),大安區,臺北市大安區忠孝東路3段300號B3,,,不符合規定,檢出甜味劑「醋磺內酯鉀」，惟產品外包裝成分未標示,遠東都會股份有限公司復興店(citysuper復興店)/臺北市大安區忠孝東路3段300號B3
臺北市,287,2025-12-01,年節食品,蕈菜類,乾猴頭菇(有效日期：20270917),添從食品行,大同區,臺北市大同區歸綏街224號,,,不符合規定,生長調節劑Chlormequat克美素0.09ppm（標準：不得檢出）,添從食品行/臺北市大同區歸綏街224號
臺北市,288,2025-12-01,年節食品,水產及其加工品,開洋(蝦米)(有效日期：20290828),雅苑粵菜海鮮樓股份有限公司(雅苑粵菜港式茶飲),大安區,臺北市大安區光復南路202號2樓,,,不符合規定,漂白劑二氧化硫0.20g/kg（標準：0.10 g/kg以下）,雅苑粵菜海鮮樓股份有限公司(雅苑粵菜港式茶飲)/臺北市大安區光復南路202號2樓
臺北市,292,2025-11-27,年節食品,根莖菜類,青蔥,吉米蔬果商行,信義區,臺北市信義區中坡南路261號,,,不符合規定,殺菌劑Difenoconazole待克利2.1ppm（標準：1.0ppm以下） 殺菌劑Dimethomorph達滅芬3.5ppm（標準：2.5ppm以下） 殺蟲劑Profenophos佈飛松4.3ppm（標準：1.0ppm以下） 殺菌劑Pyraclostrobin百克敏5.8ppm（標準：2.0ppm以下） 殺菌劑Thifluzamide賽氟滅0.01ppm（標準：不得檢出）,吉米蔬果商行/臺北市信義區中坡南路261號
臺北市,293,2025-11-27,年節食品,木耳,白木耳,唯一指定,萬華區,臺北市萬華區環河南路2段245號環南市場雜貨區6號,,,不符合規定,生長調節劑Chlormequat克美素0.23ppm（標準：不得檢出） 殺蟲劑Acetamiprid亞滅培0.10ppm（標準：0.05ppm以下） 殺蟎劑Propargite毆蟎多0.05ppm（標準：不得檢出）,唯一指定/臺北市萬華區環河南路2段245號環南市場雜貨區6號
臺北市,339,2025-11-26,年節食品,根莖菜類,農產白蘿蔔,台北市農會蔬果舖子,大安區,臺北市大安區復興南路1段340巷旁空地,,,不符合規定,殺蟲劑Fipronil芬普尼0.001ppm及芬普尼代謝物（Fipronil-sulfone）0.002ppm（標準：0.001ppm以下）,台北市農會蔬果舖子/臺北市大安區復興南路1段340巷旁空地
臺北市,340,2025-11-26,年節食品,香辛植物類,紅花椒(大紅袍),正宗香傳千里,信義區,臺北市信義區吳興街168之1號前,,,不符合規定,殺蟲劑Acetamiprid亞滅培0.84ppm（標準：0.05ppm以下） 殺蟲劑Carbofuran加保扶0.30ppm（標準：不得檢出） 公告禁用農藥陶斯松（Chlorpyrifos）0.05ppm以下 殺蟲劑Clothianidin可尼丁0 .0 7 p p m （ 標準： 0 .0 3 p p m 以下） 殺菌劑Difenoconazole待克利0.08ppm（標準：0.05ppm以下） 殺蟲劑Imidacloprid益達胺0.07ppm（標準：0.05ppm以下） 殺菌劑Myclobutan,正宗香傳千里/臺北市信義區吳興街168之1號前
臺北市,341,2025-11-26,年節食品,水產及其加工品,開洋(蝦米干)(有效日期：20290828),上海鄉村股份有限公司天母別館(上海鄉村天母別館),士林區,臺北市士林區忠誠路2段55號5樓,,,不符合規定,漂白劑二氧化硫0.22g/kg（標準：0.10g/kg以下）,上海鄉村股份有限公司天母別館(上海鄉村天母別館)/臺北市士林區忠誠路2段55號5樓
臺北市,345,2025-11-25,年節食品,水產及其加工品,陳家烏魚子(厚切)）（製造日期：114/11/24）(成品),陳家烏魚子,松山區,臺北市松山區饒河街156號,,,不符合規定,1.甜味劑環己基（代）磺醯胺酸鹽0.13g/kg（標準：不得使用）、糖精0.03g/kg（標準：不得使用） 2.成分未完整標示,陳家烏魚子/臺北市松山區饒河街156號
臺北市,346,2025-11-25,年節食品,包葉菜類,刈菜,謝O壹蔬菜攤,中山區,臺北市中山區民族東路410巷2弄12號前,,,不符合規定,殺蟲劑Acetamiprid亞滅培2.8ppm（標準：2.0ppm以下） 殺菌劑Dimethomorph達滅芬3.1ppm（標準：2.5ppm以下） 殺菌劑Propamocarb hydrochloride普拔克10.9ppm（標準：5.0ppm以下）,謝O壹蔬菜攤/臺北市中山區民族東路410巷2弄12號前
臺北市,347,2025-11-25,年節食品,包葉菜類,長年菜,無市招菜攤,松山區,臺北市松山區南京東路5段291巷36號前,,,不符合規定,殺蟲劑Tebufenozide得芬諾0.25ppm（ 標準：0.01ppm以下）,無市招菜攤/臺北市松山區南京東路5段291巷36號前
臺北市,348,2025-11-25,年節食品,木耳,乾白木耳（有效日期：20280717）,裕泰商行,南港區,臺北市南港區福德街323號1樓,,,不符合規定,生長調節劑Chlormequat克美素0.16ppm（標準：不得檢出） 殺蟎劑Bifenazate必芬蟎0.09ppm（標準：不得檢出） 殺蟎劑Propargite毆蟎多0.13ppm（標準：不得檢出）,裕泰商行/臺北市南港區福德街323號1樓
臺北市,349,2025-11-25,年節食品,木耳,白木耳（有效日期：20280910）,無市招攤販,松山區,臺北市松山區南京東路5段291巷42號前,,,不符合規定,生長調節劑Chlormequat克美素0.20ppm（標準：不得檢出） 殺蟲劑Methomyl納乃得0.59ppm（標準：不得檢出）,無市招攤販/臺北市松山區南京東路5段291巷42號前
臺北市,390,2025-11-24,肉加工品攙偽假冒鑑別,豬肉,芋香貢丸,石二鍋臺北安居店,大安區,臺北市大安區安居街50號,,,不符合規定,產品標示為豬肉，檢出雞成份陽性，不符合規定,石二鍋臺北安居店/臺北市大安區安居街50號
臺北市,391,2025-11-24,年節食品,木耳,白木耳(有效日期：20260815),花旗坊有限公司,大同區,臺北市大同區迪化街1段70號,,,不符合規定,生長調節劑Chlormequat克美素0.19ppm（標準：不得檢出） 殺蟎劑Propargite毆蟎多0.20ppm（標準：不得檢出） 殺蟲劑Imidacloprid益達胺0.30ppm（標準：0.05ppm以下） 公告禁用農藥Chlorpyrifos陶斯松0.15ppm,花旗坊有限公司/臺北市大同區迪化街1段70號
臺北市,398,2025-11-20,肉加工品攙偽假冒鑑別,牛肉,特製牛肉片,大埔美食餐坊(市招:大翔鐵板燒),中山區,臺北市中山區長安東路2段178之3號,,,不符合規定,產品標示為牛肉，檢出豬成份陽性，不符合規定,大埔美食餐坊(市招:大翔鐵板燒)/臺北市中山區長安東路2段178之3號
臺北市,420,2025-11-12,生鮮水產品,甲殼類,三點蟹,鼎鼎大飯店股份有限公司(市招：遠東咖啡自助餐廳),大安區,臺北市大安區敦化南路2段201號6樓,,,不符合規定,鎘：1.1mg/kg(標準：0.5mg/kg) 組織胺：3mg/kg(未有限量標準),鼎鼎大飯店股份有限公司(市招：遠東咖啡自助餐廳)/臺北市大安區敦化南路2段201號6樓
臺北市,421,2025-11-06,生鮮水產品,養殖魚類,黃魚,無市招魚攤,士林區,臺北市士林區基河路101號地101攤,,,不符合規定,"還原型結晶紫(leucocrystal violet, LCV)：1.7ppb（標準：不得檢出）",無市招魚攤/臺北市士林區基河路101號地101攤
臺北市,448,2025-11-05,蔬果,小葉菜類,菠菜,南京公寓市場無市招攤販,松山區,臺北市松山區南京東路5段291巷口,,,不符合規定,殺蟲劑芬普尼代謝物（Fipronil-sulfone）0.002ppm（標準：0.001ppm以下）,南京公寓市場無市招攤販/臺北市松山區南京東路5段291巷口
臺北市,456,2025-11-05,蔬果,小葉菜類,青蔥,三軍總醫院營養部,內湖區,臺北市內湖區成功路2段325號B1,,,不符合規定,殺蟲劑Methoxyfenozide滅芬諾0.35ppm（標準：0.01ppm以下）;殺菌劑Thifluzamide賽氟滅0.06ppm（標準：不得檢出）,三軍總醫院營養部/臺北市內湖區成功路2段325號B1
臺北市,458,2025-11-05,生鮮水產品,甲殼類,冷凍旭蟹,饗賓餐旅事業股份有限公司(市招:旭集天母店),士林區,臺北市士林區忠誠路2段55號5樓,,,不符合規定,鎘：0.8mg/kg(標準：0.5mg/kg) 甲基汞：0.05mg/kg(標準：0.5mg/kg),饗賓餐旅事業股份有限公司(市招:旭集天母店)/臺北市士林區忠誠路2段55號5樓
臺北市,476,2025-11-04,生鮮水產品,養殖魚類,黃魚,徐活魚海鮮(成德市場111號攤位),南港區,臺北市南港區同德路100號,,,不符合規定,"還原型結晶紫(leucocrystal violet, LCV)：1.2ppb（標準：不得檢出）",徐活魚海鮮(成德市場111號攤位)/臺北市南港區同德路100號
臺北市,477,2025-11-04,生鮮水產品,甲殼類,旭蟹,七海餐飲事業股份有限公司,內湖區,臺北市內湖區成功路4段166號2樓,,,不符合規定,鎘：1.5mg/kg(標準：0.5mg/kg) 甲基汞：0.04mg/kg(標準：0.5mg/kg) 組織胺：5mg/kg(未有限量標準),七海餐飲事業股份有限公司/臺北市內湖區成功路4段166號2樓
臺北市,487,2025-11-04,蔬果,果菜類,彩色甜椒,臺北市第二果菜批發市場19-09攤,中山區,臺北市中山區民族東路336號1樓,,,不符合規定,殺蟲劑Dinotefuran達特南0.7ppm（標準：0.5ppm以下;殺菌劑Propamocarb hydrochloride普拔克2.1ppm（標準：2.0ppm以下）,臺北市第二果菜批發市場19-09攤/臺北市中山區民族東路336號1樓
臺北市,500,2025-11-04,蔬果,小葉菜類,格蘭芽(細),同學の店,信義區,臺北市信義區仁愛路4段496巷19號,,,不符合規定,殺蟲劑Cyhalothrin賽洛寧1.3ppm （標準：1.0ppm以下）,同學の店/臺北市信義區仁愛路4段496巷19號
臺北市,501,2025-11-04,蔬果,小葉菜類,格蘭芽(粗),同學の店,信義區,臺北市信義區仁愛路4段496巷19號,,,不符合規定,殺菌劑Mepronil滅普寧0.07ppm（標準：0.01ppm以下）,同學の店/臺北市信義區仁愛路4段496巷19號
臺北市,524,2025-10-31,醃製及脫水蔬果(含蜜餞),蜜餞食品,野生金桔(2026.2.21),家福股份有限公司臺北天母分公司(家樂福),士林區,臺北市士林區德行西路47號,,,不符合規定,外包裝成分有標示甜味劑「紐甜」，惟未檢出,家福股份有限公司臺北天母分公司(家樂福)/臺北市士林區德行西路47號
臺北市,525,2025-10-31,醃製及脫水蔬果(含蜜餞),蜜餞食品,紫蘇梅(2026.7.21),家樂福超市_北投光明店(統康生活事業股份有限公司北投分公司),北投區,臺北市北投區光明路220號1F及溫泉路65巷16號B1,,,不符合規定,外包裝成分有標示甜味劑「阿斯巴甜」，惟未檢出,家樂福超市_北投光明店(統康生活事業股份有限公司北投分公司)/臺北市北投區光明路220號1F及溫泉路65巷16號B1
臺北市,537,2025-10-31,醃製及脫水蔬果(含蜜餞),醃漬蔬菜類,小朴菜,東杰商行,士林區,臺北市士林區社中街33巷4號,,,不符合規定,苯甲酸1.06g/kg (標準:0.6g/kg以下),東杰商行/臺北市士林區社中街33巷4號
臺北市,577,2025-10-29,醃製及脫水蔬果(含蜜餞),醃漬蔬菜類,酸菜,木新市場-廖辰宇(92號攤),文山區,臺北市文山區木新路3段310巷4號(92號攤),,,不符合規定,二氧化硫0.734g/kg (標準:0.03g/kg以下),木新市場-廖辰宇(92號攤)/臺北市文山區木新路3段310巷4號(92號攤)
臺北市,578,2025-10-29,醃製及脫水蔬果(含蜜餞),醃漬蔬菜類,酸菜(2026.6.30),環南市場蔬菜區-清心酸菜豬、鴨血專賣(58號攤),萬華區,臺北市萬華區環河南路2段245號,,,不符合規定,二氧化硫0.257g/kg (標準:0.03g/kg以下),環南市場蔬菜區-清心酸菜豬、鴨血專賣(58號攤)/臺北市萬華區環河南路2段245號
臺北市,579,2025-10-28,醃製及脫水蔬果(含蜜餞),脫水食品,化核李(2026.5.2),全聯實業股份有限公司大同延平北分公司,大同區,臺北市大同區大有里延平北路2段202號地下1樓,,,不符合規定,外包裝成分有標示甜味劑「醋磺內酯鉀」、「甜菊醣苷」，惟未檢出,全聯實業股份有限公司大同延平北分公司/臺北市大同區大有里延平北路2段202號地下1樓
臺北市,605,2025-10-27,醃製及脫水蔬果(含蜜餞),蜜餞食品,日式梅肉(2026.9.17),全聯福利中心臺北東門店,大安區,臺北市大安區金山南路2段12號地下1樓,,,不符合規定,外包裝成分有標示甜味劑「阿斯巴甜」，惟未檢出,全聯福利中心臺北東門店/臺北市大安區金山南路2段12號地下1樓
臺北市,618,2025-10-27,醃製及脫水蔬果(含蜜餞),醃漬蔬菜類,蕾心菜,好想摸魚 莊敬店(粉好饌副標粉餃舍),信義區,臺北市信義區莊敬路334號1樓,,,不符合規定,二氧化硫0.064g/kg (標準:0.03g/kg以下),好想摸魚 莊敬店(粉好饌副標粉餃舍)/臺北市信義區莊敬路334號1樓
臺北市,619,2025-10-27,醃製及脫水蔬果(含蜜餞),醃漬蔬菜類,酸白菜,好想摸魚 莊敬店(粉好饌副標粉餃舍),信義區,臺北市信義區莊敬路334號1樓,,,不符合規定,二氧化硫0.103g/kg (標準:0.03g/kg以下),好想摸魚 莊敬店(粉好饌副標粉餃舍)/臺北市信義區莊敬路334號1樓
臺北市,620,2025-10-27,醃製及脫水蔬果(含蜜餞),醃漬蔬菜類,泡菜,Miso微笑韓國料理(慶州商行),大安區,臺北市大安區金山南路2段6號1樓,,,不符合規定,糖精0.02g/kg (標準:不得檢出),Miso微笑韓國料理(慶州商行)/臺北市大安區金山南路2段6號1樓
臺北市,647,2025-10-21,夜市即食食品,冰品,花豆花生綿綿冰(不含配料),阿忠冰店,士林區,士林區基河路101號地下1樓,,,不符合規定,腸桿菌科:40 CFU/mL(標準:<10 CFU/mL),阿忠冰店/士林區基河路101號地下1樓
臺北市,661,2025-10-17,市售食品反式脂肪酸含量,抹醬,日久沙拉醬,芊妤漢堡店,中正區,臺北市中正區汀州路2段85-5號,,,不符合規定,營養標示反式脂肪含量為「0.2公克/每100公克」，惟檢出每100公克反式脂肪酸含量0.64公克，依據「包裝食品營養標示應遵行事項」，反式脂肪含量標示值誤差允許範圍為「小於或等於標示值之120%」（經換算為0.24公克/每100公克），案內產品應依實際數值標示。,芊妤漢堡店/臺北市中正區汀州路2段85-5號
臺北市,674,2025-10-15,市售食品反式脂肪酸含量,抹醬,〔瑞米亞〕美乃滋,COFFEE LOVERs PLANET_SOGO臺北敦化館,大安區,臺北市大安區敦化南路一段246號B1樓,,,不符合規定,營養標示反式脂肪含量為「每份：0公克/每100公克：0公克」，惟檢出每100公克反式脂肪酸含量0.31公克，依據「包裝食品營養標示應遵行事項」，每100公克固體（半固體）反式脂肪酸含量不超過0.3公克得標示為0，案內產品應依實際數值標示。,COFFEE LOVERs PLANET_SOGO臺北敦化館/臺北市大安區敦化南路一段246號B1樓
臺北市,676,2025-10-14,市售食品反式脂肪酸含量,抹醬,凱撒沙拉醬,嘉穗創意食品股份有限公司北投分公司(市招:Reeds Coffee & Bakery),北投區,臺北市北投區磺港路4號,,,不符合規定,營養標示反式脂肪含量為「每份：0公克/每100公克：0公克」，惟檢出每100公克反式脂肪酸含量0.42公克，依據「包裝食品營養標示應遵行事項」，每100公克固體（半固體）反式脂肪酸含量不超過0.3公克得標示為0，案內產品應依實際數值標示。,嘉穗創意食品股份有限公司北投分公司(市招:Reeds Coffee & Bakery)/臺北市北投區磺港路4號
臺北市,681,2025-10-13,市售食品反式脂肪酸含量,抹醬,Hellmanns凱薩沙拉醬,全聯實業股份有限公司內湖金龍分公司,內湖區,臺北市內湖區金龍路215號1樓,,,不符合規定,營養標示反式脂肪含量為「每份：0公克/每100公克：0公克」，惟檢出每100公克反式脂肪酸含量0.41公克，依據「包裝食品營養標示應遵行事項」，每100公克固體（半固體）反式脂肪酸含量不超過0.3公克得標示為0，案內產品應依實際數值標示。,全聯實業股份有限公司內湖金龍分公司/臺北市內湖區金龍路215號1樓
臺北市,686,2025-10-09,蔬果,小葉菜類,青江菜,錢都日式涮涮鍋市民大道店,大安區,臺北市大安區市民大道4段196號,,,不符合規定,殺蟲劑Fipronil芬普尼0.067ppm、芬普尼代謝物（Fipronil-sulfone）0.037ppm（標準：0.001ppm以下） 殺蟲劑Pyriproxyfen百利普芬0.30ppm（標準：0.01ppm以下）,錢都日式涮涮鍋市民大道店/臺北市大安區市民大道4段196號
臺北市,687,2025-10-09,蔬果,根莖菜類,白蘿蔔,錢都日式涮涮鍋市民大道店,大安區,臺北市大安區市民大道4段196號,,,不符合規定,殺蟲劑Thiamethoxam賽速安0.65ppm（標準：0.25ppm以下）,錢都日式涮涮鍋市民大道店/臺北市大安區市民大道4段196號
臺北市,696,2025-10-07,火鍋料,鮮果蔬菜類及其加工品,香菜,鼎楓餐飲有限公司(鼎楓寶島火鍋),信義區,臺北市信義區松壽路12號5樓,,,不符合規定,1.撲滅松(Fenitrothion)：0.16ppm(標準：0.01ppm以下) 2.亞賜圃(Isoprothiolane)：0.11ppm(標準：0.01ppm以下) 3.理有龍(Linuron)：0.03ppm(標準：不得檢出) 4.賓克隆(Pencycuron)：0.27ppm(標準：0.01ppm以下),鼎楓餐飲有限公司(鼎楓寶島火鍋)/臺北市信義區松壽路12號5樓
臺北市,697,2025-10-07,火鍋料,鮮果蔬菜類及其加工品,青江菜,昕殿有限公司(辛殿麻辣鍋),信義區,臺北市信義區松壽路28號1樓,,,不符合規定,芬普尼(Fipronil)：0.001ppm、芬普尼代謝物(Fipronil-sulfone)：0.002ppm，共計檢出0.003ppm(標準：0.001ppm以下),昕殿有限公司(辛殿麻辣鍋)/臺北市信義區松壽路28號1樓
臺北市,708,2025-10-03,火鍋料,豆腐,豆腐,富樂台式有限公司(富樂台式涮涮鍋),士林區,臺北市士林區承德路4段71號,,,不符合規定,苯甲酸：0.24 g/kg(標準：不得檢出),富樂台式有限公司(富樂台式涮涮鍋)/臺北市士林區承德路4段71號
臺北市,709,2025-10-03,火鍋料,花生,花生,井上小吃店,士林區,臺北市士林區天母西路41巷12號1樓,,,不符合規定,1.黃麴毒素B1：4.1μg/kg（標準：2μg/kg以下） 2.總黃麴毒素B1+B2+G1+G2：4.7μg/kg（標準：4μg/kg以下）,井上小吃店/臺北市士林區天母西路41巷12號1樓
臺北市,732,2025-10-02,火鍋料,鮮果蔬菜類及其加工品,青江菜,展鴻小吃店(鍋爸鴛鴦鍋西門店),萬華區,臺北市萬華區成都路67號地下之1,,,不符合規定,脫芬瑞(Tolfenpyrad)：1.1ppm(標準：0.5ppm以下),展鴻小吃店(鍋爸鴛鴦鍋西門店)/臺北市萬華區成都路67號地下之1
臺北市,733,2025-10-02,火鍋料,花生粉,花生粉,雅香西門有限公司(雅香自助火鍋城),萬華區,臺北市萬華區成都路159號1樓,,,不符合規定,1.黃麴毒素B1：4.2μg/kg（標準：2μg/kg以下） 2.總黃麴毒素B1+B2+G1+G2：4.9μg/kg（標準：4μg/kg以下）,雅香西門有限公司(雅香自助火鍋城)/臺北市萬華區成都路159號1樓
臺北市,736,2025-10-02,蔬果,包葉菜類,花椰菜,林O華,中山區,臺北市中山區錦州街222號松江市場B-3攤,,,不符合規定,殺蟲劑Emamectin benzoate因滅汀0.10ppm（標準：0.05ppm以下）,林O華/臺北市中山區錦州街222號松江市場B-3攤
臺北市,737,2025-10-02,蔬果,小葉菜類,蚵白菜,東和蔬果行,內湖區,臺北市內湖區五分街16號1樓,,,不符合規定,殺蟲劑Fipronil芬普尼0.021ppm、芬普尼代謝物（Fipronil-sulfone）0.020ppm（標準：0.001ppm以下） 殺菌劑Propiconazole普克利0.10ppm（標準：0.01ppm以下）,東和蔬果行/臺北市內湖區五分街16號1樓
臺北市,738,2025-10-02,蔬果,小葉菜類,西芹,林O華,中山區,臺北市中山區錦州街222號松江市場B-3攤,,,不符合規定,殺菌劑Difenoconazole待克利0.14ppm（標準：0.01ppm以下）,林O華/臺北市中山區錦州街222號松江市場B-3攤
臺北市,739,2025-10-02,蔬果,小葉菜類,地瓜葉,松江市場34號攤,中山區,臺北市中山區錦州街222號,,,不符合規定,殺蟲劑Indoxacarb因得克0.04ppm（標準：0.01ppm以下）,松江市場34號攤/臺北市中山區錦州街222號
臺北市,873,2025-09-24,觀光景點餐飲場所,飲料,麥茶,全盛軒股份有限公司迪化店(赤羽拉麵),大同區,臺北市大同區迪化街1段96號1樓後棟,,,不符合規定,腸桿菌科：3.4×10^4CFU/mL(標準：10CFU/mL),全盛軒股份有限公司迪化店(赤羽拉麵)/臺北市大同區迪化街1段96號1樓後棟
臺北市,874,2025-09-24,觀光景點餐飲場所,冰塊,食用冰塊,第五頻道小吃店(花嘴廚房),萬華區,臺北市萬華區昆明街214之1號,,,不符合規定,腸桿菌科：1.9×10^3CFU/mL(標準：10CFU/mL),第五頻道小吃店(花嘴廚房)/臺北市萬華區昆明街214之1號
臺北市,917,2025-09-17,觀光景點餐飲場所,飲料,日式無糖綠茶,東京牛角股份有限公司大葉高島屋店(しゃぶしゃぶ溫野菜),士林區,臺北市士林區忠誠路2段55號12樓,,,不符合規定,腸桿菌科：2.1×10^4 CFU/mL（標準：10 CFU/mL以下）,東京牛角股份有限公司大葉高島屋店(しゃぶしゃぶ溫野菜)/臺北市士林區忠誠路2段55號12樓
臺北市,918,2025-09-17,觀光景點餐飲場所,飲料,泰式奶茶,泰皇小館(泰皇99泰國雲南料理),萬華區,臺北市萬華區成都路54之2號,,,不符合規定,腸桿菌科：65CFU/mL(標準：10CFU/mL),泰皇小館(泰皇99泰國雲南料理)/臺北市萬華區成都路54之2號
臺北市,995,2025-09-04,蔬果,香辛植物及其他草木本植物,香菜(芫荽),翡宴餐廳有限公司天母分公司(翡宴印度餐廳),士林區,臺北市士林區天母東路50巷22之1號,,,不符合規定,殺菌劑Procymidone撲滅寧0.03ppm（標準：0.01ppm以下）,翡宴餐廳有限公司天母分公司(翡宴印度餐廳)/臺北市士林區天母東路50巷22之1號
臺北市,996,2025-09-04,蔬果,小葉菜類,九層塔(羅勒),天寶小吃店(全國健康素食),士林區,臺北市士林區天母西路32號1樓,,,不符合規定,殺草劑Ametryn草殺淨0.02ppm（標準：不得檢出） 殺蟲劑Fipronil芬普尼0.004ppm（標準：0.001ppm以下）,天寶小吃店(全國健康素食)/臺北市士林區天母西路32號1樓
臺北市,997,2025-09-04,蔬果,包葉菜類,花椰菜,無市招菜攤,信義區,臺北市信義區虎林街122號,,,不符合規定,殺蟲劑Dinotefuran達特南14.6ppm（標準：2.0ppm以下） 殺蟲劑Flonicamid氟尼胺1.79ppm（標準：0.01ppm以下）,無市招菜攤/臺北市信義區虎林街122號
臺北市,1011,2025-09-03,蔬果,香辛植物及其他草木本植物,香菜(芫荽),七海餐飲事業股份有限公司(七海),內湖區,臺北市內湖區成功路4段166號2樓,,,不符合規定,公告禁用農藥陶斯松Chlorpyrifos0.03ppm 殺菌劑Dimethomorph達滅芬0.02ppm（標準：0.01ppm以下） 殺菌劑Diniconazole達克利0.03ppm（標準：不得檢出） 殺菌劑Fluopicolide氟比來0.03ppm（標準：0.01ppm以下） 殺菌劑Flusilazole護矽得5.30ppm（標準：不得檢出） 殺線蟲劑Fosthiazate福賽絕0.02ppm（標準：不得檢出） 殺蟲劑Lufenuron祿芬隆0.02ppm（標準：0.01ppm以下） 生長調節劑,七海餐飲事業股份有限公司(七海)/臺北市內湖區成功路4段166號2樓
臺北市,1012,2025-09-03,蔬果,小葉菜類,南部蔥(青蔥),七海餐飲事業股份有限公司(七海),內湖區,臺北市內湖區成功路4段166號2樓,,,不符合規定,殺菌劑Carbendazim貝芬替2.6ppm（標準：1.0ppm以下） 殺蟲劑Chlorfenapyr克凡派2.7ppm（標準：1.0ppm以下） 殺菌劑Pencycuron賓克隆4.2ppm（標準：2.5ppm以下） 殺菌劑Thifluzamide賽氟滅0.03ppm（標準：不得檢出）,七海餐飲事業股份有限公司(七海)/臺北市內湖區成功路4段166號2樓
臺北市,1013,2025-09-03,蔬果,小葉菜類,青蔥,胡O傑,中山區,臺北市中山區民族東路336號第二果菜批發市場19-13攤,,,不符合規定,殺菌劑Difenoconazole待克利1.5ppm（標準：1.0ppm以下） 殺線蟲劑Fenamiphos芬滅松0.03ppm （標準： 0.01ppm以下） 殺蟲劑Profenophos佈飛松1.2ppm（標準：1.0ppm以下） 殺菌劑Propiconazole普克利0.4ppm（標準：0.1ppm以下）,胡O傑/臺北市中山區民族東路336號第二果菜批發市場19-13攤
臺北市,1014,2025-09-03,蔬果,果菜類,彩色甜椒,大田蔬果行,內湖區,臺北市內湖區康寧路1段67號,,,不符合規定,殺蟲劑Chlorfenapyr克凡派0.7ppm（標準：0.5ppm以下） 殺蟲劑Profenophos 佈飛松2.2ppm（標準：1.0ppm以下）,大田蔬果行/臺北市內湖區康寧路1段67號
臺北市,1015,2025-09-03,蔬果,大漿果類,網室栽培特選台農二號紅肉木瓜,福力豪有限公司(福運生鮮),內湖區,臺北市內湖區康寧路1段40號,,,不符合規定,殺蟎劑Fenbutatinoxide芬佈賜0.02ppm（標準：不得檢出）,福力豪有限公司(福運生鮮)/臺北市內湖區康寧路1段40號
臺北市,1016,2025-09-03,蔬果,小葉菜類,芹菜,張O淳,中山區,臺北市中山區民族東路336號第二果菜批發市場第23-13號攤,,,不符合規定,殺菌劑Difenoconazole待克利0.10ppm（標準：0.01ppm以下）,張O淳/臺北市中山區民族東路336號第二果菜批發市場第23-13號攤
臺北市,1017,2025-09-03,蔬果,大漿果類,埔里百香果,無市招水果攤,士林區,臺北市士林區大東路15之13號前,,,不符合規定,殺蟲劑Triazophos三落松1.6ppm（標準：0.5ppm以下）,無市招水果攤/臺北市士林區大東路15之13號前
臺北市,1018,2025-09-03,蔬果,梨果類,紅柿,福力豪有限公司(福運生鮮),內湖區,臺北市內湖區康寧路1段40號,,,不符合規定,殺蟲劑Methomyl納乃得0.6ppm（標準：0.5ppm以下）,福力豪有限公司(福運生鮮)/臺北市內湖區康寧路1段40號
臺北市,1044,2025-09-03,生鮮禽畜肉品；雞蛋、蛋加工品,雞內臟,雞肝,安居市場雞肉攤,大安區,臺北市大安區安居街9巷(安居市場113號攤販),,,不符合規定,羅苯嘧啶(Robenidine hydrochloride)：0.2 ppm(標準：0.1 ppm以下),安居市場雞肉攤/臺北市大安區安居街9巷(安居市場113號攤販)
臺北市,1091,2025-08-26,可供食品使用中藥材,山楂,山楂(仙楂片)(有效日期:2029/5/2),旭明藥行,信義區,臺北市信義區永吉路30巷24號,,,不符合規定,陶斯松(Chlorpyrifos) 0.09ppm（公告禁用農藥）、得克利(Tebuconazole) 0.11 ppm（標準：0.05ppm以下），不符「農藥殘留容許量標準」。,旭明藥行/臺北市信義區永吉路30巷24號
臺北市,1143,2025-08-25,可供食品使用中藥材,百合,無磺龍牙百合(有效日期:2027/12/2),保元蔘藥行,文山區,臺北市文山區木柵路3段97號1樓,,,不符合規定,五氯硝苯(Quintozene (PCNB)) 0.04ppm（公告禁用農藥）、賽洛寧(λ-Cyhalothrin)0.06 ppm（標準：0.04 ppm以下），不符「農藥殘留容許量標準」。,保元蔘藥行/臺北市文山區木柵路3段97號1樓
臺北市,1247,2025-08-05,蔬果,小葉菜類,九層塔(羅勒),霸王川菜餐廳股份有限公司(海霸王長安店),大同區,臺北市大同區長安西路287號1至2樓,,,不符合規定,殺蟲劑Cyromazine賽滅淨3.1ppm（標準：1.0ppm以下） 殺草劑Ametryn草殺淨0.01ppm（標準：不得檢出）,霸王川菜餐廳股份有限公司(海霸王長安店)/臺北市大同區長安西路287號1至2樓
臺北市,1248,2025-08-05,蔬果,根莖菜類,菜頭(白蘿蔔),霸王川菜餐廳股份有限公司(海霸王長安店),大同區,臺北市大同區長安西路287號1至2樓,,,不符合規定,殺蟲劑Clothianidin可尼丁0.03ppm（標準：0.02ppm以下） 殺蟲劑Thiamethoxam賽速安1.16ppm（標準：0.25ppm以下）,霸王川菜餐廳股份有限公司(海霸王長安店)/臺北市大同區長安西路287號1至2樓
臺北市,1249,2025-08-05,蔬果,小葉菜類,青蔥,環南市場蔬菜攤0275,萬華區,臺北市萬華區環河南路2段245號,,,不符合規定,殺菌劑Pyribencarb派本克0.02ppm（標準：不得檢出）,環南市場蔬菜攤0275/臺北市萬華區環河南路2段245號
臺北市,1250,2025-08-05,蔬果,根莖菜類,新鮮白夢卜(白蘿蔔),順豐蔬果行,北投區,臺北市北投區清江路22號,,,不符合規定,殺蟲劑Clothianidin 可尼丁0.20ppm（標準：0.02ppm以下）,順豐蔬果行/臺北市北投區清江路22號
臺北市,1251,2025-08-05,蔬果,豆菜類,菜豆(豇豆),環南市場蔬菜攤0155,萬華區,臺北市萬華區環河南路2段245號,,,不符合規定,殺蟲劑Tolfenpyrad脫芬瑞0.05ppm（標準：0.01 ppm以下）,環南市場蔬菜攤0155/臺北市萬華區環河南路2段245號
臺北市,1252,2025-08-05,蔬果,根莖菜類,嚴選白蘿蔔,優食好物台灣股份有限公司(優市大安店),大安區,臺北市大安區安和路2段32巷23號1樓,,,不符合規定,殺蟲劑Thiamethoxam賽速安0.63ppm（標準：0.25ppm以下）,優食好物台灣股份有限公司(優市大安店)/臺北市大安區安和路2段32巷23號1樓
臺北市,1253,2025-08-05,蔬果,果菜類,辣椒,馬來亞餐廳有限公司,大同區,臺北市大同區長安西路287之2號1樓,,,不符合規定,殺菌劑Prochloraz撲克拉0.02ppm（標準：0.01ppm以下）,馬來亞餐廳有限公司/臺北市大同區長安西路287之2號1樓
臺北市,1306,2025-08-01,中秋食品、烤肉食品、烤肉用容器具,生鮮水產,產銷履歷白蝦仁,家福股份有限公司台北天母分公司熟食區,士林區,台北市士林區德行西路47號,,,不符合規定,西氟沙星0.03ppm(標準:不得檢出),家福股份有限公司台北天母分公司熟食區/台北市士林區德行西路47號
臺北市,1320,2025-07-31,散裝飲冰品及配料,飲料,蘆薈汁(不含配料),溢生蔘藥行(市招：溢生中藥青草行),萬華區,臺北市萬華區廣州街177號,,,不符合規定,沙門氏桿菌：陰性 腸桿菌科：1.6x10^3 CFU/mL (標準：10 CFU/mL),溢生蔘藥行(市招：溢生中藥青草行)/臺北市萬華區廣州街177號
臺北市,1321,2025-07-31,散裝飲冰品及配料,飲料,蘆薈汁(不含配料),弘順中藥行(市招：弘順青草店),萬華區,臺北市萬華區廣州街185號,,,不符合規定,沙門氏桿菌：陰性 腸桿菌科：7.8x10^2 CFU/mL (標準：10 CFU/mL),弘順中藥行(市招：弘順青草店)/臺北市萬華區廣州街185號
臺北市,1466,2025-07-11,食品容器具,食品容器具,餐盒（ZY-20-C012底黑）,家福股份有限公司(樂福食堂),內湖區,臺北市內湖區民善街88號,,,不符合規定,標示不符合規定:外箱耐熱溫度標示（-10~120℃）與本體（0-110℃）不相同,家福股份有限公司(樂福食堂)/臺北市內湖區民善街88號
臺北市,1517,2025-07-10,食品容器具,食品容器具,礦岩鑄造不沾雪平鍋(無毒),特力屋股份有限公司和樂士林分公司(HOLA特力和樂),士林區,臺北市士林區基河路258號B1,,,不符合規定,標示不符合規定:1.未明確指稱材質之中文名稱或通用符號（不沾塗層）2.未標示耐熱溫度,特力屋股份有限公司和樂士林分公司(HOLA特力和樂)/臺北市士林區基河路258號B1
臺北市,1545,2025-07-09,蔬果,大漿果類,帆船越南干堯榴槤(A4),長鑫水果行,中山區,臺北市中山區民族東路336號,,,不符合規定,殺菌劑Prochloraz撲克拉0.03ppm（標準：0.01ppm以下） 殺菌劑Procymidone撲滅寧0.08ppm（標準：0.01ppm以下）,長鑫水果行/臺北市中山區民族東路336號
臺北市,1570,2025-07-08,生鮮禽畜肉品；雞蛋、蛋加工品,雞內臟,雞肝,無市招家禽肉攤,內湖區,臺北市內湖區五分街18號,,,不符合規定,脫氧羥四環黴素(Doxycycline)：3.6 ppm (標準：0.3 ppm以下),無市招家禽肉攤/臺北市內湖區五分街18號
臺北市,1579,2025-07-07,食品容器具,食品容器具,新版櫻花日式餐盒,大戶屋大安店,大安區,臺北市大安區復興南路1段323號B1,,,不符合規定,標示不符合規定:1.國內負責廠商地址不齊全,大戶屋大安店/臺北市大安區復興南路1段323號B1
臺北市,1594,2025-07-04,蔬果,小葉菜類,香才（芫荽）,璞園餐飲事業有限公司(台南海鮮會館),士林區,臺北市士林區基河路130號地下一層,,,不符合規定,殺草劑Atrazine草脫淨0.07ppm（標準：不得檢出）,璞園餐飲事業有限公司(台南海鮮會館)/臺北市士林區基河路130號地下一層
臺北市,1595,2025-07-04,蔬果,小葉菜類,九層塔(羅勒),豪光回田實業有限公司(回田蔬苑),士林區,臺北市士林區中正路357號1樓,,,不符合規定,殺草劑Ametryn草殺淨0.01ppm（標準：不得檢出）,豪光回田實業有限公司(回田蔬苑)/臺北市士林區中正路357號1樓
臺北市,1602,2025-07-04,蔬果,小葉菜類,九層塔(羅勒),美麗網室有機蔬菜,士林區,高冷蔬菜士東專賣店/臺北市士林區士東路100號士東市場第108及109號攤,,,不符合規定,殺蟲劑Cyromazine賽滅淨1.7ppm （標準：1.0ppm以下） 殺蟲劑Chlorfenapyr克凡派3.9ppm（標準：1.0ppm以下） 殺蟲劑Deltamethrin第滅寧0.4ppm（標準：0.2ppm以下） 殺菌劑Fluopicolide氟比來3.4ppm （標準：3.0ppm以下） 殺菌劑Procymidone撲滅寧9.4ppm（ 標準： 5.0ppm以下） 殺菌劑Propamocarb hydrochloride普拔克11.2ppm（標準：10.0ppm以下）,美麗網室有機蔬菜/高冷蔬菜士東專賣店/臺北市士林區士東路100號士東市場第108及109號攤
臺北市,1603,2025-07-04,蔬果,豆菜類,豇豆,草山新鮮蔬菜,士林區,臺北市士林區士東路100號士東市場第112號攤,,,不符合規定,殺蟲劑3-羥基加保扶（ 3-OH Carbofuran）0.01ppm（標準：不得檢出）,草山新鮮蔬菜/臺北市士林區士東路100號士東市場第112號攤
臺北市,1604,2025-07-04,蔬果,大漿果類,特選榴槤,重慶水果行,萬華區,臺北市萬華區萬大路533號地號0726,,,不符合規定,殺菌劑Procymidone撲滅寧0.04ppm（標準：0.01ppm以下）,重慶水果行/臺北市萬華區萬大路533號地號0726
臺北市,1605,2025-07-03,蔬果,核果類,荔枝(玉荷包),粘O福,中山區,臺北市中山區民族東路410巷20號前,,,不符合規定,殺菌劑Pyraclostrobin百克敏0.8ppm（標準：0.5ppm以下 ）,粘O福/臺北市中山區民族東路410巷20號前
臺北市,1606,2025-07-03,蔬果,小葉菜類,九層塔(羅勒),張O蓮,中山區,臺北市中山區民族東路410巷2弄20號前,,,不符合規定,殺草劑Ametryn草殺淨0.01ppm（標準：不得檢出） 殺蟲劑Chlorfenapyr克凡派2.2 ppm（標準：1.0ppm 以下） 殺菌劑Dimethomorph達滅芬3.9ppm（標準：2.5ppm以下）,張O蓮/臺北市中山區民族東路410巷2弄20號前
臺北市,1616,2025-07-03,蔬果,香辛植物及其他草木本植物,香菜(芫荽),阿芳蔬果攤,信義區,臺北市信義區永吉路278巷1弄30號/永吉市場C01,,,不符合規定,殺草劑Oxadiazon樂滅草0.02ppm （ 標準： 0.01ppm 以下） 殺菌劑Propamocarb hydrochloride普拔克0.03ppm（標準：0.01ppm以下）,阿芳蔬果攤/臺北市信義區永吉路278巷1弄30號/永吉市場C01
臺北市,1630,2025-07-02,蔬果,小葉菜類,九層塔(羅勒),阿生辛香料,萬華區,臺北市萬華區環河南路2段245號環南市場蔬菜區259.260號攤,,,不符合規定,殺菌劑Difenoconazole待克利0.02ppm（標準：0.01ppm以下） 殺蟲劑Indoxacarb因得克0.03ppm（標準：0.01ppm以下）,阿生辛香料/臺北市萬華區環河南路2段245號環南市場蔬菜區259.260號攤
臺北市,1645,2025-07-02,蔬果,小葉菜類,九層塔(羅勒),22號蔬果園,萬華區,臺北市萬華區西藏路125巷22號1樓,,,不符合規定,殺菌劑Pyraclostrobin百克敏0.02ppm（標準：0.01 ppm以下）,22號蔬果園/臺北市萬華區西藏路125巷22號1樓
臺北市,1651,2025-07-01,蔬果,豆菜類,甜豆去蒂(豌豆),高雄空廚股份有限公司松山廠,松山區,臺北市松山區敦化北路405巷123弄9號1、2樓,,,不符合規定,殺菌劑Carbendazim貝芬替0.7ppm（標準：0.5ppm以下） 殺菌劑Diniconazole達克利0.03ppm（標準：不得檢出）,高雄空廚股份有限公司松山廠/臺北市松山區敦化北路405巷123弄9號1、2樓
臺北市,1652,2025-07-01,蔬果,小葉菜類,皇宮菜(落葵),小亞蔬果行,內湖區,臺北市內湖區五分街48號,,,不符合規定,殺菌劑Chlorothalonil四氯異苯腈4.5ppm（標準：2.0 ppm以下） 殺蟲劑Tebufenozide得芬諾7.9ppm（標準：5.0ppm以下） 殺蟲劑Thiamethoxam賽速安2.2ppm（標準：2.0ppm以下） 殺蟲劑Cyhalothrin賽洛寧4.3ppm（標準：1.0ppm以下）,小亞蔬果行/臺北市內湖區五分街48號
臺北市,1653,2025-07-01,蔬果,根莖菜類,白蘿蔔,高雄空廚股份有限公司松山廠,松山區,臺北市松山區敦化北路405巷123弄9號1、2樓,,,不符合規定,殺蟲劑Clothianidin可尼丁0.14ppm（標準：0.02ppm以下） 殺蟲劑Thiamethoxam賽速安0.50ppm（標準：0.25ppm以下）,高雄空廚股份有限公司松山廠/臺北市松山區敦化北路405巷123弄9號1、2樓
臺北市,1654,2025-07-01,蔬果,香辛植物及其他草木本植物,台灣特選香菜(芫荽),幸福品味實業股份有限公司(Mayfull),內湖區,臺北市內湖區民善街128號,,,不符合規定,殺草劑Linuron理有龍0.03ppm（標準：不得檢出）,幸福品味實業股份有限公司(Mayfull)/臺北市內湖區民善街128號
臺北市,1655,2025-07-01,蔬果,豆菜類,長豆(豇豆),小亞蔬果行,內湖區,臺北市內湖區五分街48號,,,不符合規定,殺蟲劑3-羥基加保扶（ 3-OH Carbofuran）0.02ppm（標準：不得檢出）,小亞蔬果行/臺北市內湖區五分街48號
臺北市,1737,2025-06-24,攤商及流動攤販即食食品,即食食品,烏骨雞,雞掌櫃,士林區,臺北市士林區德行東路109巷6號前,,,不符合規定,1.金黃色葡萄球菌:<10CFU/g(<100CFU/g) 2.沙門氏桿菌:陽性(陰性) 3.單核球增多性李斯特菌::<10CFU/g(<100CFU/g),雞掌櫃/臺北市士林區德行東路109巷6號前
臺北市,1768,2025-06-19,市售產品塑化劑含量,膠囊錠狀食品,六鵬魚油軟膠囊,振生大藥局,北投區,臺北市北投區中央北路3段61號,,,不符合規定,DBP:6.31ppm (指標值:0.6ppm),振生大藥局/臺北市北投區中央北路3段61號
臺北市,1803,2025-06-17,散裝飲冰品及配料,冰品,HERSHEYS FREEZE牛奶巧克力冰沙,滿大人餐飲有限公司,中山區,臺北市中山區民權東路2段7號,,,不符合規定,腸桿菌科：9.6x10^3 CFU/mL (標準：10 CFU/mL),滿大人餐飲有限公司/臺北市中山區民權東路2段7號
臺北市,1804,2025-06-17,散裝飲冰品及配料,飲料,大紅袍烏龍,滿大人餐飲有限公司,中山區,臺北市中山區民權東路2段7號,,,不符合規定,腸桿菌科：1.7x10^5 CFU/mL (標準：10 CFU/mL),滿大人餐飲有限公司/臺北市中山區民權東路2段7號
臺北市,1851,2025-06-12,散裝飲冰品及配料,飲料,經典紅茶(含冰塊),春蘭新飲文化股份有限公司(市招：毛青茶室),松山區,臺北市松山區八德路4段198號/營登地：臺北市中山區松江路365號1樓,,,不符合規定,腸桿菌科：3.2x10^3 CFU/mL (標準：10 CFU/mL),春蘭新飲文化股份有限公司(市招：毛青茶室)/臺北市松山區八德路4段198號/營登地：臺北市中山區松江路365號1樓
臺北市,1852,2025-06-12,散裝飲冰品及配料,冰品,牛奶風味霜淇淋(不含配料),金探吉事業有限公司內湖分店(市招：荖子鍋內湖店),內湖區,臺北市內湖區民善街88號,,,不符合規定,腸桿菌科：95 CFU/g (標準：10 CFU/mL),金探吉事業有限公司內湖分店(市招：荖子鍋內湖店)/臺北市內湖區民善街88號
臺北市,1853,2025-06-12,散裝飲冰品及配料,冰品,芭樂旺來冰沙,茶金有限公司(市招：七盞茶江南店),內湖區,臺北市內湖區江南街71巷16弄54號1樓,,,不符合規定,腸桿菌科：26 CFU/mL (標準：10 CFU/mL),茶金有限公司(市招：七盞茶江南店)/臺北市內湖區江南街71巷16弄54號1樓
臺北市,1862,2025-06-11,散裝飲冰品及配料,飲料,高山青茶(含冰塊),允鮮茗茶坊(市招：I love tea 松山店),信義區,臺北市信義區松山路540巷2號,,,不符合規定,腸桿菌科：38 CFU/mL (標準：10 CFU/mL),允鮮茗茶坊(市招：I love tea 松山店)/臺北市信義區松山路540巷2號
臺北市,1863,2025-06-11,散裝飲冰品及配料,冰品,百香冰沙(不含配料),允鮮茗茶坊(市招：I love tea 松山店),信義區,臺北市信義區松山路540巷2號,,,不符合規定,腸桿菌科：34 CFU/mL (標準：10 CFU/mL),允鮮茗茶坊(市招：I love tea 松山店)/臺北市信義區松山路540巷2號
臺北市,1867,2025-06-11,散裝飲冰品及配料,冰品,紅茶雪泥(不含配料),頂呱呱股份有限公司萬芳店,文山區,臺北市文山區興隆路3段67號,,,不符合規定,腸桿菌科：19 CFU/mL (標準：10 CFU/mL),頂呱呱股份有限公司萬芳店/臺北市文山區興隆路3段67號
臺北市,1870,2025-06-10,散裝飲冰品及配料,飲料,綠茶(不含冰塊),台鋼漢堡王股份有限公司士林門市部(市招：漢堡王),士林區,臺北市士林區中正路332號,,,不符合規定,腸桿菌科：54 CFU/mL (標準：10 CFU/mL),台鋼漢堡王股份有限公司士林門市部(市招：漢堡王)/臺北市士林區中正路332號
臺北市,1871,2025-06-10,散裝飲冰品及配料,飲料,檸檬冬瓜露,三德觀光大飯店股份有限公司,大同區,臺北市大同區承德路3段49號,,,不符合規定,腸桿菌科：57 CFU/mL (標準：10 CFU/mL),三德觀光大飯店股份有限公司/臺北市大同區承德路3段49號
臺北市,1873,2025-06-05,蔬果,小葉菜類,九層塔(羅勒),馥記烤鴨店(金馥記),士林區,臺北市士林區中正路395號,,,不符合規定,殺蟲劑Indoxacarb因得克0.17ppm（標準：0.01ppm以下）,馥記烤鴨店(金馥記)/臺北市士林區中正路395號
臺北市,1883,2025-06-04,蔬果,果菜類,辣椒,無市招菜攤,北投區,臺北市北投區復興四路8巷11號前,,,不符合規定,殺蟲劑Carbaryl加保利1.5ppm（標準：0.5ppm以下） 殺蟲劑Dimethoate大滅松0.27ppm（標準：不得檢出） 殺蟲劑Omethoate歐滅松0.16ppm（標準：不得檢出）,無市招菜攤/臺北市北投區復興四路8巷11號前
臺北市,1884,2025-06-04,蔬果,果菜類,紅辣椒,兄弟大飯店股份有限公司蘭花廳,松山區,臺北市松山區南京東路3段255號,,,不符合規定,殺蟲劑Flonicamid氟尼胺0.28ppm （ 標準： 0.01ppm 以下） 殺菌劑Isofetamid 0.02ppm（標準：不得檢出） 殺菌劑Prochloraz撲克拉0.02ppm（標準：0.01ppm以下）,兄弟大飯店股份有限公司蘭花廳/臺北市松山區南京東路3段255號
臺北市,1885,2025-06-04,蔬果,小葉菜類,韮菜花(韭菜花),周O娟,萬華區,臺北市萬華區萬大路533號第一果菜批發市場地號137,,,不符合規定,殺蟲劑3-酮基加保扶（3-keto Carbofuran ） 0.04pp m 、3-羥基加保扶（ 3-OH Carbofuran）0.32ppm、加保扶（Carbofuran）0.38ppm、丁基加保扶（Carbosulfan）0.02ppm，合併計0.76ppm（標準：0.5ppm以下） 殺蟲劑Abamectin阿巴汀0.06ppm（標準：0.05ppm以下）,周O娟/臺北市萬華區萬大路533號第一果菜批發市場地號137
臺北市,1886,2025-06-04,蔬果,香辛植物及其他草木本植物,香菜(芫荽),富露利鮮果行(鈺圓菘蔬果店),大同區,臺北市大同區大龍街261號,,,不符合規定,殺菌劑Cyazofamid賽座滅0.03ppm（標準：0.01ppm以下） 殺菌劑Metalaxyl滅達樂0.02ppm（標準：不得檢出）,富露利鮮果行(鈺圓菘蔬果店)/臺北市大同區大龍街261號
臺北市,1888,2025-06-04,蔬果,小葉菜類,韭菜,富露利鮮果行(鈺圓菘蔬果店),大同區,臺北市大同區大龍街261號,,,不符合規定,殺蟲劑Acetamiprid亞滅培0.06ppm（標準：0.01ppm以下）,富露利鮮果行(鈺圓菘蔬果店)/臺北市大同區大龍街261號
臺北市,1889,2025-06-04,蔬果,核果類,玉荷包(荔枝),果粉水果行(果粉水果超市汀洲店),中正區,臺北市中正區汀洲路2段335號,,,不符合規定,殺蟲劑Deltamethrin第滅寧0.6ppm（標準：0.5ppm以下）,果粉水果行(果粉水果超市汀洲店)/臺北市中正區汀洲路2段335號
臺北市,1890,2025-06-04,蔬果,小葉菜類,韭菜花,有源果菜專賣店,大同區,臺北市大同區大龍街284號,,,不符合規定,殺菌劑Azoxystrobin亞托敏1.2ppm（標準：1.0ppm以下）,有源果菜專賣店/臺北市大同區大龍街284號
臺北市,1923,2025-06-04,蔬果,核果類,芒果,水果行(蔡Ｏ翰),松山區,臺北市松山區南京東路5段291巷3之2號前,,,不符合規定,殺菌劑Flusilazole護矽得0.03ppm（標準：不得檢出）,水果行(蔡Ｏ翰)/臺北市松山區南京東路5段291巷3之2號前
臺北市,1925,2025-06-04,散裝飲冰品及配料,飲料,青草茶(不含配料),厚德囝仔仙青草行,萬華區,臺北市萬華區西昌街214號,,,不符合規定,沙門氏桿菌：陰性 腸桿菌科：1.4x10^3 CFU/mL (標準：10 CFU/mL),厚德囝仔仙青草行/臺北市萬華區西昌街214號
臺北市,1926,2025-06-03,散裝飲冰品及配料,飲料,甘蔗青茶,陳○企(市招：李記紅茶冰),中山區,臺北市中山區民生西路64號,,,不符合規定,沙門氏桿菌：陰性 腸桿菌科：1.6x10^4 CFU/mL (標準：10 CFU/mL),陳○企(市招：李記紅茶冰)/臺北市中山區民生西路64號
臺北市,1927,2025-06-03,散裝飲冰品及配料,飲料,茉莉綠茶(含冰塊.不含糖.配料),京旺商行(市招：甘蔗媽媽南京三民店),松山區,臺北市松山區南京東路5段123巷2弄1樓,,,不符合規定,沙門氏桿菌：陰性 腸桿菌科：4.8x10^2 CFU/mL (標準：10 CFU/mL),京旺商行(市招：甘蔗媽媽南京三民店)/臺北市松山區南京東路5段123巷2弄1樓
臺北市,1930,2025-06-03,散裝飲冰品及配料,飲料,特茶王(含冰塊),特好喝有限公司臺北一號店(市招：特好喝TOPTIERTEA),大安區,臺北市大安區通化街71號,,,不符合規定,沙門氏桿菌：陰性 腸桿菌科：50 CFU/mL (標準：10 CFU/mL),特好喝有限公司臺北一號店(市招：特好喝TOPTIERTEA)/臺北市大安區通化街71號
臺北市,1971,2025-06-02,蔬果,核果類,台灣特級玉荷包荔枝,遠東都會股份有限公司復興店(citysuper),大安區,臺北市大安區忠孝東路3段300號B3樓,,,不符合規定,"殺草劑2,4-D二‧四地0.09ppm（標準：不得檢出）",遠東都會股份有限公司復興店(citysuper)/臺北市大安區忠孝東路3段300號B3樓
臺北市,1985,2025-06-02,蔬果,豆菜類,荷蘭豆(豌豆),太平洋崇光百貨股份有限公司(Fresh Mart忠孝店),大安區,臺北市大安區忠孝東路4段45號B2,,,不符合規定,殺蟲劑Tolfenpyrad脫芬瑞0.08ppm（標準：0.01ppm 以下）,太平洋崇光百貨股份有限公司(Fresh Mart忠孝店)/臺北市大安區忠孝東路4段45號B2
臺北市,2060,2025-05-28,網路販售食品,根莖菜類,日本北海道新鮮百合,momo購物網-大叔嚴選生鮮蔬果宅配,信義區,,,,不符合規定,檢出重金屬鎘：0.07mg/kg（標準：0.05mg/kg以下）、殘留農藥殺蟲劑Fluazinam扶吉胺：0.07ppm（標準：不得檢出），檢驗結果超過標準值。,momo購物網-大叔嚴選生鮮蔬果宅配
臺北市,2061,2025-05-28,網路販售食品,豆菜類,荷蘭豆,momo購物網-大叔嚴選生鮮蔬果宅配,信義區,,,,不符合規定,檢出殘留農藥殺蟲劑Prochloraz撲克拉：0.32ppm（標準：0.01ppm以下），檢驗結果超過標準值。,momo購物網-大叔嚴選生鮮蔬果宅配
臺北市,2062,2025-05-28,網路販售食品,小葉菜類,皇宮菜,momo購物網-大叔嚴選生鮮蔬果宅配,信義區,,,,不符合規定,殘留農藥殺蟲劑Isoprothiolane亞賜圃：0.05ppm（標準：0.01ppm以下），檢驗結果超過標準值。,momo購物網-大叔嚴選生鮮蔬果宅配
臺北市,2065,2025-05-27,網路販售食品,大漿果類,越南金枕頭榴槤,新鮮屋,信義區,,,,不符合規定,檢驗結果檢出殘留農藥殺蟲劑Procymidone撲滅寧0.03ppm(標準：0.01ppm以下),新鮮屋
臺北市,2066,2025-05-27,網路販售食品,根莖菜類,-現貨- 新鮮百合 新鮮百合根,蝦皮-anna0981,信義區,,,,不符合規定,檢出農藥殺蟲劑Fluazinam扶吉胺0.82ppm（標準：不得檢出）及重金屬鎘0.19mg/kg（標準：0.05 mg/kg以下），檢驗結果超過標準值。,蝦皮-anna0981
臺北市,2067,2025-05-27,網路販售食品,根莖菜類,台灣產 鮮百合根,蝦皮-miu1994,信義區,,,,不符合規定,檢出農藥殺蟲劑Fluazinam扶吉胺0.01ppm（標準：不得檢出）、農藥殺菌劑Pyraclostrobin百克敏0.02ppm（標準：0.01ppm以下）及重金屬鎘0.32 mg/kg（標準：0.05 mg/kg以下）,蝦皮-miu1994
臺北市,2068,2025-05-27,網路販售食品,大漿果類,美國空運新鮮酪梨,momo購物網-RealShop真食材本舖,信義區,,,,不符合規定,檢出重金屬-鎘 0.08 mg/kg(標準:0.05 mg/kg以下)，檢驗結果超過標準值。,momo購物網-RealShop真食材本舖
臺北市,2071,2025-05-27,散裝飲冰品及配料,冰品,草莓泡泡冰,以利冰店(市招：以利泡泡冰),士林區,臺北市士林區中正路284號1樓,,,不符合規定,沙門氏桿菌：陰性 腸桿菌科：30 CFU/g (標準：10 CFU/mL),以利冰店(市招：以利泡泡冰)/臺北市士林區中正路284號1樓
臺北市,2076,2025-05-26,散裝飲冰品及配料,飲料,冰油切蕎麥茶(不含冰塊),樂芳源有限公司(市招：一沐日吉林南京店),中山區,臺北市中山區南京東路2段56號1樓,,,不符合規定,沙門氏桿菌：陰性 腸桿菌科：30 CFU/mL (標準：10 CFU/mL),樂芳源有限公司(市招：一沐日吉林南京店)/臺北市中山區南京東路2段56號1樓
臺北市,2084,2025-05-26,網路販售食品,根莖菜類,新鮮食用百合專賣／日本北海道空運台灣▪等級大小齊全,蝦皮購物-魅力金三角,信義區,,,,不符合規定,檢出重金屬鎘：0.14mg/kg（標準：0.05mg/kg以下）、殘留農藥殺蟲劑Fluazinam扶吉胺：0.20ppm（標準：不得檢出），檢驗結果超過標準值。,蝦皮購物-魅力金三角
臺北市,2186,2025-05-06,蔬果,小葉菜類,韭菜花,菜店,南港區,臺北市南港區同德路100號成德市場69號攤,,,不符合規定,殺菌劑Mepronil滅普寧0.15ppm（標準：0.01ppm以下） 殺蟎劑Propargite毆蟎多0.19ppm（標準：不得檢出）,菜店/臺北市南港區同德路100號成德市場69號攤
臺北市,2187,2025-05-06,蔬果,小葉菜類,韭菜花,第二果菜批發市場21-11號攤,中山區,臺北市中山區民族東路336號,,,不符合規定,殺蟲劑Methoxyfenozide滅芬諾0.26ppm（標準：0.01ppm以下） 殺蟎劑Propargite毆蟎多0.07ppm（標：不得檢出）,第二果菜批發市場21-11號攤/臺北市中山區民族東路336號
臺北市,2188,2025-05-06,蔬果,核果類,芒果,新嘉華水果行,中山區,臺北市中山區民族東路336號第二果菜批發市場7-02號攤,,,不符合規定,殺蟲劑Acephate毆殺松0.03ppm（標準：0.01ppm以下） 殺菌劑Carbendazim貝芬替2.7ppm（標準：2.0ppm以下）,新嘉華水果行/臺北市中山區民族東路336號第二果菜批發市場7-02號攤
臺北市,2189,2025-05-06,蔬果,豆菜類,長豆(豇豆),第二果菜批發市場21-07號攤,中山區,臺北市中山區民族東路336號,,,不符合規定,殺蟲劑3-羥基加保扶3-O H Carbofuran） 0.01ppm 、加保扶（Carbofuran）0.09ppm，合併計0.1ppm（標準：不得檢出） 殺蟎劑Formetanate覆滅蟎0.15ppm（ 標準：不得檢出）,第二果菜批發市場21-07號攤/臺北市中山區民族東路336號
臺北市,2190,2025-05-06,蔬果,小漿果類,蓮霧,新嘉華水果行,中山區,臺北市中山區民族東路336號第二果菜批發市場7-02號攤,,,不符合規定,生長調節劑Chlormequat克美素0.06ppm（標準：不得檢出）,新嘉華水果行/臺北市中山區民族東路336號第二果菜批發市場7-02號攤
臺北市,2191,2025-05-06,蔬果,小葉菜類,韭菜花,廣興農產永春分店,信義區,臺北市信義區松山路292巷15號,,,不符合規定,殺蟎劑Propargite毆蟎多0.05ppm（標準：不得檢出）,廣興農產永春分店/臺北市信義區松山路292巷15號
臺北市,2192,2025-05-06,蔬果,小葉菜類,台灣特選九層塔(羅勒),幸福品味實業股份有限公司(Mayfull),內湖區,臺北市內湖區民善街128號,,,不符合規定,殺蟲劑Indoxacarb因得克0.28ppm（標準：0.01ppm以下）,幸福品味實業股份有限公司(Mayfull)/臺北市內湖區民善街128號
臺北市,2193,2025-05-06,蔬果,小葉菜類,青蒜,菜店,南港區,臺北市南港區同德路100號成德市場69號攤,,,不符合規定,殺菌劑Boscalid白克列0.04ppm（標準：0.01ppm以下）,菜店/臺北市南港區同德路100號成德市場69號攤
臺北市,2194,2025-05-06,蔬果,小葉菜類,芹菜,無市招蔬果攤,松山區,臺北市松山區南京東路5段291巷37號,,,不符合規定,殺蟲劑Terbufos托福松0.12ppm（標準：0.05 ppm以下）,無市招蔬果攤/臺北市松山區南京東路5段291巷37號
臺北市,2195,2025-05-06,蔬果,小葉菜類,九層塔(羅勒),家傑蔬果行,信義區,臺北市信義區虎林街105號1樓,,,不符合規定,殘留農藥殺菌劑Azoxystrobin亞托敏1.5ppm（標準：1.0ppm以下）,家傑蔬果行/臺北市信義區虎林街105號1樓
臺北市,2196,2025-05-06,蔬果,小葉菜類,芹菜,第二果菜批發市場21-07號,中山區,臺北市中山區民族東路336號,,,不符合規定,殺蟲劑Terbufos托福松0.06ppm（標準：0.05ppm以下）,第二果菜批發市場21-07號/臺北市中山區民族東路336號
臺北市,2197,2025-05-06,蔬果,大漿果類,榴槤,無市招水果攤,信義區,臺北市信義區虎林街115-1號,,,不符合規定,重金屬鎘0.06mg/kg(標準：0.05mg/kg以下),無市招水果攤/臺北市信義區虎林街115-1號
臺北市,2293,2025-05-01,蔬果,大漿果類,DURIAN榴槤,呈鴻水果行,萬華區,臺北市萬華區萬大路533號地號1221,,,不符合規定,重金屬鎘0.06mg/kg(標準：0.05mg/kg以下),呈鴻水果行/臺北市萬華區萬大路533號地號1221
臺北市,2299,2025-05-01,真菌毒素,花生製品,新竹福源顆粒花生醬,家福股份有限公司台北濟南分公司,中正區,臺北市中正區濟南路2段46號地下1樓,,,不符合規定,黃麴毒素B1：4.3 μg/kg(標準：2 μg/kg)、 總黃麴毒素B1+B2+G1+G2：5.0 μg/kg(標準：4 μg/kg),家福股份有限公司台北濟南分公司/臺北市中正區濟南路2段46號地下1樓
臺北市,2402,2025-04-29,真菌毒素,花生製品,一級花生粉,豐盛潤餅,士林區,臺北市士林區忠誠路2段40巷14弄11-5號,,,不符合規定,黃麴毒素B1：11.8 μg/kg(標準：2 μg/kg)、 總黃麴毒素B1+B2+G1+G2：13.7 μg/kg(標準：4 μg/kg),豐盛潤餅/臺北市士林區忠誠路2段40巷14弄11-5號
臺北市,2424,2025-04-28,真菌毒素,花生製品,花生粉,日晟雜糧行,士林區,臺北市士林區福港街259巷7號,,,不符合規定,黃麴毒素B1：4.6 μg/kg(標準：2 μg/kg)、 總黃麴毒素B1+B2+G1+G2：5.6 μg/kg(標準：4 μg/kg),日晟雜糧行/臺北市士林區福港街259巷7號
臺北市,2465,2025-04-24,散裝飲冰品及配料,配料,愛玉,建中黑砂糖刨冰店(市招：建中黑砂糖刨冰),中正區,臺北市中正區泉州街35號,,,不符合規定,己二烯酸：0.88 g/kg (標準：不得檢出),建中黑砂糖刨冰店(市招：建中黑砂糖刨冰)/臺北市中正區泉州街35號
臺北市,2513,2025-04-21,散裝飲冰品及配料,飲料,蛋蜜汁,南中食品企業股份有限公司(南美咖啡),士林區,臺北市士林區文林路446號1樓,,,不符合規定,腸桿菌科14 CFU/mL（標準：10 CFU/mL以下）,南中食品企業股份有限公司(南美咖啡)/臺北市士林區文林路446號1樓
臺北市,2585,2025-04-17,穀豆類,乾豆類,毛綠豆,利民雜糧行,內湖區,臺北市內湖區內湖路2段300號,,,不符合規定,賽速安(Thiamethoxam)：0.04 ppm(標準：0.02 ppm以下),利民雜糧行/臺北市內湖區內湖路2段300號
臺北市,2602,2025-04-17,散裝飲冰品及配料,飲料,熟成紅茶(含冰塊),路家商行大安店(Mr.Wish台北大安店),大安區,臺北市大安區大安路1段169巷1號1樓,,,不符合規定,腸桿菌科：1.6×10^2 CFU/mL（標準：10 CFU/mL以下）,路家商行大安店(Mr.Wish台北大安店)/臺北市大安區大安路1段169巷1號1樓
臺北市,2669,2025-04-15,穀豆類,乾豆類,毛綠豆,呂益豐商號(益豐商號),萬華區,臺北市萬華區萬大路277巷6號,,,不符合規定,賽速安(Thiamethoxam)：0.03 ppm(標準：0.02 ppm以下),呂益豐商號(益豐商號)/臺北市萬華區萬大路277巷6號
臺北市,2670,2025-04-15,穀豆類,乾豆類,大油綠豆,鈞發行,北投區,臺北市北投區豐年路1段6號,,,不符合規定,環克座(Cyproconazole)：0.07 ppm(標準：0.05 ppm以下),鈞發行/臺北市北投區豐年路1段6號
臺北市,2699,2025-04-15,散裝飲冰品及配料,冰品,清香黑糖冰(不含配料),茲膳有限公司(廣安階甜品專賣),士林區,臺北市士林區中山北路6段77號8樓,,,不符合規定,腸桿菌科：5.0×10^2 CFU/mL（標準：10 CFU/mL以下）,茲膳有限公司(廣安階甜品專賣)/臺北市士林區中山北路6段77號8樓
臺北市,2700,2025-04-15,散裝飲冰品及配料,冰品,西瓜打針(不含配料),冰封西門冰飲店(冰封仙果),萬華區,臺北市萬華區中華路1段114巷18號1樓,,,不符合規定,腸桿菌科：3.3×10^2 CFU/mL（標準：10 CFU/mL以下）,冰封西門冰飲店(冰封仙果)/臺北市萬華區中華路1段114巷18號1樓
臺北市,2728,2025-04-09,蔬果,小葉菜類,韮菜花(韭菜花),郭O德經營之菜攤,士林區,臺北市士林區文林路101巷臨40號前,,,不符合規定,殺蟲劑3-酮基加保扶（ 3-keto C arbofuran） 0.02ppm、3-羥基加保扶（3-OH Carbofuran）0.31ppm、加保扶（ C arbofuran） 0.99ppm 、丁基加保扶（Carbosulfan）0.19ppm，合計1.51ppm（標準：0.5ppm以下）,郭O德經營之菜攤/臺北市士林區文林路101巷臨40號前
臺北市,2729,2025-04-09,蔬果,小葉菜類,韭菜花,王OO彫(3206),萬華區,臺北市萬華區萬大路533號第一果菜批發市場地號410,,,不符合規定,殺蟎劑Spirodiclofen賜派芬0.02ppm（標準：0.01ppm以下）,王OO彫(3206)/臺北市萬華區萬大路533號第一果菜批發市場地號410
臺北市,2765,2025-04-09,蔬果,小葉菜類,九層塔(羅勒),祥和小吃店(祥和蔬食精緻料理),中正區,臺北市中正區鎮江街1巷1號,,,不符合規定,殺草劑Ametryn草殺淨0.02ppm（標準：不得檢出） 殺蟲劑Methoxyfenozide滅芬諾3.94ppm（標準：0.01ppm以下） 殺蟲劑Spinetoram賜諾特0.01ppm（標準：不得檢出）,祥和小吃店(祥和蔬食精緻料理)/臺北市中正區鎮江街1巷1號
臺北市,2766,2025-04-09,蔬果,大漿果類,木瓜,三二一果汁吧(321果汁吧),中正區,臺北市中正區牯嶺街34-2號,,,不符合規定,殺蟲劑Methomyl 納乃得0.06ppm（標準：不得檢出）,三二一果汁吧(321果汁吧)/臺北市中正區牯嶺街34-2號
臺北市,2767,2025-04-08,蔬果,果菜類,朝天椒(辣椒),全聯實業股份有限公司中山吉林分公司(全聯福利中心),中山區,臺北市中山區吉林路213、215、217、219號1樓,,,不符合規定,殺菌劑Thifluzamide賽氟滅0.02ppm（標準：不得檢出）,全聯實業股份有限公司中山吉林分公司(全聯福利中心)/臺北市中山區吉林路213、215、217、219號1樓
臺北市,2768,2025-04-08,蔬果,小葉菜類,九層塔(羅勒),瓦城泰統股份有限公司天母分公司(非常泰天母SOGO店),士林區,臺北市士林區中山北路6段77號8樓,,,不符合規定,殺菌劑Cyazofamid賽座滅0.20ppm（標準：0.01ppm以下） 殺菌劑Dimethomorph達滅芬6.1ppm（標準：2.5ppm以下） 殺菌劑Procymidone撲滅寧10.2ppm（標準：5.0ppm以下）,瓦城泰統股份有限公司天母分公司(非常泰天母SOGO店)/臺北市士林區中山北路6段77號8樓
臺北市,2769,2025-04-08,蔬果,豆菜類,長豆(豇豆),菓然是妳,士林區,臺北市士林區承德路4段36號,,,不符合規定,殺蟲劑3-羥基加保扶（3-OH Carbofuran）0.02ppm（標準：不得檢出）,菓然是妳/臺北市士林區承德路4段36號
臺北市,2770,2025-04-08,蔬果,小葉菜類,韮花(韭菜花),陳O宏,中山區,臺北市中山區民族東路336號第二果菜批發市場第23-11攤,,,不符合規定,殺蟎劑Propargite毆蟎多0.01ppm（標準：不得檢出）,陳O宏/臺北市中山區民族東路336號第二果菜批發市場第23-11攤
臺北市,2771,2025-04-08,蔬果,小漿果類,草莓,東連水果行,中山區,臺北市中山區民族東路336號6-03,,,不符合規定,殺蟎劑Spirotetramat賜派滅0.19ppm（標準：不得檢出）,東連水果行/臺北市中山區民族東路336號6-03
臺北市,2772,2025-04-08,蔬果,小漿果類,蓮霧,李O來商行大直店(萬來蔬果),中山區,臺北市中山區北安路458巷41弄44號1樓,,,不符合規定,生長調節劑Chlormequat克美素0.15 ppm（標準：不得檢出）,李O來商行大直店(萬來蔬果)/臺北市中山區北安路458巷41弄44號1樓
臺北市,2820,2025-04-08,蔬果,小葉菜類,蔥,瓦城泰統股份有限公司天母分公司(非常泰天母SOGO店),士林區,臺北市士林區中山北路6段77號8樓,,,不符合規定,殺蟲劑芬普尼代謝物（Fipronil-sulfone） 0.003ppm （標準：0.001ppm以下）,瓦城泰統股份有限公司天母分公司(非常泰天母SOGO店)/臺北市士林區中山北路6段77號8樓
臺北市,2821,2025-04-02,蔬果,果菜類,辣椒,川妹子小吃店,大安區,臺北市大安區光復南路240巷52號1樓,,,不符合規定,殺菌劑Hexaconazole菲克利0.03ppm（標準：0.01ppm以下）,川妹子小吃店/臺北市大安區光復南路240巷52號1樓
臺北市,2830,2025-04-02,蔬果,小葉菜類,韭菜花,川妹子小吃店,大安區,臺北市大安區光復南路240巷52號1樓,,,不符合規定,殺蟎劑Spirodiclofen賜派芬0.04ppm（標準：0.01ppm以下）,川妹子小吃店/臺北市大安區光復南路240巷52號1樓
臺北市,2975,2025-03-13,美耐皿,塑膠類,407敦煌盤,一加一五金行,北投區,臺北市北投區中央南路1段154號1樓,,,不符合規定,標示耐熱溫度攝氏120度，與本體攝氏95度至-30度不符,一加一五金行/臺北市北投區中央南路1段154號1樓
臺北市,3053,2025-03-10,網路販售蔬果類食品,小葉菜類,白梗九層塔(羅勒),momo購物網-大叔嚴選生鮮蔬果宅配(https:,信義區,/www.momoshop.com.tw/TP/TP0000663/goodsDetail/TP00006630000219),,,不符合規定,殺蟲劑Cyromazine賽滅淨4.9ppm（標準：1.0ppm以下） 殺菌劑Dimethomorph達滅芬5.8ppm（標準：2.5ppm以下）,momo購物網-大叔嚴選生鮮蔬果宅配(https://www.momoshop.com.tw/TP/TP0000663/goodsDetail/TP00006630000219)
臺北市,3054,2025-03-10,網路販售蔬果類食品,豆菜類,菜豆,momo購物網-大叔嚴選生鮮蔬果宅配(https:,信義區,/www.momoshop.com.tw/TP/TP0000663/goodsDetail/TP00006630000219),,,不符合規定,殺蟲劑Chlorfluazuron克福隆0.02ppm（標準：0.01ppm以下） 殺蟲劑Fenvalerate芬化利0.2ppm（標準：0.1ppm以下）,momo購物網-大叔嚴選生鮮蔬果宅配(https://www.momoshop.com.tw/TP/TP0000663/goodsDetail/TP00006630000219)
臺北市,3061,2025-03-06,蔬果,香辛植物及其他草木本植物,香菜(芫荽),陳O明,中山區,臺北市中山區民族東路410巷55號前攤,,,不符合規定,殺蟲劑Chlorpyrifos陶斯松0.01ppm（標準：不得檢出） 殺蟎劑Ethion愛殺松0.03ppm（標準：不得檢出）,陳O明/臺北市中山區民族東路410巷55號前攤
臺北市,3062,2025-03-06,蔬果,小葉菜類,韭菜花,陽明山蔬菜水果專賣店(陽明山蔬果專賣店),中山區,臺北市中山區民生東路2段115巷40號,,,不符合規定,殺蟎劑Propargite毆蟎多0.06ppm（標準：不得檢出）,陽明山蔬菜水果專賣店(陽明山蔬果專賣店)/臺北市中山區民生東路2段115巷40號
臺北市,3078,2025-03-05,蔬果,果菜類,紅辣椒,六福開發股份有限公司南港分公司(台北六福萬怡酒店),南港區,臺北市南港區忠孝東路7段359號8樓,,,不符合規定,殺蟲劑Clothianidin可尼丁0.31ppm（標準：0.05ppm以下）,六福開發股份有限公司南港分公司(台北六福萬怡酒店)/臺北市南港區忠孝東路7段359號8樓
臺北市,3079,2025-03-05,蔬果,果菜類,紅辣椒,大地美饌有限公司(KiKi ATT 4FUN信義店),信義區,臺北市信義區松壽路12號6樓,,,不符合規定,殺蟲劑Chlorpyrifos陶斯松0.03ppm（標準：不得檢出） 殺蟲劑Clothianidin可尼丁0.09ppm（標準：0.05ppm以下） 殺線蟲劑Fosthiazate福賽絕0.01ppm（標準：不得檢出） 殺菌劑Prochloraz撲克拉0.04ppm（標準：0.01ppm以下） 殺蟎劑Spirodiclofen賜派芬0.02ppm（標準：0.01ppm以下）,大地美饌有限公司(KiKi ATT 4FUN信義店)/臺北市信義區松壽路12號6樓
臺北市,3080,2025-03-05,蔬果,小葉菜類,青蔥,無市招菜攤,信義區,臺北市信義區虎林街122號,,,不符合規定,殺菌劑Dimethomorph達滅芬3.4ppm（標準：2.5ppm以下） 殺菌劑Pencycuron賓克隆5.3ppm（標準：2.5ppm以下） 殺菌劑Procymidone撲滅寧5.3ppm（標準：5.0ppm以下） 殺菌劑Pyraclostrobin百克敏4.4ppm（標準：2.0ppm以下）,無市招菜攤/臺北市信義區虎林街122號
臺北市,3081,2025-03-05,蔬果,小葉菜類,九層塔(羅勒),詠鑽蔬果專賣店(新天地蔬果量販店),士林區,臺北市士林區美崙街18號1樓,,,不符合規定,殺蟲劑Cyromazine賽滅淨1.1ppm（標準：1.0ppm以下） 殺菌劑Dimethomorph達滅芬2.8ppm（標準：2.5ppm以下） 殺菌劑Procymidone撲滅寧8.3ppm（標準：5.0ppm以下） 殺菌劑Propamocarb hydrochloride普拔克13.2ppm（標準：10.0ppm以下）,詠鑽蔬果專賣店(新天地蔬果量販店)/臺北市士林區美崙街18號1樓
臺北市,3083,2025-03-05,蔬果,果菜類,辣椒條,天寶小吃店(全國健康素食),士林區,臺北市士林區天母西路32號,,,不符合規定,殺蟲劑Clothianidin可尼丁0.06ppm（標準：0.05ppm以下）,天寶小吃店(全國健康素食)/臺北市士林區天母西路32號
臺北市,3263,2025-02-13,祭祀食品,花生粉,花生粉,豪棧小吃店,內湖區,臺北市內湖區內湖路1段285巷59弄1號,,,不符合規定,黃麴毒素B1：17.4μg/kg（標準：2μg/kg以下） 總黃麴毒素(B1+B2+G1+G2)：20.6μg/kg（標準：4μg/kg以下）,豪棧小吃店/臺北市內湖區內湖路1段285巷59弄1號
臺北市,3264,2025-02-13,祭祀食品,豆乾類,豆干絲,大溪素霸王,內湖區,臺北市內湖區港墘路95巷1號前,,,不符合規定,殺菌劑-過氧化氫 陽性（標準：不得殘留）,大溪素霸王/臺北市內湖區港墘路95巷1號前
臺北市,3265,2025-02-13,祭祀食品,花生粉,花生粉,萃豆咖啡(禾溢承精緻潤餅南港軟體園區店),南港區,臺北市南港區新民街37號1樓,,,不符合規定,黃麴毒素B1：12.5μg/kg（標準：2μg/kg以下） 總黃麴毒素(B1+B2+G1+G2)：14.9μg/kg（標準：4μg/kg以下）,萃豆咖啡(禾溢承精緻潤餅南港軟體園區店)/臺北市南港區新民街37號1樓
臺北市,3276,2025-02-12,祭祀食品,豆乾類,豆干絲,留蘭香自助餐店,中山區,臺北市中山區錦州街20號1樓,,,不符合規定,殺菌劑-過氧化氫 陽性（標準：不得殘留）,留蘭香自助餐店/臺北市中山區錦州街20號1樓
臺北市,3277,2025-02-11,祭祀食品,糕粿糬類製品,草仔粿(蘿蔔絲),王冠粿行,萬華區,臺北市萬華區富民路155巷15號1樓,,,不符合規定,包裝食品未標示有效日期,王冠粿行/臺北市萬華區富民路155巷15號1樓
臺北市,3278,2025-02-11,祭祀食品,花生粉,老夫妻米血糕專用花生粉,萊春餐飲萬華康定店(豬血幫米血糕),萬華區,臺北市萬華區康定路290號,,,不符合規定,黃麴毒素B1：3.4μg/kg（標準：2μg/kg以下）,萊春餐飲萬華康定店(豬血幫米血糕)/臺北市萬華區康定路290號
臺北市,3321,2025-02-06,茶葉、花草茶,花草茶,天然色粉蝶豆花粉,棋軒實業有限公司(棋美點心屋),大安區,臺北市大安區復興南路2段292號,,,不符合規定,殺蟲劑Cypermethrin賽滅寧0.22ppm(標準：0.03ppm以下) 殺蟲劑Fipronil芬普尼0.068ppm、Fipronil-sulfone芬普尼代謝物0.008ppm，合計0.076ppm(標準：0.002ppm以下) 殺蟲劑Imidacloprid益達胺0.12ppm(標準：0.05ppm以下) 殺菌劑Metalaxyl滅達樂0.15ppm(標準：不得檢出) 殺螨劑Pyridaben畢達本0.15ppm(標準：不得檢出) 殺蟲劑λ-Cyhalothrin賽洛寧0.04ppm(標準：0,棋軒實業有限公司(棋美點心屋)/臺北市大安區復興南路2段292號
臺北市,3322,2025-02-06,茶葉、花草茶,玫瑰,粉玫瑰花,同心堂蔘藥行,大安區,臺北市大安區通化街85號,,,不符合規定,殺菌劑Tebuconazole得克利0.06ppm(標準：0.05ppm以下),同心堂蔘藥行/臺北市大安區通化街85號
臺北市,3352,2025-02-05,茶葉、花草茶,花草茶,桂花,金湘記藥行有限公司,大同區,臺北市大同區迪化街1段111號1樓,,,不符合規定,殺菌劑Chlorpyrifos陶斯松0.03ppm(標準：不得檢出),金湘記藥行有限公司/臺北市大同區迪化街1段111號1樓
臺北市,3353,2025-02-05,茶葉、花草茶,玫瑰,伊朗粉玫瑰,花旗坊有限公司,大同區,臺北市大同區迪化街1段70號,,,不符合規定,殺菌劑Penconazole平克座0.09ppm(標準：0.05ppm以下),花旗坊有限公司/臺北市大同區迪化街1段70號
臺北市,3354,2025-02-05,茶葉、花草茶,花草茶,薰衣草,湘帝蔘茸有限公司,大同區,臺北市大同區迪化街1段58號1樓,,,不符合規定,殺蟲劑Acetamiprid亞滅培0.14ppm(標準：0.05ppm以下) 殺蟲劑λ-Cyhalothrin賽洛寧0.06ppm(標準：0.03ppm以下),湘帝蔘茸有限公司/臺北市大同區迪化街1段58號1樓
臺北市,3423,2025-02-03,茶葉、花草茶,花草茶,薰衣草茶,燒杯咖啡餐坊(燒杯咖啡藝廚),萬華區,臺北市萬華區西園路1段240號1樓,,,不符合規定,殺蟲劑Acetamiprid亞滅培0.14ppm(標準：0.05ppm以下) 殺蟲劑λ-Cyhalothrin賽洛寧0.06ppm(標準：0.03ppm以下),燒杯咖啡餐坊(燒杯咖啡藝廚)/臺北市萬華區西園路1段240號1樓
臺北市,3431,2025-01-16,蔬果,核果類,有機愛妃Envy蘋果,棉花田生機園地股份有限公司信義門市(棉花田),中正區,臺北市中正區金山南路1段139-1號,,,不符合規定,檢出殺蟲劑Acetamiprid亞滅培0.04ppm（標準：1.0ppm以下），惟產品宣稱有機,棉花田生機園地股份有限公司信義門市(棉花田)/臺北市中正區金山南路1段139-1號
臺北市,3497,2025-01-08,蔬果,小葉菜類,青蔥,蔬菜承銷人3159陳O慶,萬華區,臺北市萬華區萬大路533號第一果菜批發市場零批場地號1232,,,不符合規定,殺蟎劑Cyenopyrafen賽派芬0.01ppm（標準：不得檢出）,蔬菜承銷人3159陳O慶/臺北市萬華區萬大路533號第一果菜批發市場零批場地號1232
臺北市,3498,2025-01-08,蔬果,小葉菜類,茼蒿,3067林O省,萬華區,臺北市萬華區萬大路533號第一果菜批發市場零批場地號1610,,,不符合規定,殺草劑Butralin比達寧0.06ppm （標準：0.01ppm以下）,3067林O省/臺北市萬華區萬大路533號第一果菜批發市場零批場地號1610
臺北市,3499,2025-01-08,蔬果,小葉菜類,生蔥(青蔥),城市商旅股份有限公司德立莊分公司(打狗霸),中正區,臺北市中正區延平南路110號地下1樓等,,,不符合規定,殺蟲劑3-酮基加保扶（3-keto Carbofuran）0.02ppm、3-羥基加保扶（3-OH Carbofuran）0.19ppm、加保扶（Carbofuran）0.35ppm，合計0.56ppm（標準：0.2ppm以下）,城市商旅股份有限公司德立莊分公司(打狗霸)/臺北市中正區延平南路110號地下1樓等
臺北市,3500,2025-01-08,蔬果,小漿果類,大雪山草莓,菓林蔬果行(菓林蔬果店),中正區,臺北市中正區博愛路71號,,,不符合規定,殺菌劑Iprodione依普同7.0ppm（標準：5.0ppm以下）,菓林蔬果行(菓林蔬果店)/臺北市中正區博愛路71號
臺北市,3501,2025-01-08,蔬果,小漿果類,日本熊本草莓,梅林水果行,中正區,臺北市中正區開封街1段81、83號1樓,,,不符合規定,殺蟎劑Bifenazate必芬蟎2.3ppm（標準：2.0ppm以下）,梅林水果行/臺北市中正區開封街1段81、83號1樓
臺北市,3502,2025-01-07,蔬果,小葉菜類,韭菜花,皇城老媽企業有限公司(皇城老媽),大安區,臺北市大安區延吉街97巷5號1樓,,,不符合規定,殺蟲劑3-酮基加保扶(3-keto Carbofuran)0.01ppm、3-羥基加保扶(3-OH Carbofuran)0.41ppm、加保扶(Carbofuran)0.13ppm，合計0.55ppm（標準：0.2ppm以下）,皇城老媽企業有限公司(皇城老媽)/臺北市大安區延吉街97巷5號1樓
臺北市,3503,2025-01-07,蔬果,包葉菜類,大芥菜(包心芥菜),菜攤(陳O益),信義區,臺北市信義區中坡南路265號中坡市場,,,不符合規定,殺菌劑Propamocarb hydrochloride普拔克6.8ppm（標準：5.0ppm以下）,菜攤(陳O益)/臺北市信義區中坡南路265號中坡市場
臺北市,3504,2025-01-07,蔬果,小葉菜類,菠菜,皇城老媽企業有限公司(皇城老媽),大安區,臺北市大安區延吉街97巷5號1樓,,,不符合規定,殺蟲劑Indoxacarb因得克0.03ppm（標準：0.01ppm以下）,皇城老媽企業有限公司(皇城老媽)/臺北市大安區延吉街97巷5號1樓
臺北市,3505,2025-01-07,蔬果,小葉菜類,茼蒿,菜攤(陳O益),信義區,臺北市信義區中坡南路265號中坡市場,,,不符合規定,殺蟲劑Indoxacarb因得克0.52ppm（標準：0.01 ppm以下）,菜攤(陳O益)/臺北市信義區中坡南路265號中坡市場
臺北市,3511,2025-01-07,蔬果,小葉菜類,茼蒿,三商家購股份有限公司大安樂業門市(美廉社大安樂業店),大安區,臺北市大安區樂業街141號1樓,,,不符合規定,殺蟲劑Abamectin阿巴汀0.19ppm（標準：0.05ppm以下） 殺蟲劑Cyantraniliprole賽安勃0.11ppm（標準：不得檢出）,三商家購股份有限公司大安樂業門市(美廉社大安樂業店)/臺北市大安區樂業街141號1樓
臺北市,3550,2025-01-03,蔬果,小漿果類,日本大濱戀熊本草莓,農果水果行(農果水果廣場),士林區,臺北市士林區士東路95號1樓,,,不符合規定,殺蟎劑Acrinathrin阿納寧0.03ppm（標準：不得檢出）,農果水果行(農果水果廣場)/臺北市士林區士東路95號1樓
臺北市,3551,2025-01-03,蔬果,包葉菜類,大刈(包心芥菜),台北士東水果行(亞洲水果大賣場),士林區,臺北市士林區德行東路109巷15號1樓,,,不符合規定,殺草劑Ametryn草殺淨0.02ppm（標準：不得檢出）,台北士東水果行(亞洲水果大賣場)/臺北市士林區德行東路109巷15號1樓
臺北市,3552,2025-01-03,蔬果,小漿果類,日本福岡草莓,微風超市股份有限公司(Breeze Super),松山區,臺北市松山區南京東路3段337號2樓,,,不符合規定,殺蟲劑Indoxacarb因得克0.10ppm（標準：0.01ppm以下） 殺菌劑Isopyrazam亞派占1.26ppm（標準：不得檢出） 除草劑Norflurazon0.31ppm（標準：不得檢出） 殺蟲劑Thiacloprid賽果培0.09ppm（標準：0.01ppm以下）,微風超市股份有限公司(Breeze Super)/臺北市松山區南京東路3段337號2樓
臺北市,3553,2025-01-02,蔬果,包葉菜類,芥菜(包心芥菜),丞農菓菜行,中山區,臺北市中山區民族東路410巷63號,,,不符合規定,殺蟲劑Methomyl 納乃得0.8ppm(標準：0.7ppm以下) 殺蟲劑Cyhalothrin 賽洛寧1.3ppm(標準：0.5ppm以下),丞農菓菜行/臺北市中山區民族東路410巷63號
臺北市,3642,2024-11-20,年節食品,豆乾類,大豆干（不辣）,八玖食小食樂趣,大同區,臺北市大同區迪化街1段21號永樂市場 1019攤,,,不符合規定,1.防腐劑苯甲酸1.0g/kg（標準：0.6g/kg以下）、己二烯酸4.0g/kg（標準：2.0g/kg以下） 2.產品屬包裝食品惟未依規定以中文標示,八玖食小食樂趣/臺北市大同區迪化街1段21號永樂市場 1019攤
臺北市,3699,2024-11-19,年節食品,豆乾類,休閒片（有效日期： 20250213）,正祥食品行（黃日香豆干台北總店）,萬華區,臺北市萬華區中華路2段66號1樓/實際抽驗地址為64號,,,不符合規定,防腐劑己二烯酸2.3g/kg（標準：2.0g/kg以下）,正祥食品行（黃日香豆干台北總店）/臺北市萬華區中華路2段66號1樓/實際抽驗地址為64號
臺北市,3700,2024-11-19,年節食品,花生製品,原味花生粉(有效日期： 20250216),彼娜滋,信義區,,,,不符合規定,1.黃麴毒素B1：27.3µg/kg（標準：2µg/kg以下）及總黃麴毒素：33.5µg/kg（標準：4µg/kg以下） 2.產品外包裝未標示「內容物名稱」、「淨重、容量或數量」、「製造廠商或國內負責廠商名稱」、「原產地 （國）」、「營養標示」，且未標示「有效日期」字樣,彼娜滋
臺北市,3701,2024-11-19,年節食品,水產及其加工品,樂食鱻香菇虱目魚丸（有效日期： 2025.09.12）,三允有限公司(米特肉舖),內湖區,臺北市內湖區成功路4段30巷 10號,,,不符合規定,檢出防腐劑己二烯酸0.24g/kg（標準：2.0g/kg以下），惟外包裝未標示該食品添加物名稱，及標示「不添加防腐劑」字樣，標示不實,三允有限公司(米特肉舖)/臺北市內湖區成功路4段30巷 10號
臺北市,3711,2024-11-19,年節食品,花生製品,基隆劉家純無糖花生醬,蝦皮-巧巧精品冷凍食品團購窩,信義區,,,,不符合規定,產品外包裝未標示「品名」、「內容物名稱」、「淨 重、容量或數量」、「原產地（國）」及「有效日期」且營養標示未標示「每100公克（或毫升）」,蝦皮-巧巧精品冷凍食品團購窩
臺北市,3749,2024-11-15,年節食品,根莖菜類,白蘿蔔,純香食品行,內湖區,臺北市內湖區南京東路6段330巷18弄15號2樓,,,不符合規定,殺蟲劑Chlorfenapyr克凡派0.08 ppm（標準：0.05 ppm以下） 殺蟲劑Chlorpyrifos陶斯松0.01 ppm（標準：不得檢出）殺蟲劑Fipronil-sulfone芬普尼代謝物0.004 ppm（標準： 0.001ppm以下）,純香食品行/臺北市內湖區南京東路6段330巷18弄15號2樓
臺北市,3750,2024-11-15,年節食品,竹笙,竹笙(有效日期： 20260616),萬年興商行,內湖區,臺北市內湖區內湖路3段107號1樓,,,不符合規定,產品屬包裝食品惟未依規定以中文標示,萬年興商行/臺北市內湖區內湖路3段107號1樓
臺北市,3751,2024-11-14,年節食品,蕈菜類,猴頭菇,大福慧素食食品商行,萬華區,臺北市萬華區西藏路293號1樓,,,不符合規定,生長調節劑Chlormequat克美素0.13ppm（標準：不得檢出）,大福慧素食食品商行/臺北市萬華區西藏路293號1樓
臺北市,3786,2024-11-12,年節食品,竹笙,竹笙,鼎旺麻辣有限公司(鼎旺麻辣鍋),大安區,臺北市大安區大安路1段 251號,,,不符合規定,重金屬鎘3mg/kg(標準：2mg/kg以下),鼎旺麻辣有限公司(鼎旺麻辣鍋)/臺北市大安區大安路1段 251號
臺北市,3787,2024-11-12,年節食品,竹笙,竹笙,鼎昌雜糧行(易順興雜糧行),信義區,臺北市信義區仁愛路4段452巷21號,,,不符合規定,重金屬鎘5mg/kg(標準：2mg/kg以下),鼎昌雜糧行(易順興雜糧行)/臺北市信義區仁愛路4段452巷21號
臺北市,3788,2024-11-12,年節食品,包葉菜類,包心芥菜,吉米蔬果行,信義區,臺北市信義區中坡南路257號及261號,,,不符合規定,殺蟲劑Acetamiprid亞滅培2.5 ppm（標準：2.0 ppm以下） 殺菌劑Dimethomorph達滅芬3.7 ppm（標準：2.5ppm以下） 殺菌劑Tebuconazole得克利1.47 ppm（標準：0.05ppm以下）,吉米蔬果行/臺北市信義區中坡南路257號及261號
臺北市,3789,2024-11-12,年節食品,包葉菜類,大刈菜,第一果菜批發市場,萬華區,臺北市萬華區萬大路533號地號1209,,,不符合規定,殺菌劑Propamocarb hydrochloride普拔克6.6ppm（標準： 5.0ppm以下） 殺菌劑Tebuconazole得克利0.23ppm（標準：0.05 ppm以下）,第一果菜批發市場/臺北市萬華區萬大路533號地號1209
臺北市,3790,2024-11-12,年節食品,小葉菜類,刈菜,謝O壹,中山區,臺北市中山區民族東路410巷2弄O號前,,,不符合規定,殺菌劑Propam ocarb hydrochloride普拔克11.6ppm（標準：5.0ppm以下） 殺菌劑Tebuconazole得克利0.16ppm（標準：0.05ppm以下）,謝O壹/臺北市中山區民族東路410巷2弄O號前
臺北市,3791,2024-11-12,年節食品,根莖菜類,農產白蘿蔔,台北市農會蔬果舖子,大安區,臺北市大安區復興南路1段340巷旁空地,,,不符合規定,殺蟲劑Thiamethoxam賽速安0.52ppm（標準：0.25ppm以下）,台北市農會蔬果舖子/臺北市大安區復興南路1段340巷旁空地
臺北市,3792,2024-11-12,年節食品,果菜類,辣椒(FV1小紅),3499林O鴦,萬華區,臺北市萬華區萬大路533號第一果菜批發市場地號2215,,,不符合規定,殺菌劑Cyprodinil賽普洛0.8ppm（標準：0.5ppm以下）,3499林O鴦/臺北市萬華區萬大路533號第一果菜批發市場地號2215
臺北市,3793,2024-11-12,年節食品,根莖菜類,白蘿蔔(SA9),捷達農產企業社,萬華區,臺北市萬華區萬大路424巷151號環南市場甲棟1樓第121號攤,,,不符合規定,殺蟲劑Clothianidin可尼丁0.15 ppm（標準：0.02 ppm以下） 殺蟲劑Thiamethoxam賽速安0.91 ppm（標準：0.25 ppm 以下） 殺蟲劑Trichlorfon三氯松0.08 ppm（標準：0.01 ppm以下） 殺蟲劑Cyhalothrin賽洛寧0.08 ppm（標準：0.01 ppm以下）,捷達農產企業社/臺北市萬華區萬大路424巷151號環南市場甲棟1樓第121號攤
臺北市,3794,2024-11-12,年節食品,香辛植物類,特花椒粒（有效日期： 20261019）,興長生蔘藥行,信義區,臺北市信義區吳興街197號,,,不符合規定,殺蟲劑Acetamiprid亞滅培1.08ppm（標準：0.05ppm以下） 殺蟲劑Bifenthrin畢芬寧0.07ppm（標準：0.03ppm以下） 殺蟲劑Carbofuran加保扶0.82ppm（標準：不得檢出）殺蟲劑Chlorpyrifos陶斯松0.35ppm（標準：不得檢出）殺蟲劑Clothianidin可尼丁0.08ppm（標準：0.03ppm以下） 殺菌劑Difenoconazole待克利0.32ppm（標準：0.05ppm以下） 殺蟲劑Imidacloprid益達胺0.27ppm（標準：0,興長生蔘藥行/臺北市信義區吳興街197號
臺北市,3795,2024-11-12,年節食品,木耳,白木耳,趙不金號(協盛福州商店),中正區,臺北市中正區羅斯福路1段8號 1樓南門市場1F-20,,,不符合規定,殺蟲劑Imidacloprid益達胺0.50ppm(標準：0.05ppm以下)殺蟲劑Methomyl納乃得0.10ppm(標準：不得檢出) 殺蟲劑Phoxim巴賽松0.09ppm(標準：不得檢出),趙不金號(協盛福州商店)/臺北市中正區羅斯福路1段8號 1樓南門市場1F-20
臺北市,3796,2024-11-11,年節食品,巴西蘑菇,巴西蘑菇,勝隆南北雜貨行,大同區,臺北市大同區迪化街1段258號1樓,,,不符合規定,重金屬鎘9mg/kg（標準：2mg/kg以下）,勝隆南北雜貨行/臺北市大同區迪化街1段258號1樓
臺北市,3828,2024-11-08,年節食品,竹笙,竹荪(製造日期： 20241010),蝦皮購物-台瑞格(美食&日用品),信義區,,,,不符合規定,1.重金屬鎘5mg/kg（標準：2mg/kg以下） 2.產品屬包裝食品惟未依規定以中文標示,蝦皮購物-台瑞格(美食&日用品)
臺北市,3829,2024-11-08,年節食品,竹笙,竹荪(製造日期： 20240903),蝦皮購物-台瑞格(美食&日用品),信義區,,,,不符合規定,1.殺蟲劑克凡派0.09ppm（標準：0.05ppm以下） 2.產品外包裝未依規定以中文標示,蝦皮購物-台瑞格(美食&日用品)
臺北市,3831,2024-11-07,蔬果,小葉菜類,菠菜,灃群物流有限公司,萬華區,臺北市萬華區環河南路3段117、119號,,,不符合規定,殺菌劑Flutolanil福多寧2.9ppm（標準：2.0ppm以下） 殺蟲劑Methomyl納乃得5.8ppm（標準：3.0ppm以下）,灃群物流有限公司/臺北市萬華區環河南路3段117、119號
臺北市,3832,2024-11-06,蔬果,香辛植物及其他草木本植物,香菜(芫荽),阿萬青菜號,中正區,臺北市中正區羅斯福路1段8號南門市場B1-17、63、64號攤,,,不符合規定,殺蟲劑Fenitrothion 撲滅松0.02ppm(標準：0.01ppm以下) 殺蟲劑Imidacloprid 益達胺0.03ppm(標準：0.01ppm以下) 殺菌劑Iprodione 依普同0.03ppm(標準：0.01ppm以下) 殺菌劑Mandipropamid 曼普胺0.01ppm(標準：不得檢出),阿萬青菜號/臺北市中正區羅斯福路1段8號南門市場B1-17、63、64號攤
臺北市,3833,2024-11-06,蔬果,根莖菜類,白蘿蔔,景O文,萬華區,臺北市萬華區環河南路2段245號115號攤,,,不符合規定,殺蟲劑Fipronil芬普尼0.001ppm、Fipronil-sulfone芬普尼代謝物0.003ppm，合計共0.004ppm（標準：0.001ppm以下）,景O文/臺北市萬華區環河南路2段245號115號攤
臺北市,3834,2024-11-06,蔬果,小葉菜類,菠菜,景O文,萬華區,臺北市萬華區環河南路2段245號115號攤,,,不符合規定,殺草劑Oxadiazon 樂滅草0.04ppm(標準：0.01ppm以下),景O文/臺北市萬華區環河南路2段245號115號攤
臺北市,3839,2024-11-06,蔬果,小葉菜類,茼蒿,三商家購股份有限公司中正汀州分公司（美廉社中正汀州店）,中正區,臺北市中正區汀州路1段220號,,,不符合規定,殺菌劑Flutolanil 福多寧2.7ppm(標準：2.0ppm以下),三商家購股份有限公司中正汀州分公司（美廉社中正汀州店）/臺北市中正區汀州路1段220號
臺北市,3840,2024-11-05,蔬果,香辛植物及其他草木本植物,特選香菜(芫荽),全聯實業股份有限公司天母天玉分公司(全聯福利中心),士林區,臺北市士林區天母西路3號地下,,,不符合規定,殺草劑Linuron理有龍0.02ppm（標準：不得檢出）,全聯實業股份有限公司天母天玉分公司(全聯福利中心)/臺北市士林區天母西路3號地下
臺北市,3841,2024-11-05,蔬果,香辛植物及其他草木本植物,芫荽(香菜),尚揚蔬果行,松山區,臺北市松山區南京東路5段291巷30號1樓,,,不符合規定,殺蟲劑Diazinon 大利松0.01ppm(標準：不得檢出),尚揚蔬果行/臺北市松山區南京東路5段291巷30號1樓
臺北市,3844,2024-11-05,蔬果,小葉菜類,油菜,三軍總醫院營養部,內湖區,臺北市內湖區成功路2段325號B1,,,不符合規定,殺蟲劑Chlorfenapyr 克凡派2.2ppm(標準：1.0ppm以下) 殺蟲劑Fipronil 芬普尼0.435ppm及芬普尼代謝物Fipronil-sulfone0.083ppm，合計共0.518ppm(標準：0.001ppm以下) 殺蟲劑Indoxacarb 因得克3.7ppm(標準：2.0ppm以下) 殺蟲劑Pyriproxyfen 百利普芬1.53ppm(標準：0.01ppm以下),三軍總醫院營養部/臺北市內湖區成功路2段325號B1
臺北市,3845,2024-11-05,蔬果,小葉菜類,青江菜,統康生活事業股份有限公司天母分公司（Mia Cbon）,士林區,臺北市士林區天母西路3號2樓,,,不符合規定,殺蟲劑Chlorfenapyr 克凡派2.0ppm(標準：1.0ppm以下) 殺蟲劑Indoxacarb 因得克2.4ppm(標準：2.0ppm以下),統康生活事業股份有限公司天母分公司（Mia Cbon）/臺北市士林區天母西路3號2樓
臺北市,3846,2024-11-05,蔬果,香辛植物及其他草木本植物,香菜(芫荽),蔬菜攤(程O明),中山區,臺北市中山區錦西街26號,,,不符合規定,殺草劑Linuron 理有龍0.03ppm(標準：不得檢出),蔬菜攤(程O明)/臺北市中山區錦西街26號
臺北市,3864,2024-11-01,蔬果,小葉菜類,蔥,人杰老四川餐飲管理顧問股份有限公司台北南京東分公司（老四川巴蜀麻辣燙）,中山區,臺北市中山區南京東路2段45號1-2樓、47號1-3樓,,,不符合規定,殺菌劑Thifluzamide賽氟滅0.02ppm（標準：不得檢出）,人杰老四川餐飲管理顧問股份有限公司台北南京東分公司（老四川巴蜀麻辣燙）/臺北市中山區南京東路2段45號1-2樓、47號1-3樓
臺北市,3865,2024-11-01,蔬果,果菜類,彩色甜椒,第二果菜批發市場19-09號攤,中山區,臺北市中山區民族東路336號1樓,,,不符合規定,殺蟲劑Profenophos 佈飛松1.8ppm(標準：1.0ppm以下),第二果菜批發市場19-09號攤/臺北市中山區民族東路336號1樓
臺北市,3866,2024-11-01,蔬果,小葉菜類,菠菜,同學の店,信義區,臺北市信義區仁愛路4段496巷19號,,,不符合規定,殺蟲劑Imidacloprid益達胺1.7pm（標準：1.0ppm以下）,同學の店/臺北市信義區仁愛路4段496巷19號
臺北市,3867,2024-11-01,蔬果,小葉菜類,芥藍,同學の店,信義區,臺北市信義區仁愛路4段496巷19號,,,不符合規定,殺蟲劑Emamectin benzoate 因滅汀總量0.13ppm(標準：0.05ppm以下) 殺蟲劑Fenvalerate 芬化利5.1ppm(標準：2.0ppm以下) 殺蟲劑Methomyl 納乃得5.1ppm(標準：3.0ppm以下) 殺蟲劑Profenophos 佈飛松1.3ppm(標準：1.0ppm以下) 殺菌劑Pyraclostrobin 百克敏3.2ppm(標準：2.0ppm以下) 殺蟲劑Pyriproxyfen 百利普芬0.98ppm(標準：0.01ppm以下) 殺蟲劑Thi,同學の店/臺北市信義區仁愛路4段496巷19號
臺北市,3868,2024-11-01,蔬果,小葉菜類,油菜,丰明殿涮涮鍋殿堂信義店(丰明殿),信義區,臺北市信義區信義路4段393號,,,不符合規定,殺蟲劑Acetamiprid 亞滅培9.1ppm(標準：2.0ppm以下) 殺菌劑Carbendazim 貝芬替1.3ppm(標準：1.0ppm以下) 殺蟲劑Chlorfenapyr 克凡派3.8ppm(標準：1.0ppm以下) 殺蟲劑Cyantraniliprole 賽安勃0.34ppm(標準：不得檢出) 殺蟲劑Fipronil 芬普尼0.002ppm及芬普尼代謝物Fipronil-sulfone0.002ppm，合計共0.004ppm(標準0.001ppm以下) 殺菌劑Propamocarb,丰明殿涮涮鍋殿堂信義店(丰明殿)/臺北市信義區信義路4段393號
臺北市,3878,2024-11-01,蔬果,小葉菜類,蔥,第二果菜批發市場18-08號攤,中山區,臺北市中山區民族東路336號,,,不符合規定,殺蟎劑Spirodiclofen 賜派芬0.07ppm(標準：0.01ppm以下),第二果菜批發市場18-08號攤/臺北市中山區民族東路336號
臺北市,3891,2024-11-01,蔬果,小葉菜類,青江菜,築間餐飲事業股份有限公司信義世貿營業所(築間幸福鍋物),信義區,臺北市信義區基隆路1段426號1樓,,,不符合規定,殺蟲劑Chlorfenapyr 克凡派1.3ppm(標準：1.0ppm以下),築間餐飲事業股份有限公司信義世貿營業所(築間幸福鍋物)/臺北市信義區基隆路1段426號1樓
臺北市,3947,2024-10-18,油品抽驗計畫,鮮奶油,動物性鮮奶油,燈燦食品有限公司,大同區,臺北市大同區民樂街125號1樓,,,不符合規定,營養標示反式脂肪含量為「每份：0公克/每100公克：0公克」，惟檢出每100公克反式脂肪酸含量0.41公克，依據「包裝食品營養標示應遵行事項」，每100公克固體（半固體）反式脂肪酸含量不超過0.3公克得標示為0，案內產品應依實際數值標示。,燈燦食品有限公司/臺北市大同區民樂街125號1樓
臺北市,3948,2024-10-18,火鍋料,鮮果蔬菜類及其加工品,青蔥,明煬四方有限公司（丰明殿）,北投區,臺北市北投區東華街1段362號1樓,,,不符合規定,1.殺菌劑賽氟滅(Thifluzamide)：0.14ppm(標準：不得檢出),明煬四方有限公司（丰明殿）/臺北市北投區東華街1段362號1樓
臺北市,3949,2024-10-18,火鍋料,花生粉,花生粉,寒順企業社（寒聚精緻鍋物）,北投區,臺北市北投區石牌路2段97巷8號1樓,,,不符合規定,1.黃麴毒素B1：19.0 μg/kg（標準：2 μg/kg以下） 2.總黃麴毒素B1+B2+G1+G2：21.7μg/kg（標準：4 μg/kg以下）,寒順企業社（寒聚精緻鍋物）/臺北市北投區石牌路2段97巷8號1樓
臺北市,3950,2024-10-18,火鍋料,鮮果蔬菜類及其加工品,青蔥,百世佳興業有限公司石牌分公司（火鍋世家）,北投區,臺北市北投區石牌路2段335號,,,不符合規定,1.殺菌劑四克利(Tetraconazole)：0.09ppm(標準：0.01ppm),百世佳興業有限公司石牌分公司（火鍋世家）/臺北市北投區石牌路2段335號
臺北市,3951,2024-10-18,火鍋料,鮮果蔬菜類及其加工品,三星青蔥 SE1,富樂台式有限公司(富樂台式涮涮鍋),士林區,臺北市士林區承德路4段 75-1號,,,不符合規定,1.殺蟲劑克凡派(Chlorfenapyr)：2.2ppm(標準：1.0ppm),富樂台式有限公司(富樂台式涮涮鍋)/臺北市士林區承德路4段 75-1號
臺北市,3952,2024-10-18,火鍋料,豆腐,豆腐,富樂台式有限公司(富樂台式涮涮鍋),士林區,臺北市士林區承德路4段 75-1號,,,不符合規定,1.苯甲酸：0.5 g/kg(標準：不得檢出),富樂台式有限公司(富樂台式涮涮鍋)/臺北市士林區承德路4段 75-1號
臺北市,3970,2024-10-17,火鍋料,鮮果蔬菜類及其加工品,青江菜,格萊思美國際餐飲股份有限公司(心心麻辣鍋),萬華區,臺北市萬華區成都路141號,,,不符合規定,1.殺蟲劑芬普尼(Fipronil)：0.372ppm、芬普尼代謝物(Fipronil- sulfone)：0.039ppm，共計0.411 ppm（標準：0.001ppm以下） 2.殺蟲劑托福松(Terbufos)：1.42ppm (標準：0.05ppm),格萊思美國際餐飲股份有限公司(心心麻辣鍋)/臺北市萬華區成都路141號
臺北市,3971,2024-10-17,火鍋料,鮮果蔬菜類及其加工品,白蘿蔔,辣之王麻辣火鍋店(夯麻辣火鍋燒肉),萬華區,臺北市萬華區昆明街76號2樓,,,不符合規定,1.殺蟲劑賽洛寧(λ-Cyhalothrin)：0.02ppm (標準：0.01ppm),辣之王麻辣火鍋店(夯麻辣火鍋燒肉)/臺北市萬華區昆明街76號2樓
臺北市,3972,2024-10-17,油品抽驗計畫,沙拉醬,永新烘焙沙拉醬,喜之坊食品有限公司(光復店),大安區,臺北市大安區光復南路422號,,,不符合規定,營養標示反式脂肪含量為「每份：0公克/每100公克：0公克」，惟檢出每100公克反式脂肪酸含量0.40公克，依據「包裝食品營養標示應遵行事項」，每100公克固體（半固體）反式脂肪酸含量不超過0.3公克得標示為0，案內產品應依實際數值標示。,喜之坊食品有限公司(光復店)/臺北市大安區光復南路422號
臺北市,4010,2024-10-15,火鍋料,鮮果蔬菜類及其加工品,青江菜,三澧企業股份有限公司（Mo- Mo-Paradise南港潤泰牧場）,南港區,臺北市南港區忠孝東路7段369號C棟10樓,,,不符合規定,1.殺蟲劑克凡派(Chlorfenapyr)：1.1ppm(標準：1.0ppm) 2.殺蟲劑賽安勃(Cyantraniliprole)：0.77ppm(標準：不得檢出) 3.殺蟲劑芬普尼（Fipronil）：0.144ppm、芬普尼代謝物（ Fipronil-sulfone）：0.047ppm，共計0.191 ppm（標準：0.001ppm以下）,三澧企業股份有限公司（Mo- Mo-Paradise南港潤泰牧場）/臺北市南港區忠孝東路7段369號C棟10樓
臺北市,4011,2024-10-14,火鍋料,鮮果蔬菜類及其加工品,蔥,昕殿有限公司（辛殿麻辣鍋信義店）,信義區,臺北市信義區松壽路28號1樓,,,不符合規定,1.殺蟲劑滅芬諾(Methoxyfenozide)：0.29ppm(標準：0.01ppm) 2.殺菌劑賽氟滅(Thifluzamide)：0.55ppm(標準：不得檢出),昕殿有限公司（辛殿麻辣鍋信義店）/臺北市信義區松壽路28號1樓
臺北市,4012,2024-10-14,火鍋料,鮮果蔬菜類及其加工品,青江菜,旨王開發有限公司（王鍋屋新京都風味鍋物）,信義區,臺北市信義區松壽路12號5樓,,,不符合規定,1.殺蟲劑克凡派(Chlorfenapyr)：1.8ppm(標準：1.0ppm) 2.殺蟲劑賽安勃(Cyantraniliprole)：0.43ppm(標準：不得檢出) 3.殺蟲劑芬普尼（Fipronil）：0.077ppm、芬普尼代謝物（ Fipronil-sulfone）：0.027ppm，共計檢出0.104 ppm（標準： 0.001ppm 以下）,旨王開發有限公司（王鍋屋新京都風味鍋物）/臺北市信義區松壽路12號5樓
臺北市,4059,2024-10-04,蔬果,香辛植物及其他草木本植物,香菜(芫荽),黃O玉,萬華區,臺北市萬華區萬大路533號地號928,,,不符合規定,殺蟲劑Chlorpyrifos 陶斯松0.01ppm(標準：不得檢出) 殺蟲劑Fenitrothion 撲滅松0.03ppm(標準：0.01ppm以下) 殺草劑Oxadiazon 樂滅草0.02ppm(標準：0.01ppm以下) 殺草劑Pendimethalin 施得圃0.2ppm(標準：0.1ppm以下),黃O玉/臺北市萬華區萬大路533號地號928
臺北市,4060,2024-10-04,蔬果,小葉菜類,青蔥,御鼎屋食品股份有限公司,士林區,臺北市士林區中山北路6段711號,,,不符合規定,殺蟲劑Chlorfenapyr 克凡派4.6ppm(標準：1.0ppm以下) 生長調節劑Paclobutrazol 巴克素0.09ppm(標準：0.01ppm以下) 殺蟲劑Pyriproxyfen 百利普芬0.05ppm(標準：0.01ppm以下),御鼎屋食品股份有限公司/臺北市士林區中山北路6段711號
臺北市,4081,2024-10-04,蔬果,小葉菜類,青江白菜,御鼎屋食品股份有限公司,士林區,臺北市士林區中山北路6段711號,,,不符合規定,殺蟲劑Tolfenpyrad 脫芬瑞1.2ppm(標準：0.5ppm以下),御鼎屋食品股份有限公司/臺北市士林區中山北路6段711號
臺北市,4082,2024-10-04,蔬果,香辛植物及其他草木本植物,香菜(芫荽),王O鴻,大安區,臺北市大安區臨江街70號前,,,不符合規定,殺草劑Linuron 理有龍0.02ppm(標準：不得檢出) 殺菌劑Thifluzamide 賽氟滅0.03ppm(標準：不得檢出),王O鴻/臺北市大安區臨江街70號前
臺北市,4083,2024-10-04,蔬果,小葉菜類,紅鳳菜,輝哥蔬菜批發行,萬華區,臺北市萬華區環河南路2段245號環南市場蔬菜區第184號,,,不符合規定,殺草劑Ametryn 草殺淨0.12ppm(標準：不得檢出) 殺蟲劑Indoxacarb 因得克0.06ppm(標準：0.01ppm以下),輝哥蔬菜批發行/臺北市萬華區環河南路2段245號環南市場蔬菜區第184號
臺北市,4084,2024-10-04,蔬果,小葉菜類,紅鳳菜,茂盛蔬菜商行,萬華區,臺北市萬華區環河南路2段245號環南市場第198號攤,,,不符合規定,殺草劑Ametryn 草殺淨0.02ppm(標準：不得檢出) 殺蟲劑Indoxacarb 因得克0.05ppm( 標準：0.01ppm以下),茂盛蔬菜商行/臺北市萬華區環河南路2段245號環南市場第198號攤
臺北市,4085,2024-10-04,蔬果,果菜類,茄子,台灣產健股份有限公司台北2店(良食生活),大安區,臺北市大安區敦化南路1段233巷68號,,,不符合規定,殺蟲劑Imidacloprid 益達胺0.9ppm(標準：0.5ppm以下) 殺菌劑Thifluzamide 賽氟滅0.02ppm(標準：不得檢出),台灣產健股份有限公司台北2店(良食生活)/臺北市大安區敦化南路1段233巷68號
臺北市,4086,2024-10-04,蔬果,根莖菜類,白蘿蔔(包),御鼎屋食品股份有限公司,士林區,臺北市士林區中山北路6段711號,,,不符合規定,殺蟲劑Clothianidin 可尼丁0.20ppm(標準：0.02ppm以下) 殺蟲劑Lufenuron 祿芬隆0.02ppm(標準：0.01ppm以下),御鼎屋食品股份有限公司/臺北市士林區中山北路6段711號
臺北市,4087,2024-10-04,蔬果,香辛植物及其他草木本植物,芫荽(香菜),果菜俗賣,北投區,臺北市北投區自強街119號,,,不符合規定,殺菌劑Dimethomorph 達滅芬0.02ppm(標準：0.01ppm以下) 殺菌劑Procymidone 撲滅寧0.09ppm(標準：0.01ppm以下),果菜俗賣/臺北市北投區自強街119號
臺北市,4088,2024-10-04,蔬果,根莖菜類,白蘿蔔,茂盛蔬菜商行,萬華區,臺北市萬華區環河南路2段245號環南市場第198號攤,,,不符合規定,殺蟲劑Fipronil-sulfone芬普尼代謝物0.002ppm(標準：0.001ppm以下),茂盛蔬菜商行/臺北市萬華區環河南路2段245號環南市場第198號攤
臺北市,4104,2024-10-01,蔬果,果菜類,辣椒條,唐龍國際餐飲股份有限公司(龍軒傳承),中山區,臺北市中山區長春路90號2樓,,,不符合規定,殺菌劑Difenoconazole 待克利2.7ppm(標準：0.5ppm以下) 殺蟎劑Pyridaben 畢達本0.8ppm(標準：0.5ppm以下),唐龍國際餐飲股份有限公司(龍軒傳承)/臺北市中山區長春路90號2樓
臺北市,4105,2024-10-01,蔬果,香辛植物及其他草木本植物,香菜(芫荽),吉晟蔬果行,中山區,臺北市中山區錦州街222號松江市場69,,,不符合規定,殺蟲劑Fenitrothion 撲滅松0.03ppm(標準：0.01ppm以下) 殺菌劑Procymidone 撲滅寧0.02ppm(標準：0.01ppm以下),吉晟蔬果行/臺北市中山區錦州街222號松江市場69
臺北市,4106,2024-10-01,蔬果,大漿果類,網室木瓜台農2號,菓之鄉水果專賣店,南港區,臺北市南港區同德路60號,,,不符合規定,殺蟲劑Pyriproxyfen 百利普芬0.04ppm(標準：0.01ppm以下),菓之鄉水果專賣店/臺北市南港區同德路60號
臺北市,4107,2024-10-01,蔬果,小葉菜類,青蔥,全聯實業股份有限公司中山吉林分公司,中山區,臺北市中山區吉林路213、215、217、219號1樓,,,不符合規定,殺蟲劑Fipronil-sulfone芬普尼代謝物0.003ppm(標準：0.001ppm以下),全聯實業股份有限公司中山吉林分公司/臺北市中山區吉林路213、215、217、219號1樓
臺北市,4108,2024-10-01,蔬果,大漿果類,木瓜(台農2號),東和蔬果行,內湖區,臺北市內湖區五分街16號1樓,,,不符合規定,殺菌劑Famoxadone 凡殺同0.02ppm(標準：0.01ppm以下),東和蔬果行/臺北市內湖區五分街16號1樓
臺北市,4109,2024-10-01,蔬果,小葉菜類,青江菜,統康生活事業股份有限公司台北農安二店分公司（家樂福超市）,中山區,臺北市中山區農安街26號、26-1號,,,不符合規定,殺草劑Oxadiazon 樂滅草0.02ppm(標準：0.01ppm以下),統康生活事業股份有限公司台北農安二店分公司（家樂福超市）/臺北市中山區農安街26號、26-1號
臺北市,4110,2024-10-01,蔬果,香辛植物及其他草木本植物,香菜(芫荽),臺北市第二果菜批發市場20-14攤,中山區,臺北市中山區民族東路336號1樓,,,不符合規定,殺蟲劑Fenitrothion 撲滅松0.02ppm(標準：0.01ppｍ以下),臺北市第二果菜批發市場20-14攤/臺北市中山區民族東路336號1樓
臺北市,4111,2024-10-01,蔬果,大漿果類,特選百香果,菓之鄉水果專賣店,南港區,臺北市南港區同德路60號,,,不符合規定,殺蟲劑Cyromazine 賽滅淨0.48ppm(標準：不得檢出) 殺蟎劑Pyridaben 畢達本0.04ppm(標準：不得檢出),菓之鄉水果專賣店/臺北市南港區同德路60號
臺北市,4112,2024-10-01,蔬果,香辛植物及其他草木本植物,香菜(芫荽),萬日蔬果行,內湖區,臺北市內湖區五分街臨16之10號,,,不符合規定,殺草劑Ametryn 草殺淨0.01ppm(標準：不得檢出) 殺蟲劑 Chlorpyrifos 陶斯松0.02ppm(標準：不得檢出) 殺蟲劑Fenitrothion 撲滅松0.02ppm(標準：0.01ppm以下) 殺草劑Pendimethalin 施得圃0.2ppm(標準：0.1ppm以下),萬日蔬果行/臺北市內湖區五分街臨16之10號
臺北市,4189,2024-09-11,醃製及脫水蔬果(含蜜餞),蜜餞食品,脫水李,甜園小舖,信義區,臺中市南屯區文昌街222號,,,不符合規定,檢出甜味劑「醋磺內酯鉀」及「蔗糖素」，惟未於成分內容物標示。,甜園小舖/臺中市南屯區文昌街222號
臺北市,4190,2024-09-11,醃製及脫水蔬果(含蜜餞),八仙果,八仙果(赤小柚),甜園小舖,信義區,臺中市南屯區文昌街222號,,,不符合規定,檢出甜味劑「醋磺內酯鉀」惟未於成分內容物標示。,甜園小舖/臺中市南屯區文昌街222號
臺北市,4191,2024-09-11,醃製及脫水蔬果(含蜜餞),其他糖漬鹽漬果類,青芒果(情人果),甜園小舖,信義區,臺中市南屯區文昌街222號,,,不符合規定,檢出甜味劑「蔗糖素」惟未於成分內容物標示。,甜園小舖/臺中市南屯區文昌街222號
臺北市,4261,2024-09-06,蔬果,小葉菜類,青蔥,第二果菜批發市場第19-13號攤(胡O傑),中山區,臺北市中山區民族東路336號,,,不符合規定,殺蟎劑Ethion 愛殺松0.04ppm(標準：不得檢出),第二果菜批發市場第19-13號攤(胡O傑)/臺北市中山區民族東路336號
臺北市,4262,2024-09-06,蔬果,小葉菜類,芹菜,第二果菜批發市場第23-13號攤(張O淳),中山區,臺北市中山區民族東路336號,,,不符合規定,除草劑Metolachlor 莫多草0.04ppm(標準：0.01ppm以下) 殺草劑Pendimethalin 施得圃0.2ppm(標準：0.1ppm以下) 殺菌劑Pyraclostrobin 百克敏2.5ppm(標準：2.0ppm以下) 殺蟲劑Terbufos 托福松0.07ppm(標準：0.05ppm以下),第二果菜批發市場第23-13號攤(張O淳)/臺北市中山區民族東路336號
臺北市,4263,2024-09-06,醃製及脫水蔬果(含蜜餞),蜜餞食品,情人果,新百果山蜜餞專賣店,信義區,彰化縣員林市出水巷15-30號,,,不符合規定,檢出甜味劑「醋磺內酯鉀」及「蔗糖素」，惟未於成分內容物標示。,新百果山蜜餞專賣店/彰化縣員林市出水巷15-30號
臺北市,4264,2024-09-06,醃製及脫水蔬果(含蜜餞),蜜餞食品,油切菓,新百果山蜜餞專賣店,信義區,彰化縣員林市出水巷15-30號,,,不符合規定,檢出甜味劑「紐甜」及「蔗糖素」，惟未於成分內容物標示。,新百果山蜜餞專賣店/彰化縣員林市出水巷15-30號
臺北市,4265,2024-09-05,醃製及脫水蔬果(含蜜餞),蜜餞食品,洛神花,陳Ο君,信義區,桃園市中壢區青峰路2段,,,不符合規定,1.檢驗結果檢出防腐劑「己二烯酸」、著色劑「食用色素紅色六號」、甜味劑「紐甜」及「甜菊糖」，惟未於成分內容物標示。 2.產品外包裝未標示「製造廠商或國內負責廠商名稱、電話號碼及地址」及「淨重、容量或數量」，且營養標示未標示「每一份量（或每一份、每份）」。,陳Ο君/桃園市中壢區青峰路2段
臺北市,4266,2024-09-05,醃製及脫水蔬果(含蜜餞),蜜餞食品,化核五香橄欖,陳Ο君,信義區,桃園市中壢區青峰路2段,,,不符合規定,產品外包裝未標示「製造廠商或國內負責廠商名稱、電話號碼及地址」及「淨重、容量或數量」，且營養標示未標示「每一份量（或每一份、每份）」。,陳Ο君/桃園市中壢區青峰路2段
臺北市,4267,2024-09-05,醃製及脫水蔬果(含蜜餞),蜜餞食品,甘草杏李,陳Ο君,信義區,桃園市中壢區青峰路2段,,,不符合規定,產品外包裝未標示「製造廠商或國內負責廠商名稱、電話號碼及地址」及「淨重、容量或數量」，且營養標示未標示「每一份量（或每一份、每份）」。,陳Ο君/桃園市中壢區青峰路2段
臺北市,4268,2024-09-05,醃製及脫水蔬果(含蜜餞),醃漬蔬菜類,酸菜絲,澤鋐實業有限公司,信義區,嘉義縣梅山鄉梅北村三美庄17號附6,,,不符合規定,檢出防腐劑「苯甲酸」惟未於成分內容物標示。,澤鋐實業有限公司/嘉義縣梅山鄉梅北村三美庄17號附6
臺北市,4290,2024-09-04,蔬果,瓜菜類,大黃瓜(胡瓜),遠東都會股份有限公司復興店（city super復興店）,大安區,臺北市大安區忠孝東路3段300號B3樓,,,不符合規定,殺蟲劑Trichlorfon 三氯松0.02ppm(標準：0.01ppm以下),遠東都會股份有限公司復興店（city super復興店）/臺北市大安區忠孝東路3段300號B3樓
臺北市,4291,2024-09-04,蔬果,小葉菜類,進口西洋芹,遠百企業股份有限公司忠孝分公司(愛買忠孝店),信義區,臺北市信義區忠孝東路5段297號地下3樓,,,不符合規定,殺蟲劑Cyantraniliprole 賽安勃0.02ppm(標準：不得檢出),遠百企業股份有限公司忠孝分公司(愛買忠孝店)/臺北市信義區忠孝東路5段297號地下3樓
臺北市,4292,2024-09-04,蔬果,香辛植物及其他草木本植物,芫荽(香菜),遠東都會股份有限公司復興店（city super復興店）,大安區,臺北市大安區忠孝東路3段300號B3樓,,,不符合規定,殺菌劑Dimethomorph 達滅芬0.07ppm(標準：0.01ppm以下) 殺菌劑Diniconazole 達克利0.02ppm(標準：不得檢出) 殺菌劑Fluopicolide 氟比來0.02ppm(標準：0.01ppm以下) 殺菌劑Flusilazole 護矽得0.09ppm(標準：不得檢出) 殺菌劑Prochloraz 撲克拉0.10ppm(標準：0.01ppm以下) 殺菌劑Procymidone 撲滅寧0.02ppm(標準：0.01ppm以下) 殺菌劑Propiconazole 普,遠東都會股份有限公司復興店（city super復興店）/臺北市大安區忠孝東路3段300號B3樓
臺北市,4293,2024-09-04,蔬果,香辛植物及其他草木本植物,香菜(芫荽),第二果菜批發市場第17-11號攤(莊O逸),中山區,臺北市中山區民族東路336號,,,不符合規定,殺草劑Ametryn 草殺淨0.04ppm(標準：不得檢出) 殺菌劑Hexaconazole 菲克利0.02ppm(標準：0.01ppm以下),第二果菜批發市場第17-11號攤(莊O逸)/臺北市中山區民族東路336號
臺北市,4304,2024-09-04,醃製及脫水蔬果(含蜜餞),八仙果,八仙果佛手金磚塊,金德恩國際貿易有限公司,信義區,新北市蘆洲區中山一路282號2樓,,,不符合規定,檢出著色劑「食用色素紅色六號」、「食用色素黃色五號」及「食用色素藍色一號」及甜味劑「甘草素」，惟未於成分內容物標示。,金德恩國際貿易有限公司/新北市蘆洲區中山一路282號2樓
臺北市,4305,2024-09-04,醃製及脫水蔬果(含蜜餞),八仙果,自然優烏梅八仙果,宏宇農產生技企業有限公司,信義區,臺南市官田區建業路3號,,,不符合規定,檢出甜味劑「甘草素」惟未於成分內容物標示。,宏宇農產生技企業有限公司/臺南市官田區建業路3號
臺北市,4306,2024-09-04,醃製及脫水蔬果(含蜜餞),蜜餞食品,化應子,維元食品有限公司,信義區,新北市板橋區和平路10之1號3樓,,,不符合規定,檢出甜味劑「蔗糖素」惟未於成分內容物標示。,維元食品有限公司/新北市板橋區和平路10之1號3樓
臺北市,4307,2024-09-03,蔬果,果菜類,朝天椒(辣椒),第一果菜批發市場,萬華區,臺北市萬華區萬大路533號地號919,,,不符合規定,殺蟲劑Flonicamid 氟尼胺0.02ppm(標準：0.01ppm以下),第一果菜批發市場/臺北市萬華區萬大路533號地號919
臺北市,4317,2024-09-03,蔬果,小葉菜類,青蔥,22號蔬果園,萬華區,臺北市萬華區西藏路125巷22號1樓,,,不符合規定,殺蟲劑Fipronil-sulfone芬普尼代謝物0.007ppm(標準：0.001ppm以下) 殺菌劑Fluxapyroxad 氟克殺0.7ppm(標準：0.6ppm以下),22號蔬果園/臺北市萬華區西藏路125巷22號1樓
臺北市,4318,2024-09-03,蔬果,小葉菜類,青江菜,兄弟大飯店股份有限公司(兄弟大飯店),松山區,臺北市松山區南京東路3段255號,,,不符合規定,殺蟲劑Cyantraniliprole 賽安勃0.34ppm(標準：不得檢出),兄弟大飯店股份有限公司(兄弟大飯店)/臺北市松山區南京東路3段255號
臺北市,4319,2024-09-03,蔬果,小葉菜類,青江菜,無市招菜攤(李O立),士林區,臺北市士林區文林路101巷26號前攤販,,,不符合規定,殺蟲劑Chlorfenapyr 克凡派1.1ppm(標準：1.0ppm以下) 殺蟲劑Cyantraniliprole 賽安勃0.13ppm(標準：不得檢出) 殺蟲劑Fipronil 芬普尼0.237ppm、Fipronil-sulfone芬普尼代謝物0.070ppm(標準：0.001ppm以下) 殺蟲劑Pyriproxyfen 百利普芬0.59ppm(標準：0.01ppm以下),無市招菜攤(李O立)/臺北市士林區文林路101巷26號前攤販
臺北市,4320,2024-09-03,蔬果,香辛植物及其他草木本植物,香菜(芫荽),全興蔬菜行,萬華區,臺北市萬華區環河南路2段245號環南市場33號攤,,,不符合規定,殺菌劑Dimethomorph 達滅芬0.03ppm(標準：0.01ppm以下) 殺菌劑Diniconazole 達克利0.05ppm(標準：不得檢出) 殺菌劑Fluopicolide 氟比來0.05ppm(標準：0.01ppm以下) 殺菌劑Flusilazole 護矽得0.05ppm(標準：不得檢出) 殺菌劑Prochloraz 撲克拉0.27ppm(標準：0.01ppm以下) 殺草劑Prometryn 佈滅淨0.04ppm(標準：不得檢出) 殺菌劑Propiconazole 普克利4.54p,全興蔬菜行/臺北市萬華區環河南路2段245號環南市場33號攤
臺北市,4321,2024-09-03,蔬果,小葉菜類,九層塔(羅勒),士林素食館(士林健康素食),士林區,臺北市士林區中正路281號,,,不符合規定,殺菌劑Pyraclostrobin 百克敏0.48ppm(標準：0.01ppm以下),士林素食館(士林健康素食)/臺北市士林區中正路281號
臺北市,4322,2024-09-03,蔬果,小葉菜類,油菜,阿一蔬果有限公司(阿一蔬果),南港區,臺北市南港區忠孝東路6段85號1樓,,,不符合規定,殺草劑Oxadiazon 樂滅草0.03ppm(標準：0.01ppm以下),阿一蔬果有限公司(阿一蔬果)/臺北市南港區忠孝東路6段85號1樓
臺北市,4323,2024-09-03,蔬果,根莖菜類,中國白蘿蔔600G,惠康百貨股份有限公司松山光復公司(家樂福超市),松山區,臺北市松山區光復北路198號,,,不符合規定,殺蟲劑Thiamethoxam賽速安0.27ppm(標準：0.25ppm以下),惠康百貨股份有限公司松山光復公司(家樂福超市)/臺北市松山區光復北路198號
臺北市,4329,2024-09-03,醃製及脫水蔬果(含蜜餞),八仙果,珍茶柚,惠香食品有限公司,信義區,新北市板橋區民有街5號,,,不符合規定,檢出甜味劑「甜菊糖」及「蔗糖素」，惟未於成分內容物標示。,惠香食品有限公司/新北市板橋區民有街5號
臺北市,4345,2024-09-02,蔬果,根莖菜類,進口蘿蔔600公克,全聯實業股份有限公司北投吉利分公司,北投區,臺北市北投區吉利街125號1樓,,,不符合規定,殺蟲劑Lufenuron 祿芬隆0.02ppm(標準：0.01ppm以下),全聯實業股份有限公司北投吉利分公司/臺北市北投區吉利街125號1樓
臺北市,4346,2024-09-02,蔬果,豆菜類,台灣敏豆,大潤發流通事業股份有限公司南湖分公司(大潤發),內湖區,臺北市內湖區舊宗路1段188號,,,不符合規定,殺菌劑Pyraclostrobin百克敏0.8ppm(標準：0.5ppm以下),大潤發流通事業股份有限公司南湖分公司(大潤發)/臺北市內湖區舊宗路1段188號
臺北市,4347,2024-09-02,蔬果,香辛植物及其他草木本植物,香菜(芫荽),易長泓有限公司石牌營業所（旺佳佳越法新麵包石牌店）,北投區,臺北市北投區石牌路2段72號,,,不符合規定,殺蟲劑3-OH Carbofuran3羥基加保扶0.01ppm、Carbofuran 加保扶0.01ppm(標準：不得檢出) 殺蟲劑Chlorpyrifos 陶斯松0.01ppm(標準：不得檢出) 殺菌劑Pencycuron 賓克隆0.02ppm(標準：0.01ppm以下),易長泓有限公司石牌營業所（旺佳佳越法新麵包石牌店）/臺北市北投區石牌路2段72號
臺北市,4348,2024-09-02,蔬果,小葉菜類,青蔥,蘇杭企業股份有限公司天母分公司(蘇杭365),北投區,臺北市北投區明德路365號,,,不符合規定,殺菌劑Thifluzamide 賽氟滅0.16ppm(標準：不得檢出),蘇杭企業股份有限公司天母分公司(蘇杭365)/臺北市北投區明德路365號
臺北市,4419,2024-08-20,可供食品使用中藥材,菊花,生機菊花（有效日期：20260620）,心元蔘藥行,松山區,臺北市松山區南京東路5段291巷20弄6號,,,不符合規定,1.殺蟲劑Cypermethrin賽滅寧0.14ppm（標準：0.03ppm以下）、殺草劑Pendimethalin施得圃0.07ppm（ 標準： 0.05ppm 以下）、殺菌劑Pydiflumetofen派滅芬0.10ppm（標準：不得檢出） 2.產品外包裝標示「檢驗合格」字樣及附有農藥殘留檢驗合格之檢驗報告，標示不實且易生誤解,心元蔘藥行/臺北市松山區南京東路5段291巷20弄6號
臺北市,4420,2024-08-20,可供食品使用中藥材,菊花,台灣菊花（有效日期：1160722）,利隆貿易有限公司(利隆行),大同區,臺北市大同區迪化街1段46巷18弄6號,,,不符合規定,1.殺蟲劑Chlorfenapyr 克凡派11.0ppm(標準：2.0ppm以下)、Methomyl 納乃得1.5ppm(標準：1.0ppm以下) 2.產品內附有未檢出農藥殘留之檢驗報告與外包裝標示「安心使用」字樣，標示不實且易生誤解,利隆貿易有限公司(利隆行)/臺北市大同區迪化街1段46巷18弄6號
臺北市,4421,2024-08-20,可供食品使用中藥材,白木耳,乾白木耳（干白木耳）（有效日期：20261115）,迪隆蔘藥行,大同區,臺北市大同區歸綏街220號1樓,,,不符合規定,生長調節劑Chlormequat 克美素0.08ppm(標準：不得檢出),迪隆蔘藥行/臺北市大同區歸綏街220號1樓
臺北市,4422,2024-08-20,可供食品使用中藥材,菊花,台灣菊花（有效日期：20261123）,慶峰參藥行,北投區,臺北市北投區懷德街6-6號,,,不符合規定,1.殺蟲劑Acetamiprid亞滅培3.9ppm（標準：2.0ppm以下） 2.產品外包裝標示「天然生機」字樣及產品內附有未檢出農藥殘留之檢驗報告，標示不實且易生誤解,慶峰參藥行/臺北市北投區懷德街6-6號
臺北市,4498,2024-08-07,蔬果,大漿果類,網室栽培特選台農二號紅肉木瓜,日鮮蔬果專賣店,萬華區,臺北市萬華區貴陽街2段137號,,,不符合規定,殺蟎劑Fenbutatin-oxide 芬佈賜0.02ppm(標準：不得檢出),日鮮蔬果專賣店/臺北市萬華區貴陽街2段137號
臺北市,4509,2024-08-07,蔬果,小葉菜類,油菜,宜新蔬果行,萬華區,臺北市萬華區富民路155巷49之3號1樓,,,不符合規定,殺蟲劑Abamectin 阿巴汀0.06ppm(標準：0.05ppm以下) 殺蟲劑Chlorfenapyr 克凡派1.4ppm(標準：1.0ppm以下) 殺蟲劑Cyantraniliprole 賽安勃0.05ppm(標準：不得檢出) 殺蟲劑Fipronil 芬普尼0.210ppm、Fipronil-sulfone芬普尼代謝物0.048ppm(標準：0.001ppm以下) 殺蟲劑Pyriproxyfen 百利普芬1.54ppm(標準：0.01ppm以下) 殺蟲劑Tolfenpyrad 脫芬瑞0.7,宜新蔬果行/臺北市萬華區富民路155巷49之3號1樓
臺北市,4560,2024-08-05,蔬果,小葉菜類,芥蘭菜,為福樓餐廳有限公司,南港區,臺北市南港區忠孝東路5段996號1樓,,,不符合規定,殺蟲劑Chlorfenapyr 克凡派2.4ppm(標準：1.0ppm以下) 殺蟲劑Indoxacarb 因得克2.4ppm(標準：2.0ppm以下) 殺菌劑Pyraclostrobin 百克敏2.7ppm(標準：2.0ppm以下),為福樓餐廳有限公司/臺北市南港區忠孝東路5段996號1樓
臺北市,4568,2024-08-05,蔬果,果菜類,大紅辣(辣椒),為福樓餐廳有限公司,南港區,臺北市南港區忠孝東路5段996號1樓,,,不符合規定,殺蟲劑Flonicamid 氟尼胺0.02ppm(標準：0.01ppm以下),為福樓餐廳有限公司/臺北市南港區忠孝東路5段996號1樓
臺北市,4577,2024-08-02,蔬果,根莖菜類,白蘿蔔,優市大安店,大安區,臺北市大安區敦化南路2段11巷38弄15號,,,不符合規定,殺蟲劑Thiamethoxam 賽速安0.46ppm(標準：0.25ppm以下),優市大安店/臺北市大安區敦化南路2段11巷38弄15號
臺北市,4581,2024-08-02,蔬果,豆菜類,菜豆,秋香蔬菜商行,大安區,臺北市大安區臨江街29-1號,,,不符合規定,殺草劑Ametryn 草殺淨0.02ppm(標準：不得檢出),秋香蔬菜商行/臺北市大安區臨江街29-1號
臺北市,4582,2024-08-02,蔬果,果菜類,辣椒條,復興小吃店(全國食養創作全自助餐復興店),大安區,臺北市大安區復興南路2段314號,,,不符合規定,殺菌劑Difenoconazole 待克利1.2ppm(標準：0.5ppm以下) 殺菌劑Zoxamide 座賽胺0.13ppm(標準：不得檢出),復興小吃店(全國食養創作全自助餐復興店)/臺北市大安區復興南路2段314號
臺北市,4583,2024-08-02,蔬果,小葉菜類,芹菜,優市大安店,大安區,臺北市大安區敦化南路2段11巷38弄15號,,,不符合規定,殺菌劑Dimethomorph 達滅芬2.9ppm(標準：2.5ppm以下) 殺蟲劑Indoxacarb 因得克0.03ppm(標準：0.01ppm以下),優市大安店/臺北市大安區敦化南路2段11巷38弄15號
臺北市,4590,2024-08-01,蔬果,大漿果類,百香果,無名水果攤,大同區,臺北市大同區長安西路218之1號旁,,,不符合規定,殺蟲劑Cyromazine 賽滅淨0.14ppm(標準：不得檢出),無名水果攤/臺北市大同區長安西路218之1號旁
臺北市,4591,2024-08-01,蔬果,根莖菜類,日本北海道大根(白蘿蔔),統康生活事業股份有限公司美麗華分公司(Mia Cbon MARKET),中山區,臺北市中山區敬業三路20號地下1樓之1,,,不符合規定,殺線蟲劑Fosthiazate 福賽絕0.02ppm(標準：不得檢出),統康生活事業股份有限公司美麗華分公司(Mia Cbon MARKET)/臺北市中山區敬業三路20號地下1樓之1
臺北市,4592,2024-08-01,蔬果,根莖菜類,白蘿蔔,霸王川菜餐廳股份有限公司,大同區,臺北市大同區長安西路287號1-2樓,,,不符合規定,殺蟲劑Clothianidin 可尼丁0.08ppm(標準：0.02ppm以下) 殺蟲劑Dichlorvos二氯松0.04ppm(標準：不得檢出) 殺蟲劑Trichlorfon 三氯松0.19ppm(標準：0.01ppm以下),霸王川菜餐廳股份有限公司/臺北市大同區長安西路287號1-2樓
臺北市,4604,2024-08-01,蔬果,根莖菜類,白蘿蔔,順豐蔬果行,北投區,臺北市北投區清江路22號,,,不符合規定,殺蟲劑Thiamethoxam 賽速安0.38ppm(標準：0.25ppm以下),順豐蔬果行/臺北市北投區清江路22號
臺北市,4605,2024-08-01,蔬果,小葉菜類,芹菜,臺北市第二果菜批發市場蔬菜零批場21-08號攤,中山區,臺北市中山區民族東路336號,,,不符合規定,殺草劑Thiobencarb 殺丹0.08ppm(標準：0.01ppm以下),臺北市第二果菜批發市場蔬菜零批場21-08號攤/臺北市中山區民族東路336號
臺北市,4701,2024-07-12,中秋食品、烤肉食品、烤肉用容器具,中秋月餅,豪紀芋頭餡,米泉食品行(米哥烘焙坊),北投區,臺北市北投區光明路158號1樓,,,不符合規定,己二烯酸 1.0g/kg (標準:不得檢出),米泉食品行(米哥烘焙坊)/臺北市北投區光明路158號1樓
臺北市,4755,2024-07-10,中秋食品、烤肉食品、烤肉用容器具,中秋月餅,豆沙半蛋酥,金橞食品股份有限公司,中山區,臺北市中山區松江路297巷5號1樓,,,不符合規定,(一)內容物為二種以上混合物未依其含量多寡由高至低分別標示。 (二)未標示「淨重、容量或數量」及「原產地（國）」。 (三)內容物含有麩質之穀類、蛋、奶、大豆及其製品，未標示食品過敏原資訊等。,金橞食品股份有限公司/臺北市中山區松江路297巷5號1樓
臺北市,4756,2024-07-10,中秋食品、烤肉食品、烤肉用容器具,中秋月餅,芋火鳳凰酥,金橞食品股份有限公司,中山區,臺北市中山區松江路297巷5號1樓,,,不符合規定,(一)內容物為二種以上混合物未依其含量多寡由高至低分別標示。 (二)未標示「淨重、容量或數量」及「原產地（國）」。 (三)內容物含有麩質之穀類、蛋、奶、大豆及其製品，未標示食品過敏原資訊等。,金橞食品股份有限公司/臺北市中山區松江路297巷5號1樓
臺北市,4757,2024-07-10,中秋食品、烤肉食品、烤肉用容器具,中秋月餅,金Q芋頭酥(葷),金橞食品股份有限公司,中山區,臺北市中山區松江路297巷5號1樓,,,不符合規定,(一)內容物為二種以上混合物未依其含量多寡由高至低分別標示。 (二)未標示「淨重、容量或數量」及「原產地（國）」。 (三)內容物含有麩質之穀類、蛋、奶、大豆及其製品，未標示食品過敏原資訊等。,金橞食品股份有限公司/臺北市中山區松江路297巷5號1樓
臺北市,4758,2024-07-10,中秋食品、烤肉食品、烤肉用容器具,中秋月餅,夏豆堅果塔(蛋奶素),慧上癮,中山區,臺北市中山區建國北路2段226巷42號,,,不符合規定,未標示原產地（國）、有效日期標示單獨黏貼未依規定印刷於外包裝上。,慧上癮/臺北市中山區建國北路2段226巷42號
臺北市,4759,2024-07-10,中秋食品、烤肉食品、烤肉用容器具,中秋月餅,慧上癮鳳梨酥,慧上癮,中山區,臺北市中山區建國北路2段226巷42號,,,不符合規定,未標示有效日期。,慧上癮/臺北市中山區建國北路2段226巷42號
臺北市,4784,2024-07-09,中秋食品、烤肉食品、烤肉用容器具,烤肉用蔬菜,四季豆,雙連市場來于蔬菜35號攤,中山區,臺北市中山區民生西路45巷,,,不符合規定,Indoxacarb因得克 0.02ppm (標準:0.01ppm以下),雙連市場來于蔬菜35號攤/臺北市中山區民生西路45巷
臺北市,4831,2024-07-04,蔬果,小葉菜類,九層塔(羅勒),臺北市萬華區環河南路2段245號蔬菜攤0032號,萬華區,,,,不符合規定,殺菌劑Dimethomorph 達滅芬4.1ppm(標準：2.5ppm以下),臺北市萬華區環河南路2段245號蔬菜攤0032號
臺北市,4832,2024-07-04,蔬果,小葉菜類,九層塔(羅勒),豪光回田實業有限公司(回田蔬苑),士林區,臺北市士林區中正路357號1樓,,,不符合規定,殺蟲劑Spinetoram 賜諾特0.02ppm(標準：不得檢出),豪光回田實業有限公司(回田蔬苑)/臺北市士林區中正路357號1樓
臺北市,4833,2024-07-04,蔬果,香辛植物及其他草木本植物,香菜(芫荽),璞園餐飲事業有限公司(台南海鮮會館),士林區,臺北市士林區基河路130號地下一層,,,不符合規定,殺菌劑Pencycuron 賓克隆0.04ppm(標準0.01ppm以下),璞園餐飲事業有限公司(台南海鮮會館)/臺北市士林區基河路130號地下一層
臺北市,4834,2024-07-04,蔬果,根莖菜類,白蘿蔔,臺北市萬華區環河南路2段245號蔬菜攤0068號,萬華區,,,,不符合規定,殺蟲劑Clothianidin 可尼丁0.07ppm(標準：0.02ppm以下),臺北市萬華區環河南路2段245號蔬菜攤0068號
臺北市,4844,2024-07-04,蔬果,核果類,粉殼K3(龍眼),我家蔬果園,萬華區,臺北市萬華區中華路2段416巷56號,,,不符合規定,殺菌劑Difenoconazole 待克利1.0ppm(標準：0.5ppm以下) 殺蟎劑Spirodiclofen 賜派芬0.8ppm(標準：0.5ppm以下),我家蔬果園/臺北市萬華區中華路2段416巷56號
臺北市,4845,2024-07-04,蔬果,大漿果類,波蘿蜜,上奕商行(INDEX),萬華區,臺北市萬華區國興路32號,,,不符合規定,生長調節劑Gibberellic acid 勃激素A3 0.05ppm(標準：不得檢出),上奕商行(INDEX)/臺北市萬華區國興路32號
臺北市,4846,2024-07-03,蔬果,大漿果類,百香果,辣十九國際開發股份有限公司(馬辣頂級鴛鴦鍋信義店),信義區,臺北市信義區松壽路22號3樓,,,不符合規定,殺蟲劑Cyromazine 賽滅淨0.12ppm(標準：不得檢出),辣十九國際開發股份有限公司(馬辣頂級鴛鴦鍋信義店)/臺北市信義區松壽路22號3樓
臺北市,4872,2024-07-02,蔬果,小葉菜類,九層塔(羅勒),粒粒鮮股份有限公司(粒粒鮮),中山區,臺北市中山區吉林路146號146之1號,,,不符合規定,殺草劑Ametryn 草殺淨0.03ppm(標準：不得檢出),粒粒鮮股份有限公司(粒粒鮮)/臺北市中山區吉林路146號146之1號
臺北市,4873,2024-07-02,蔬果,核果類,黑葉荔枝,果鮮一品商行(果鮮蔬果超市),中山區,臺北市中山區吉林路176號,,,不符合規定,殺蟲劑Deltamethrin 第滅寧1.0ppm(標準：0.5ppm以下) 殺菌劑Difenoconazole 待克利3.4ppm(標準：0.5ppm以下),果鮮一品商行(果鮮蔬果超市)/臺北市中山區吉林路176號
臺北市,4874,2024-07-02,蔬果,核果類,荔枝,臺北市中山區民族東路410巷2弄18-20號前(五常市場),中山區,,,,不符合規定,殺蟲劑Deltamethrin 第滅寧1.4ppm(標準：0.5ppm以下) 殺菌劑Pyraclostrobin 百克敏0.6ppm(標準：0.5ppm以下),臺北市中山區民族東路410巷2弄18-20號前(五常市場)
臺北市,4875,2024-07-02,蔬果,小葉菜類,九層塔(羅勒),臺北市中山區民族東路410巷2弄20號前,中山區,,,,不符合規定,殺草劑Oxadiazon 樂滅草0.02ppm(標準：0.01ppm以下),臺北市中山區民族東路410巷2弄20號前
臺北市,4876,2024-07-02,蔬果,核果類,荔枝,明欣鮮果專賣店,松山區,臺北市松山區南京東路5段123巷27號1樓,,,不符合規定,殺蟲劑Cyhalothrin 賽洛寧1.0ppm(標準：0.5ppm以下),明欣鮮果專賣店/臺北市松山區南京東路5段123巷27號1樓
臺北市,4877,2024-07-02,散裝飲冰品及配料,飲料,芭樂梅,水龍堂(大苑子),中正區,臺北市中正區南昌路1段80號,,,不符合規定,腸桿菌科：70 CFU/mL (標準：10 CFU/mL),水龍堂(大苑子)/臺北市中正區南昌路1段80號
臺北市,4887,2024-07-01,散裝飲冰品及配料,冰品,霜淇淋(不含配料),金探吉事業有限公司(荖子鍋),內湖區,臺北市內湖區民善街88號,,,不符合規定,腸桿菌科：1.5x10^3 CFU/g (標準：10 CFU/g),金探吉事業有限公司(荖子鍋)/臺北市內湖區民善街88號
臺北市,4913,2024-06-26,散裝飲冰品及配料,冰品,清香黑糖冰(不含配料),廣安階,士林區,臺北市士林區中山北路6段77號8樓,,,不符合規定,腸桿菌科：88 CFU/mL (標準：10 CFU/mL),廣安階/臺北市士林區中山北路6段77號8樓
臺北市,4939,2024-06-24,散裝飲冰品及配料,冰品,招牌甘蔗冰沙(不含配料),金霖企業社(甘蔗媽媽),中正區,臺北市中正區信陽街5之1號,,,不符合規定,腸桿菌科：2.1x10^3 CFU/mL (標準：10 CFU/mL),金霖企業社(甘蔗媽媽)/臺北市中正區信陽街5之1號
臺北市,4940,2024-06-24,散裝飲冰品及配料,冰品,杏仁雪花冰,森昱食品有限公司(夏樹甜品),大同區,臺北市大同區迪化街1段240號,,,不符合規定,腸桿菌科：3.2x10^2 CFU/g (標準：10 CFU/g),森昱食品有限公司(夏樹甜品)/臺北市大同區迪化街1段240號
臺北市,4947,2024-06-21,穀豆類,乾豆類,綠豆,永利食品有限公司,大同區,臺北市大同區迪化街1段143號,,,不符合規定,芬普尼(Fipronil):0.001 ppm、芬普尼代謝物(Fipronil-sulfone)0.001 ppm=0.002 ppm (標準:0.001 ppm) 賽速安(Thiamethoxam):0.16 ppm (標準:0.02 ppm),永利食品有限公司/臺北市大同區迪化街1段143號
臺北市,4959,2024-06-20,素摻葷,奶蛋素,塔香燒球,張阿姨蔬食,松山區,臺北市松山區八德路4段673巷6號,,,不符合規定,1.動物性成分陽性、動物性成分陽性(豬、雞、魚)陽性。 2.植物性成分陽性、五辛(洋蔥)陽性。,張阿姨蔬食/臺北市松山區八德路4段673巷6號
臺北市,4980,2024-06-19,散裝飲冰品及配料,冰品,圓圓圓(雪花冰)(不含冰塊不含配料),喜客冰品店(冰封仙果),萬華區,臺北市萬華區中華路1段114巷18號1樓,,,不符合規定,腸桿菌科：30 CFU/g (標準：10 CFU/g),喜客冰品店(冰封仙果)/臺北市萬華區中華路1段114巷18號1樓
臺北市,4986,2024-06-19,散裝飲冰品及配料,冰品,北海道牛奶霜淇淋,總柴日式氷菓專賣(CEO ICE CREAM),中山區,臺北市中山區中山北路2段26巷18號,,,不符合規定,腸桿菌科：40 CFU/g (標準：10 CFU/g),總柴日式氷菓專賣(CEO ICE CREAM)/臺北市中山區中山北路2段26巷18號
臺北市,4987,2024-06-19,散裝飲冰品及配料,冰品,紅豆牛奶雪花冰(不含配料),冰讚飲食店,大同區,臺北市大同區雙連街2號1樓,,,不符合規定,腸桿菌科：2.0x10^3 CFU/g (標準：10 CFU/g),冰讚飲食店/臺北市大同區雙連街2號1樓
臺北市,4988,2024-06-19,穀豆類,乾豆類,大毛綠(毛綠豆),利民雜糧行,內湖區,臺北市內湖區內湖路2段300號,,,不符合規定,賽果培(Thiacloprid):0.04 ppm (標準:0.02 ppm),利民雜糧行/臺北市內湖區內湖路2段300號
臺北市,4989,2024-06-19,素摻葷,奶蛋素,小麥藥膳丸,阿玉素食(北投中繼市場133號攤),北投區,臺北市北投區磺港路33號,,,不符合規定,1.動物性成分陽性、動物性成分陽性(豬、雞)陽性。 2.植物性成分陽性、五辛(洋蔥)陽性。,阿玉素食(北投中繼市場133號攤)/臺北市北投區磺港路33號
臺北市,5037,2024-06-17,穀豆類,乾豆類,精選毛綠豆-紅線,鴻璂雜糧行,北投區,臺北市北投區中央南路1段163號1樓,,,不符合規定,賽速安(Thiamethoxam):0.09 ppm (標準:0.02 ppm) 磷化氫(Phosphine):0.02 ppm (標準:0.01 ppm),鴻璂雜糧行/臺北市北投區中央南路1段163號1樓
臺北市,5044,2024-06-13,散裝飲冰品及配料,飲料,麥香紅茶(不含冰塊及配料),厚鋪牛排館(人从众厚切牛排),松山區,臺北市松山區光復北路146號1樓,,,不符合規定,腸桿菌科：5.4x10^3 CFU/mL (標準：10 CFU/mL),厚鋪牛排館(人从众厚切牛排)/臺北市松山區光復北路146號1樓
臺北市,5053,2024-06-13,散裝飲冰品及配料,冰品,香草霜淇淋,橫濱牛排南京微風店,松山區,臺北市松山區南京東路3段337號3樓,,,不符合規定,腸桿菌科：5.4x10^2 CFU/g (標準：10 CFU/g),橫濱牛排南京微風店/臺北市松山區南京東路3段337號3樓
臺北市,5054,2024-06-13,散裝飲冰品及配料,飲料,馬祖奶茶(不含冰塊不含配料),馬祖奶茶(文山木新店),文山區,臺北市文山區木新路3段33號,,,不符合規定,腸桿菌科：1.7x10^4 CFU/mL (標準：10 CFU/mL),馬祖奶茶(文山木新店)/臺北市文山區木新路3段33號
臺北市,5055,2024-06-13,散裝飲冰品及配料,冰品,巧克力香蕉冰沙,Journey Kaffe覺旅咖啡-陽光分公司,內湖區,臺北市內湖區陽光街321巷42號,,,不符合規定,腸桿菌科：3.2x10^2 CFU/g (標準：10 CFU/g),Journey Kaffe覺旅咖啡-陽光分公司/臺北市內湖區陽光街321巷42號
臺北市,5081,2024-06-11,市售產品塑化劑含量,膠囊錠狀食品,速清魚油,吳興春天藥局,信義區,臺北市信義區吳興街137號1樓,,,不符合規定,DINP:54 ppm (指標值:9 ppm),吳興春天藥局/臺北市信義區吳興街137號1樓
臺北市,5082,2024-06-11,市售產品塑化劑含量,膠囊錠狀食品,綠芙特級高單位蜂膠軟膠囊,啄木鳥藥師藥局八德店,松山區,臺北市松山區八德路4段211號,,,不符合規定,DBP:6.0ppm (指標值:0.6ppm),啄木鳥藥師藥局八德店/臺北市松山區八德路4段211號
臺北市,5089,2024-06-07,蔬果,小葉菜類,韭菜花,太平洋崇光百貨股份有限公司(Fresh Mart忠孝店),大安區,臺北市大安區忠孝東路4段45號B2,,,不符合規定,殺蟲劑3-OH Carbofuran 3-羥基加保扶0.13ppm、Carbofuran加保扶0.18ppm(標準：0.2ppm以下) 殺蟲劑Etofenprox 依芬寧0.05ppm(標準：不得檢出),太平洋崇光百貨股份有限公司(Fresh Mart忠孝店)/臺北市大安區忠孝東路4段45號B2
臺北市,5090,2024-06-07,蔬果,香辛植物及其他草木本植物,香菜(芫荽),双喜臨門水果行(双囍臨門水果行),大安區,臺北市大安區和平東路3段228巷35號,,,不符合規定,殺菌劑Dimethomorph 達滅芬0.28ppm(標準：0.01ppm以下) 殺菌劑Flutolanil 福多寧0.64ppm(標準：0.01ppm以下),双喜臨門水果行(双囍臨門水果行)/臺北市大安區和平東路3段228巷35號
臺北市,5091,2024-06-07,蔬果,蕈菜類,秀珍菇,信遠國際開發股份有限公司,信義區,臺北市信義區松仁路58號14樓,,,不符合規定,殺蟲劑Chlorpyrifos陶斯松0.03ppm(標準：不得檢出),信遠國際開發股份有限公司/臺北市信義區松仁路58號14樓
臺北市,5092,2024-06-07,蔬果,小葉菜類,蒜苗,双喜臨門水果行(双囍臨門水果行),大安區,臺北市大安區和平東路3段228巷35號,,,不符合規定,殺菌劑Pydiflumetofen 派滅芬0.01ppm(標準：不得檢出),双喜臨門水果行(双囍臨門水果行)/臺北市大安區和平東路3段228巷35號
臺北市,5093,2024-06-07,網路販售食品,根莖菜類,日本百合(北海道)XXL,蝦皮購物-HomeBar泓吧嚴選新鮮蔬果 (https:,信義區,/shopee.tw/jacck2668),,,不符合規定,鎘:0.53 mg/kg (標準:0.05 mg/kg以下) 扶吉胺:1.57 ppm (標準:不得檢出),蝦皮購物-HomeBar泓吧嚴選新鮮蔬果 (https://shopee.tw/jacck2668)
臺北市,5098,2024-06-07,蔬果,小葉菜類,芹菜,双喜臨門水果行(双囍臨門水果行),大安區,臺北市大安區和平東路3段228巷35號,,,不符合規定,殺菌劑Iprobenfos 丙基喜樂松0.03ppm(標準：0.01ppm以下),双喜臨門水果行(双囍臨門水果行)/臺北市大安區和平東路3段228巷35號
臺北市,5099,2024-06-07,蔬果,核果類,玉荷包荔枝,太平洋崇光百貨股份有限公司(Fresh Mart忠孝店),大安區,臺北市大安區忠孝東路4段45號B2,,,不符合規定,殺菌劑Difenoconazole 待克利1.4ppm(標準：0.5ppm以下),太平洋崇光百貨股份有限公司(Fresh Mart忠孝店)/臺北市大安區忠孝東路4段45號B2
臺北市,5100,2024-06-06,網路販售食品,根莖菜類,北海道白銀食用百合球根一球199元(非常好吃),蝦皮購物-sutinglin (https:,信義區,/shopee.tw/sutinglin),,,不符合規定,鎘:0.17 mg/kg (標準:0.05 mg/kg以下) 扶吉胺:0.30 ppm (標準:不得檢出),蝦皮購物-sutinglin (https://shopee.tw/sutinglin)
臺北市,5104,2024-06-06,散裝飲冰品及配料,飲料,四季青茶(含冰塊),甯臻恩飲料店(黑丸嫩仙草古亭店),中正區,臺北市中正區同安街65號,,,不符合規定,腸桿菌科：1.6x10^3 CFU/mL (標準：10 CFU/mL),甯臻恩飲料店(黑丸嫩仙草古亭店)/臺北市中正區同安街65號
臺北市,5105,2024-06-06,散裝飲冰品及配料,冰品,紅豆牛奶冰(不含配料),杏玥冰坊,萬華區,臺北市萬華區寶興街129號1樓,,,不符合規定,腸桿菌科：2.6x10^3 CFU/g (標準：10 CFU/g),杏玥冰坊/臺北市萬華區寶興街129號1樓
臺北市,5108,2024-06-05,散裝飲冰品及配料,飲料,金麥文火烏龍(含冰),沐鑫國際餐飲有限公司(烈奶茶忠孝復興店),大安區,臺北市大安區復興南路1段133號,,,不符合規定,腸桿菌科：4.6x10^4 CFU/mL (標準：10 CFU/mL),沐鑫國際餐飲有限公司(烈奶茶忠孝復興店)/臺北市大安區復興南路1段133號
臺北市,5109,2024-06-05,散裝飲冰品及配料,飲料,橙香鮮茶(原汁含冰塊不含配料),珍煮丹股份有限公司內湖江南分公司,內湖區,臺北市內湖區江南街108號1樓,,,不符合規定,腸桿菌科：18 CFU/mL (標準：10 CFU/mL),珍煮丹股份有限公司內湖江南分公司/臺北市內湖區江南街108號1樓
臺北市,5115,2024-06-05,蔬果,大漿果類,百香果,無市招水果攤,士林區,臺北市士林區社中街12號對面,,,不符合規定,殺蟲劑Fenvalerate 芬化利0.03ppm(標準：0.01ppm以下),無市招水果攤/臺北市士林區社中街12號對面
臺北市,5116,2024-06-05,網路販售食品,根莖菜類,百合根,蝦皮購物-好食代 冷凍食品批發小舖 (https:,信義區,/shopee.tw/lin24190902),,,不符合規定,鎘:0.24 mg/kg (標準:0.05 mg/kg以下) 扶吉胺:0.84 ppm (標準:不得檢出),蝦皮購物-好食代 冷凍食品批發小舖 (https://shopee.tw/lin24190902)
臺北市,5117,2024-06-05,蔬果,豆菜類,豌豆,果粉水果行(果粉水果超市汀州店),中正區,臺北市中正區汀州路2段335號,,,不符合規定,殺菌劑Bupirimate 布瑞莫0.02ppm(標準：0.01ppm以下) 殺菌劑Prochloraz 撲克拉0.69ppm(標準：0.01ppm以下) 殺蟲劑Pyriproxyfen 百利普芬0.6ppm(標準：0.2ppm以下) 殺蟲劑Spinetoram 賜諾特0.08ppm(標準：0.05ppm以下) 殺蟲劑Tolfenpyrad 脫芬瑞0.07ppm(標準：0.01ppm以下),果粉水果行(果粉水果超市汀州店)/臺北市中正區汀州路2段335號
臺北市,5118,2024-06-05,蔬果,豆菜類,豌豆,詠鑽蔬果專賣店(新天地蔬果量販店),士林區,臺北市士林區美崙街18號1樓,,,不符合規定,殺菌劑Diniconazole 達克利0.05ppm(標準：不得檢出) 殺線蟲劑Fosthiazate 福賽絕0.01ppm(標準：不得檢出) 殺蟲劑Thiamethoxam 賽速安0.06ppm(標準：0.02ppm以下),詠鑽蔬果專賣店(新天地蔬果量販店)/臺北市士林區美崙街18號1樓
臺北市,5119,2024-06-05,蔬果,核果類,玉荷包(荔枝),果粉水果行(果粉水果超市汀州店),中正區,臺北市中正區汀州路2段335號,,,不符合規定,殺蟲劑Chlorpyrifos陶斯松1.14ppm(標準：不得檢出) 殺蟲劑Fenvalerate 芬化利1.2ppm(標準：1.0ppm以下) 殺蟲劑Permethrin 百滅寧0.97ppm(標準：0.01ppm以下),果粉水果行(果粉水果超市汀州店)/臺北市中正區汀州路2段335號
臺北市,5120,2024-06-05,蔬果,小葉菜類,韭菜花,臺北市萬華區萬大路533號第一果菜批發市場地號137,萬華區,,,,不符合規定,殺蟲劑Acetamiprid 亞滅培0.29ppm(標準：0.01ppm以下) 殺蟎劑Hexythiazox 合賽多0.17ppm(標準：0.01ppm以下) 殺蟎劑Spirodiclofen 賜派芬0.13ppm(標準：0.01ppm以下),臺北市萬華區萬大路533號第一果菜批發市場地號137
臺北市,5127,2024-06-05,蔬果,小葉菜類,芹菜,臺北市萬華區萬大路533號第一果菜批發市場地號1314,萬華區,,,,不符合規定,殺菌劑Iprobenfos 丙基喜樂松0.05ppm(標準：0.01ppm以下) 殺菌劑Tricyclazole 三賽唑0.03ppm(標準：不得檢出),臺北市萬華區萬大路533號第一果菜批發市場地號1314
臺北市,5134,2024-06-04,蔬果,核果類,芒果,水果行,松山區,臺北市松山區南京東路5段291巷3之2號前,,,不符合規定,殺菌劑Dimethomorph 達滅芬0.04ppm(標準：0.01ppm以下),水果行/臺北市松山區南京東路5段291巷3之2號前
臺北市,5135,2024-06-04,蔬果,核果類,台灣特選玉荷包(荔枝),幸福品味實業股份有限公司(美福食集),內湖區,臺北市內湖區民善街128號,,,不符合規定,殺蟲劑Phosmet 益滅松0.6ppm(標準：0.2ppm以下),幸福品味實業股份有限公司(美福食集)/臺北市內湖區民善街128號
臺北市,5136,2024-06-04,網路販售食品,核果類,臺灣-貴妃玉荷包,放心初蔬果網 (https:,信義區,/funthingtrue.com.tw/),,,不符合規定,百滅寧:0.09 ppm (標準:0.01ppm以下),放心初蔬果網 (https://funthingtrue.com.tw/)
臺北市,5137,2024-06-04,網路販售食品,大漿果類,越南-干腰榴槤(小貓山王),放心初蔬果網 (https:,信義區,/funthingtrue.com.tw/),,,不符合規定,撲滅寧:0.02 ppm (標準:0.01 ppm以下),放心初蔬果網 (https://funthingtrue.com.tw/)
臺北市,5196,2024-06-03,蔬果,豆菜類,豌豆,翡翠綠水果專賣店,士林區,臺北市士林區美崙街14號1樓,,,不符合規定,殺蟲劑Thiamethoxam 賽速安0.17ppm(標準：0.02ppm以下),翡翠綠水果專賣店/臺北市士林區美崙街14號1樓
臺北市,5197,2024-06-03,蔬果,香辛植物及其他草木本植物,香菜(芫荽),國賓大飯店股份有限公司遼寧營業所(國賓大飯店股份有限公司中餐廳),中山區,臺北市中山區遼寧街177號,,,不符合規定,殺菌劑Isoprothiolane 亞賜圃0.05ppm(標準：0.01ppm以下) 殺蟲劑Phenthoate 賽達松0.03ppm(標準：0.01ppm以下),國賓大飯店股份有限公司遼寧營業所(國賓大飯店股份有限公司中餐廳)/臺北市中山區遼寧街177號
臺北市,5210,2024-05-31,調味料,辣椒粉,辣椒粉,民友商行（民友超級商店）,士林區,臺北市士林區中正路586巷20號,,,不符合規定,"二‧四地（2,4-D）:0.1ppm （標準:0.05ppm）",民友商行（民友超級商店）/臺北市士林區中正路586巷20號
臺北市,5262,2024-05-29,網路販售食品,包裝,法國葛宏德天然海鹽-1kg,pchome24h購物網 (https:,信義區,/24h.pchome.com.tw/),,,不符合規定,砷:0.35 mg/kg (標準:0.2 mg/kg以下),pchome24h購物網 (https://24h.pchome.com.tw/)
臺北市,5370,2024-05-17,美耐皿,塑膠類,美耐皿餐具(湯匙),嘉政國際有限公司,萬華區,臺北市萬華區環河南路1段181-6、181-7號1樓,,,不符合規定,1.未標示淨重、容量或數量。 2.未標示湯匙耐熱溫度。,嘉政國際有限公司/臺北市萬華區環河南路1段181-6、181-7號1樓
臺北市,5393,2024-05-15,美耐皿,塑膠類,101-1（2031）敦煌豆油池,一加一五金行,北投區,臺北市北投區中央南路1段154號,,,不符合規定,本體未以印刷、打印或壓印方式標示耐熱溫度。,一加一五金行/臺北市北投區中央南路1段154號
臺北市,5465,2024-05-09,蔬果,梨果類,加州紅櫻桃,協豐水果行,中山區,臺北市中山區民族東路336號6-08攤,,,不符合規定,殺菌劑Mefentrifluconazole 滅芬座0.12ppm(標準：不得檢出),協豐水果行/臺北市中山區民族東路336號6-08攤
臺北市,5560,2024-05-07,蔬果,小葉菜類,羅勒(九層塔),第一果菜批發市場地號433,萬華區,臺北市萬華區萬大路533號,,,不符合規定,殺草劑Ametryn 草殺淨0.01ppm(標準：不得檢出) 殺菌劑Dimethomorph 達滅芬2.6ppm(標準：2.5ppm以下),第一果菜批發市場地號433/臺北市萬華區萬大路533號
臺北市,5561,2024-05-07,蔬果,根莖菜類,白蘿蔔,上禾食堂(潮味決湯滷專門店士林中正店),士林區,臺北市士林區中正路358號,,,不符合規定,殺蟲劑Thiamethoxam 賽速安0.48ppm(標準：0.25ppm以下) 殺蟲劑Trichlorfon 三氯松0.04ppm(標準：0.01ppm以下),上禾食堂(潮味決湯滷專門店士林中正店)/臺北市士林區中正路358號
臺北市,5562,2024-05-07,蔬果,小葉菜類,韭菜花,田心蔬果(田進和),萬華區,臺北市萬華區環河南路2段245號環南綜合市場蔬菜攤250號攤,,,不符合規定,殺菌劑Cyprodinil 賽普洛0.04ppm(標準：0.01ppm以下),田心蔬果(田進和)/臺北市萬華區環河南路2段245號環南綜合市場蔬菜攤250號攤
臺北市,5576,2024-05-07,散裝飲冰品及配料,配料,魔法水晶,崑成商行(酷加飲品),中山區,臺北市中山區龍江路342巷23號,,,不符合規定,己二烯酸：0.33g/kg (標準：不得檢出),崑成商行(酷加飲品)/臺北市中山區龍江路342巷23號
臺北市,5609,2024-05-03,蔬果,根莖菜類,白蘿蔔,微風超市股份有限公司(微風超市南山店,信義區,Breeze Super)/臺北市信義區松智路17號B1,,,不符合規定,殺蟲劑Dinotefuran 達特南0.15ppm(標準：0.05ppm以下),微風超市股份有限公司(微風超市南山店/Breeze Super)/臺北市信義區松智路17號B1
臺北市,5610,2024-05-03,蔬果,小葉菜類,九層塔(羅勒),欣葉台菜信義新天地A9館,信義區,臺北市信義區松壽路9號8樓,,,不符合規定,殺菌劑Mandipropamid 曼普胺0.06ppm(標準：不得檢出) 殺菌劑Oxathiapiprolin 歐西比0.01ppm(標準：不得檢出),欣葉台菜信義新天地A9館/臺北市信義區松壽路9號8樓
臺北市,5611,2024-05-02,蔬果,大漿果類,木瓜,菓之鄉水果專賣店,南港區,臺北市南港區同德路60號,,,不符合規定,殺蟎劑Bifenazate 必芬蟎0.07ppm(標準：不得檢出),菓之鄉水果專賣店/臺北市南港區同德路60號
臺北市,5612,2024-05-02,蔬果,小葉菜類,台灣特選韭菜花,幸福品味實業股份有限公司(美福食集),內湖區,臺北市內湖區民善街128號,,,不符合規定,殺蟎劑Fenbutatin-oxide 芬佈賜0.03ppm(標準：不得檢出),幸福品味實業股份有限公司(美福食集)/臺北市內湖區民善街128號
臺北市,5613,2024-05-02,蔬果,小葉菜類,台灣特選九層塔,幸福品味實業股份有限公司(美福食集),內湖區,臺北市內湖區民善街128號,,,不符合規定,殺菌劑Pyraclostrobin 百克敏0.03ppm(標準：0.01ppm以下),幸福品味實業股份有限公司(美福食集)/臺北市內湖區民善街128號
臺北市,5614,2024-05-02,蔬果,小葉菜類,紅鳳菜,嘉年華小吃店,南港區,臺北市南港區同德路72號1樓,,,不符合規定,殺菌劑Fenoxanil 芬諾尼0.01ppm(標準：不得檢出),嘉年華小吃店/臺北市南港區同德路72號1樓
臺北市,5689,2024-05-01,蔬果,小葉菜類,韭菜花,蔬菜攤,中山區,臺北市中山區龍江路179巷15之5號,,,不符合規定,殺蟲劑Pyriproxyfen 百利普芬0.19ppm(標準：0.01ppm以下),蔬菜攤/臺北市中山區龍江路179巷15之5號
臺北市,5690,2024-05-01,蔬果,大漿果類,百香果,鼎皇麻辣火鍋店(天外天麻辣火鍋),中山區,臺北市中山區民權東路2段1號,,,不符合規定,殺蟲劑Cyromazine 賽滅淨0.02ppm(標準：不得檢出),鼎皇麻辣火鍋店(天外天麻辣火鍋)/臺北市中山區民權東路2段1號
臺北市,5936,2024-04-11,蔬果,小葉菜類,韭菜花,第一果菜批發市場王黃O彫,萬華區,臺北市萬華區萬大路533號地號410,,,不符合規定,殺蟲劑3-羥基加保扶(3-OH Carbofuran)0.11ppm、加保扶(Carbofuran)0.41ppm、丁基加保扶(Carbosulfan)0.08ppm(標準：0.5ppm以下) 殺蟎劑Spirodiclofen 賜派芬0.02ppm(標準：0.01ppm以下) 殺蟲劑 Tolfenpyrad 脫芬瑞0.20ppm(標準：0.01ppm以下),第一果菜批發市場王黃O彫/臺北市萬華區萬大路533號地號410
臺北市,5937,2024-04-11,蔬果,小葉菜類,九層塔(羅勒),祥和小吃店(祥和蔬食精緻料理),中正區,臺北市中正區鎮江街1巷1號,,,不符合規定,殺草劑Ametryn草殺淨0.06ppm（ 標準： 不得檢出） 殺菌劑Propamocarb hydrochloride普拔克13.9ppm（標準：10.0ppm以下）,祥和小吃店(祥和蔬食精緻料理)/臺北市中正區鎮江街1巷1號
臺北市,5949,2024-04-10,米濕製品,糕粿類製品,蘿蔔糕,田中湯圓,松山區,臺北市松山區南京東路5段291巷10號,,,不符合規定,苯甲酸：2.9g/kg （標準：1.0g/kg）,田中湯圓/臺北市松山區南京東路5段291巷10號
臺北市,5967,2024-04-10,蔬果,小葉菜類,青蔥,瓦城泰統股份有限公司天母SOGO店(非常泰),士林區,臺北市士林區中正路6段77號8樓,,,不符合規定,殺蟲劑Fipronil-sulfone芬普尼代謝物0.004ppm（標準：0.001ppm以下）,瓦城泰統股份有限公司天母SOGO店(非常泰)/臺北市士林區中正路6段77號8樓
臺北市,5993,2024-04-09,蔬果,果菜類,辣椒條,全國食養創作全自助餐復興店(全國素食精緻全自助餐),大安區,臺北市大安區復興南路2段314號,,,不符合規定,殺蟲劑Chlorfenapyr 克凡派0.7ppm(標準：0.5ppm以下),全國食養創作全自助餐復興店(全國素食精緻全自助餐)/臺北市大安區復興南路2段314號
臺北市,5994,2024-04-09,蔬果,小葉菜類,韭菜花,川妹子小吃店,大安區,臺北市大安區光復南路240巷52號,,,不符合規定,殺蟲劑3-酮基加保扶（ 3-keto Carbofuran） 0.04ppm、3-羥基加保扶（ 3-OH Carbofuran）0.54ppm、加保扶（Carbofuran）1.06ppm、丁基加保扶（Carbosulfan）0.20ppm（標準：0.5ppm以下） 殺蟎劑Spirodiclofen賜派芬0.11ppm（標準：0.01ppm以下）,川妹子小吃店/臺北市大安區光復南路240巷52號
臺北市,5995,2024-04-09,蔬果,小葉菜類,九層塔(羅勒),全國食養創作全自助餐復興店(全國素食精緻全自助餐),大安區,臺北市大安區復興南路2段314號,,,不符合規定,殺蟲劑Chlorpyrifos陶斯松0.45ppm(標準：不得檢出) 殺菌劑Cyazofamid 賽座滅0.03ppm(標準：0.01ppm以下) 殺蟲劑Imidacloprid 益達胺1.2ppm(標準：1.0ppm以下),全國食養創作全自助餐復興店(全國素食精緻全自助餐)/臺北市大安區復興南路2段314號
臺北市,6018,2024-04-09,生鮮水產品,蟹類,扁蟹,六福開發股份有限公司南港分公司,南港區,臺北市南港區忠孝東路7段359號7樓,,,不符合規定,鎘：0.6mg/kg (標準：0.5mg/kg),六福開發股份有限公司南港分公司/臺北市南港區忠孝東路7段359號7樓
臺北市,6019,2024-04-09,生鮮水產品,養殖魚類,黃魚,李碧綺號(南門鮮魚號),中正區,臺北市中正區羅斯福路1路8號(南門市場B1-47),,,不符合規定,"還原型結晶紫（leucocrystal violet, LCV） 0.6 ppb（標準 ：不得檢出）",李碧綺號(南門鮮魚號)/臺北市中正區羅斯福路1路8號(南門市場B1-47)
臺北市,6043,2024-04-03,蔬果,根莖菜類,白蘿蔔,陳O溪(第二果菜批發市場23-12號攤),中山區,臺北市中山區民族東路336號1樓,,,不符合規定,殺蟲劑Fipronil芬普尼0.006ppm、Fipronilsulfone芬普尼代謝物0.013ppm（標準：0.001ppm以下）,陳O溪(第二果菜批發市場23-12號攤)/臺北市中山區民族東路336號1樓
臺北市,6044,2024-04-03,蔬果,小葉菜類,九層塔(羅勒),全國食養創作全自助餐,松山區,臺北市松山區南京東路5段123巷31號,,,不符合規定,殺菌劑Azoxystrobin亞托敏5.4ppm（標準：1.0ppm以下）,全國食養創作全自助餐/臺北市松山區南京東路5段123巷31號
臺北市,6045,2024-04-03,蔬果,果菜類,朝天椒(辣椒),佰芸蔬菜行,松山區,臺北市松山區八德路3段74巷3弄18號,,,不符合規定,殺蟲劑Buprofezin布芬淨0.02ppm（標準：不得檢出） 殺菌劑Pyraclostrobin百克敏0.8ppm（標準：0.5ppm以下）,佰芸蔬菜行/臺北市松山區八德路3段74巷3弄18號
臺北市,6046,2024-04-03,蔬果,小葉菜類,青蔥,高O松,中山區,臺北市中山區民族東路336號1樓第二果菜批發市場11-08號攤,,,不符合規定,殺蟎劑 Spirodiclofen 賜派芬0.02ppm(標準：0.01ppm以下),高O松/臺北市中山區民族東路336號1樓第二果菜批發市場11-08號攤
臺北市,6047,2024-04-03,蔬果,小葉菜類,韭菜花,陳O宏(第二果菜批發市場23-11號攤,中山區,臺北市中山區民族東路336號）,,,不符合規定,殺蟲劑3-keto Carbofuran3-酮基加保扶0.02ppm、3-O H C arbofuran3-羥基加保扶0.22ppm 、Carbofuran加保扶0.51ppm、Carbosulfan丁基加保扶0.05ppm（標準：0.5ppm以下）,陳O宏(第二果菜批發市場23-11號攤/臺北市中山區民族東路336號）
臺北市,6070,2024-04-02,蔬果,小葉菜類,九層塔(羅勒),欣盛小吃店(晴光精緻自助餐),士林區,臺北市士林區中正路363號,,,不符合規定,殺菌劑Azoxystrobin 亞托敏1.2ppm(標準：1.0ppm以下) 殺蟲劑Chlorpyrifos 陶斯松0.04ppm(標準：不得檢出) 殺菌劑Cyazofamid 賽座滅0.04ppm(標準：0.01pm以下) 殺草劑Oxadiazon 樂滅草0.02ppm(標準：0.01ppm以下),欣盛小吃店(晴光精緻自助餐)/臺北市士林區中正路363號
臺北市,6071,2024-04-02,蔬果,小葉菜類,青蒜,丁O江蔬果行,北投區,臺北市北投區清江路35號,,,不符合規定,殺菌劑Fluxapyroxad 氟克殺0.03ppm(標準：不得檢出),丁O江蔬果行/臺北市北投區清江路35號
臺北市,6238,2024-03-06,蔬果,小葉菜類,大芥菜,無市招菜攤(邵O祥),信義區,臺北市信義區虎林街122號,,,不符合規定,殺蟲劑Diflubenzuron二福隆2.4 ppm（標準：1.0 ppm以下）,無市招菜攤(邵O祥)/臺北市信義區虎林街122號
臺北市,6239,2024-03-06,蔬果,小葉菜類,青蔥粉蔥,無市招菜攤（邵O祥,信義區,臺北市信義區虎林街122號）,,,不符合規定,殺蟎劑Spirodiclofen 賜派芬0.08ppm(標準：0.01ppm以下),無市招菜攤（邵O祥/臺北市信義區虎林街122號）
臺北市,6240,2024-03-06,蔬果,小葉菜類,韭菜花,大地美饌有限公司(KiKi餐廳),信義區,臺北市信義區松壽路12號6樓,,,不符合規定,殺菌劑Cyproconazole 環克座0.3ppm(標準：0.2ppm以下) 殺蟎劑Spirodiclofen 賜派芬0.81ppm(標準：0.01ppm以下),大地美饌有限公司(KiKi餐廳)/臺北市信義區松壽路12號6樓
臺北市,6247,2024-03-05,蔬果,根莖菜類,白蘿蔔5A3,吳O玲,中山區,臺北市中山區民族東路410巷2弄10號前榮濱市場路邊攤,,,不符合規定,殺蟲劑Dinotefuran 達特南0.17ppm(標準：0.05ppm以下) 殺蟲劑Malathion 馬拉松0.02ppm(標準：0.01ppm以下),吳O玲/臺北市中山區民族東路410巷2弄10號前榮濱市場路邊攤
臺北市,6248,2024-03-05,蔬果,包葉菜類,白花椰菜,3232林O梅,萬華區,臺北市萬華區萬大路533號地號216,,,不符合規定,殺蟲劑Emamectin benzoate 因滅汀0.34ppm(標準：0.05ppm以下),3232林O梅/臺北市萬華區萬大路533號地號216
臺北市,6249,2024-03-05,蔬果,小葉菜類,青蔥,3576陳O利,萬華區,臺北市萬華區萬大路533號地號327,,,不符合規定,殺草劑Oxadiazon 樂滅草0.03ppm(標準：0.01ppm以下),3576陳O利/臺北市萬華區萬大路533號地號327
臺北市,6250,2024-03-05,蔬果,小漿果類,迷迭香_新鮮香草,食代嚴選（https:,信義區,/www.fresh2you.tw）,,,不符合規定,殺蟲劑Bifenthrin 畢芬寧1.89ppm(標準：0.01ppm以下) 殺菌劑Carbendazim 貝芬替0.02ppm(標準：0.01ppm以下) 殺蟲劑Chlorfenapyr 克凡派0.09ppm(標準：0.01ppm以下) 殺菌劑Difenoconazole 待克利0.54ppm(標準：0.01ppm以下) 殺菌劑Dimethomorph 達滅芬0.60ppm(標準：0.01ppm以下) 殺蟲劑Dinotefuran 達特南0.74ppm(標準：不得檢出) 殺蟲劑Fenvaler,食代嚴選（https://www.fresh2you.tw）
臺北市,6251,2024-03-05,蔬果,香辛植物及其他草木本植物,山咖哩葉_九里香_新鮮香草,食代嚴選（https:,信義區,/www.fresh2you.tw）,,,不符合規定,殺草劑Ametryn 草殺淨0.01ppm(標準：不得檢出) 殺蟲劑Carbofuran 加保扶0.02ppm(標準：不得檢出) 殺蟲劑Chlorpyrifos 陶斯松0.03ppm(標準：0.01ppm以下) 殺蟲劑Fenitrothion 撲滅松0.04ppm(標準：0.01ppm以下) 殺菌劑Hexaconazole 菲克利0.02ppm(標準：0.01ppm以下) 殺草劑Oxadiazon 樂滅草0.02ppm(標準：0.01ppm以下) 殺草劑Pendimethalin 施得圃0.0,食代嚴選（https://www.fresh2you.tw）
臺北市,6252,2024-03-05,蔬果,香辛植物及其他草木本植物,義大利芹菜(歐芹)(巴西利),3446何O獅,萬華區,臺北市萬華區萬大路533號地號930,,,不符合規定,殺蟲劑Acetamiprid 亞滅培0.37ppm(標準：0.01ppm以下) 殺菌劑Dimethomorph 達滅芬0.62ppm(標準：0.01ppm以下) 殺蟲劑Dinotefuran 達特南0.03ppm(標準：不得檢出) 殺蟲劑Methomyl 納乃得2.28ppm(標準：不得檢出) 殺菌劑Pyraclostrobin 百克敏0.12ppm(標準：0.01ppm以下) 殺蟲劑Thiodicarb 硫敵克0.03ppm(標準：0.01ppm以下),3446何O獅/臺北市萬華區萬大路533號地號930
臺北市,6253,2024-03-05,蔬果,香辛植物及其他草木本植物,香菜(芫荽),陳O明（臺北市中山區民族東路410巷55號門口前,中山區,榮濱市場路邊攤）,,,不符合規定,殺菌劑Dimethomorph 達滅芬0.02ppm(標準：0.01ppm以下) 殺菌劑Propamocarb hydrochloride 普拔克0.21ppm(標準：0.01ppm以下) 殺蟲劑Terbufos 托福松0.05ppm(標準：不得檢出),陳O明（臺北市中山區民族東路410巷55號門口前/榮濱市場路邊攤）
臺北市,6254,2024-03-05,蔬果,香辛植物及其他草木本植物,義大利芹菜-平葉巴西利-新鮮香草,食代嚴選（https:,信義區,/www.fresh2you.tw）,,,不符合規定,殺菌劑Carbendazim 貝芬替0.05ppm(標準：0.01ppm以下) 殺蟲劑Chlorfenapyr 克凡派0.02ppm(標準：0.01ppm以下) 殺蟲劑Dinotefuran 達特南0.20ppm(標準：不得檢出),食代嚴選（https://www.fresh2you.tw）
臺北市,6286,2024-03-04,蔬果,豆菜類,青菜豆(豇豆),天寶小吃店(全國健康素食),士林區,臺北市士林區天母西路32號,,,不符合規定,殺蟎劑Formetanate 覆滅蟎0.40ppm(標準：不得檢出) 殺蟲劑Thiamethoxam 賽速安0.04ppm(標準：0.02ppm以下),天寶小吃店(全國健康素食)/臺北市士林區天母西路32號
臺北市,6288,2024-03-04,蔬果,小漿果類,日本熊本草莓(2入/箱),新鮮屋（https:,信義區,/www.fresco.casa）,,,不符合規定,殺蟎劑Acrinathrin 阿納寧0.01 ppm（標準：不得檢出）,新鮮屋（https://www.fresco.casa）
臺北市,6289,2024-03-04,蔬果,小葉菜類,九層塔(羅勒),天寶小吃店(全國健康素食),士林區,臺北市士林區天母西路32號,,,不符合規定,殺蟲劑Chlorpyrifos 陶斯松0.28ppm(標準：0.01ppm以下),天寶小吃店(全國健康素食)/臺北市士林區天母西路32號
臺北市,6325,2024-03-01,生鮮禽畜肉品,雞蛋,紅蛋,有利蛋行,中山區,臺北市中山區新生北路3段11巷49號,,,不符合規定,甲磺氯黴素(Thiamphenicol): 0.005 ppm(標準:不得檢出) 氟滅菌(flumequine): 0.07 ppm(標準:不得檢出),有利蛋行/臺北市中山區新生北路3段11巷49號
臺北市,6364,2024-02-29,生鮮禽畜肉品,雞蛋,心樸冷藏鮮雞蛋(白蛋),三商家購股份有限公司(美廉社萬華雙園店),萬華區,臺北市萬華區雙園街13號1樓,,,不符合規定,乃卡巴精(nicarbazin): 0.016 ppm (標準:不得檢出),三商家購股份有限公司(美廉社萬華雙園店)/臺北市萬華區雙園街13號1樓
臺北市,6418,2024-02-23,茶葉、花草茶,花草茶,紫玫瑰花,燒杯咖啡餐坊(燒杯咖啡藝廚),萬華區,臺北市萬華區西園路1段240號1樓,,,不符合規定,殺蟲劑Omethoate 歐滅松 0.07ppm(標準：不得檢出),燒杯咖啡餐坊(燒杯咖啡藝廚)/臺北市萬華區西園路1段240號1樓
臺北市,6419,2024-02-23,茶葉、花草茶,花草茶,蝶豆花,象泰泰手工泰式奶茶店(象泰泰),萬華區,臺北市萬華區武昌街2段100號1樓,,,不符合規定,殺蟲劑Bifenthrin 畢芬寧 0.07ppm(標準：0.03ppm以下) 殺蟲劑Cypermethrin 賽滅寧 0.06ppm(標準：0.03ppm以下) 殺蟲劑Fipronil 芬普尼 0.003ppm(標準：0.002ppm以下) 殺蟲劑Triazophos 三落松 0.08ppm(標準：0.05ppm以下),象泰泰手工泰式奶茶店(象泰泰)/臺北市萬華區武昌街2段100號1樓
臺北市,6420,2024-02-23,茶葉、花草茶,花草茶,洋甘菊花茶,非凡品樂有限公司(HERITAGE),中正區,臺北市中正區漢口街1段73之2號1樓,,,不符合規定,殺菌劑Triadimenol 三泰隆 0.27ppm(標準：0.05ppm以下),非凡品樂有限公司(HERITAGE)/臺北市中正區漢口街1段73之2號1樓
臺北市,6443,2024-02-22,茶葉、花草茶,花草茶,蝶豆花,伍五伍商行(泰讚了thai like tea市民店),松山區,臺北市松山區市民大道5段37號,,,不符合規定,殺蟲劑Cypermethrin 賽滅寧0.04ppm(標準：0.03ppm以下),伍五伍商行(泰讚了thai like tea市民店)/臺北市松山區市民大道5段37號
臺北市,6444,2024-02-22,生鮮禽畜肉品,雞肉,雞胗,永春市場65號攤-專售花東的雞,信義區,臺北市信義區松山路294號,,,不符合規定,脫氧羥四環黴素(Doxycycline): 0.8ppm （標準：0.3 ppm）,永春市場65號攤-專售花東的雞/臺北市信義區松山路294號
臺北市,6445,2024-02-22,茶葉、花草茶,花草茶,大馬士革玫瑰花茶,運立國際有限公司,內湖區,臺北市內湖區基湖路35巷16號4樓,,,不符合規定,殺蟲劑Cypermethrin 賽滅寧 0.04ppm(標準：0.03ppm以下) 殺蟲劑Deltamethrin 第滅寧 0.04ppm(標準：0.03ppm以下) 殺菌劑Tebuconazole 得克利 0.72ppm(標準：0.05ppm以下),運立國際有限公司/臺北市內湖區基湖路35巷16號4樓
臺北市,6470,2024-02-21,生鮮禽畜肉品,雞肉,烏骨雞,環南市場家禽區-健業生鮮肉品(13號攤),萬華區,臺北市萬華區環河南路二段245號 - 家禽區13號攤,,,不符合規定,三甲氧芐氨嘧啶(trimethoprim): 0.09ppm （標準：0.05ppm）,環南市場家禽區-健業生鮮肉品(13號攤)/臺北市萬華區環河南路二段245號 - 家禽區13號攤
臺北市,6471,2024-02-21,生鮮禽畜肉品,雞肉,雞胗,南門市場-光揚家禽畜產(7.8號攤),中正區,臺北市中正區羅斯福路一段8號B103-06,,,不符合規定,脫氧羥四環黴素(Doxycycline): 0.4ppm （標準：0.3 ppm）,南門市場-光揚家禽畜產(7.8號攤)/臺北市中正區羅斯福路一段8號B103-06
臺北市,6472,2024-02-21,茶葉、花草茶,花草茶,乾燥蝶豆花20G,棋軒實業有限公司(棋美點心屋),大安區,臺北市大安區復興南路2段292號,,,不符合規定,殺蟲劑Cypermethrin 賽滅寧 0.11ppm(標準：0.03ppm以下),棋軒實業有限公司(棋美點心屋)/臺北市大安區復興南路2段292號
臺北市,6504,2024-02-20,生鮮禽畜肉品,雞肉,烏骨雞,新東南海鮮餐廳松山館,松山區,臺北市松山區八德路4段656號1樓、2樓,,,不符合規定,三甲氧芐氨嘧啶(trimethoprim): 0.1ppm （標準：0.05ppm）,新東南海鮮餐廳松山館/臺北市松山區八德路4段656號1樓、2樓
臺北市,6505,2024-02-20,生鮮禽畜肉品,雞肉,烏骨雞,武昌市場-無市招攤販,松山區,臺北市松山區南京東路5段59巷27弄27號,,,不符合規定,三甲氧芐氨嘧啶(trimethoprim): 0.1ppm （標準：0.05ppm）,武昌市場-無市招攤販/臺北市松山區南京東路5段59巷27弄27號
臺北市,6506,2024-02-20,茶葉、花草茶,花草茶,薰衣草,湘帝蔘茸有限公司,大同區,臺北市大同區迪化街1段58號1樓,,,不符合規定,殺蟲劑Acetamiprid 亞滅培 0.21ppm(標準：0.05ppm以下),湘帝蔘茸有限公司/臺北市大同區迪化街1段58號1樓
臺北市,6507,2024-02-20,茶葉、花草茶,花草茶,蝶豆花,閤家生活開發有限公司民權店(8% ice CAFÉ),中山區,臺北市中山區民權東路1段79號1樓,,,不符合規定,殺菌劑Carbendazim 貝芬替 0.21ppm(標準：0.05ppm以下) 殺蟲劑Cypermethrin 賽滅寧 0.21ppm(標準：0.03ppm以下) 殺蟲劑Fipronil 芬普尼 0.006ppm(標準：0.002ppm以下) 殺蟲劑Imidacloprid 益達胺 0.29ppm(標準：0.05ppm以下) 殺菌劑Isoprothiolane 亞賜圃 0.18ppm(標準：0.05ppm以下),閤家生活開發有限公司民權店(8% ice CAFÉ)/臺北市中山區民權東路1段79號1樓
臺北市,6508,2024-02-20,茶葉、花草茶,花草茶,粉紅玫瑰,牙口義大利麵館,北投區,臺北市北投區大興街9巷45號,,,不符合規定,殺蟲劑Phosalone裕必松 0.19 pm（標準：不得檢出）,牙口義大利麵館/臺北市北投區大興街9巷45號
臺北市,6518,2024-02-20,油品抽驗計畫,葡萄籽油,日清葡萄籽油,微風超市股份有限公司(Breeze Super),信義區,臺北市信義區松智路17號B1F,,,不符合規定,檢出反式脂肪酸甲基酯(15項) 0.88 g/100 mL，惟案內產品外包裝營養標示每份(10毫升)反式脂肪含量為「0」，標示不實。,微風超市股份有限公司(Breeze Super)/臺北市信義區松智路17號B1F
臺北市,6532,2024-02-19,網路販售市售辣椒粉食品,包裝,紅辣椒粉,家樂福線上購物 (https:,信義區,/online.carrefour.com.tw/),,,不符合規定,克美素-0.1ppm (標準：不得檢出),家樂福線上購物 (https://online.carrefour.com.tw/)
臺北市,6533,2024-02-19,網路販售市售辣椒粉食品,包裝,真好家辣椒粉,Pchome24h購物 (https:,信義區,/24h.pchome.com.tw/),,,不符合規定,1.蘇丹三號-8ppb (標準：不得檢出) 2.克美素-0.07ppm (標準：不得檢出),Pchome24h購物 (https://24h.pchome.com.tw/)
臺北市,6534,2024-02-19,網路販售市售辣椒粉食品,包裝,匈牙利紅椒粉,momo購物網 (https:,大同區,/www.momoshop.com.tw/main/Main.jsp),,,不符合規定,"1.二、四地(2,4-D)-0.27ppm (標準：0.05ppm) 2.克美素-0.16ppm (標準：不得檢出)",momo購物網 (https://www.momoshop.com.tw/main/Main.jsp)
臺北市,6535,2024-02-19,網路販售市售辣椒粉食品,包裝,極辣朝天椒,蝦皮購物-紀宸商行-南北貨批發 (https:,信義區,/shopee.tw/jichenhang),,,不符合規定,1.蘇丹三號-4ppb (標準：不得檢出) 2.克美素-0.06ppm (標準：不得檢出),蝦皮購物-紀宸商行-南北貨批發 (https://shopee.tw/jichenhang)
臺北市,6536,2024-02-19,網路販售市售辣椒粉食品,包裝,泰式辣椒粉,蝦皮購物-泰菲印越2.0 (https:,信義區,/shopee.tw/tfiv2.0),,,不符合規定,1.蘇丹三號-8ppb (標準：不得檢出) 2.克美素-0.07ppm (標準：不得檢出),蝦皮購物-泰菲印越2.0 (https://shopee.tw/tfiv2.0)
臺北市,6537,2024-02-19,網路販售市售辣椒粉食品,包裝,細粉紅辣椒,遠百企業股份有限公司景美分公司,文山區,臺北市文山區景中街30巷12號1.2樓,,,不符合規定,克美素-0.08ppm (標準：不得檢出),遠百企業股份有限公司景美分公司/臺北市文山區景中街30巷12號1.2樓
臺北市,6582,2024-02-16,祭祀食品,豆乾類,豆干碎丁,阿泓潤餅,信義區,臺北市信義區吳興街189號,,,不符合規定,苯甲酸1.25g/kg(標準：0.6g/kg以下),阿泓潤餅/臺北市信義區吳興街189號
臺北市,6592,2024-02-16,祭祀食品,花生粉,花生粉,豪棧小吃店,內湖區,臺北市內湖區內湖路1段285巷59弄1號,,,不符合規定,總黃麴毒素30.8ug/kg(標準：4ug/kg以下)、黃麴毒素B1 25.2ug/kg (標準：2ug/kg以下),豪棧小吃店/臺北市內湖區內湖路1段285巷59弄1號
臺北市,6594,2024-02-16,祭祀食品,豆乾類,豆干絲,麗山市場第70攤,內湖區,臺北市內湖區內湖路1段737巷50弄6號,,,不符合規定,苯甲酸1.3g/kg(標準：0.6g/kg以下),麗山市場第70攤/臺北市內湖區內湖路1段737巷50弄6號
臺北市,6665,2024-01-17,蔬果,包葉菜類,芥菜(包心芥菜),無市招菜攤(陳O宏),松山區,臺北市松山區八德路3段74巷3弄22號,,,不符合規定,殺蟲劑Cypermethrin 賽滅寧1.6ppm(標準：1.0ppm以下) 殺蟲劑Dinotefuran 達特南4.6ppm(標準：2.0ppm以下),無市招菜攤(陳O宏)/臺北市松山區八德路3段74巷3弄22號
臺北市,6666,2024-01-17,蔬果,小漿果類,日本福岡草莓,微風超市股份有限公司(Breeze Super),松山區,臺北市松山區南京東路3段337號2樓,,,不符合規定,殺蟲劑Flonicamid 氟尼胺0.22ppm(標準：0.01ppm以下),微風超市股份有限公司(Breeze Super)/臺北市松山區南京東路3段337號2樓
臺北市,6667,2024-01-17,蔬果,小漿果類,日本熊本草莓,阿一蔬果有限公司,南港區,臺北市南港區忠孝東路6段85號,,,不符合規定,殺蟲劑Flonicamid 氟尼胺0.04ppm(標準：0.01ppm以下),阿一蔬果有限公司/臺北市南港區忠孝東路6段85號
臺北市,6668,2024-01-17,蔬果,小葉菜類,芥蘭花,天香,松山區,臺北市松山區八德路3段76號中崙市場第24號攤,,,不符合規定,殺蟲劑Emamectin benzoate 因滅汀0.12ppm(標準：0.05ppm以下),天香/臺北市松山區八德路3段76號中崙市場第24號攤
臺北市,6690,2024-01-16,蔬果,小葉菜類,茼蒿,林O省(蔬菜承銷人3067),萬華區,臺北市萬華區萬大路533號(第一果菜批發市場地號1610),,,不符合規定,殺菌劑Difenoconazole 待克利2.1ppm(標準：1.0ppm以下),林O省(蔬菜承銷人3067)/臺北市萬華區萬大路533號(第一果菜批發市場地號1610)
臺北市,6691,2024-01-16,蔬果,小葉菜類,茼蒿,錢儷小吃店(錢都日式涮涮鍋),士林區,臺北市士林區福國路71號1樓,,,不符合規定,殺菌劑Chlorothalonil四氯異苯腈4.1ppm(標準：2.0ppm以下),錢儷小吃店(錢都日式涮涮鍋)/臺北市士林區福國路71號1樓
臺北市,6692,2024-01-16,蔬果,小漿果類,日本MOMO草莓,梅林水果行,中正區,臺北市中正區開封街1段81、83號1樓,,,不符合規定,殺蟲劑Flonicamid 氟尼胺0.03ppm(標準：0.01ppm以下),梅林水果行/臺北市中正區開封街1段81、83號1樓
臺北市,6693,2024-01-16,蔬果,包葉菜類,結球白菜,全聯實業股份有限公司天母天玉分公司,士林區,臺北市士林區天母西路3號地下,,,不符合規定,殺蟲劑Pyriproxyfen 百利普芬0.08ppm(標準：0.01ppm以下),全聯實業股份有限公司天母天玉分公司/臺北市士林區天母西路3號地下
臺北市,6706,2024-01-16,蔬果,小葉菜類,青江菜,鼎王國際餐飲股份有限公司無老台北中華分公司(無老鍋西門町店),中正區,臺北市中正區中華路1段55號2樓,,,不符合規定,殺蟲劑Tolfenpyrad 脫芬瑞0.9ppm(標準：0.5ppm以下),鼎王國際餐飲股份有限公司無老台北中華分公司(無老鍋西門町店)/臺北市中正區中華路1段55號2樓
臺北市,6744,2024-01-03,蔬果,小漿果類,大湖草莓,一級鮮果商行,大安區,臺北市大安區仁愛路4段408號,,,不符合規定,殺蟲劑Methomyl 納乃得3.1ppm(標準：2.0ppm以下) 殺菌劑Pyraclostrobin 百克敏1.4ppm(標準0.5ppm以下),一級鮮果商行/臺北市大安區仁愛路4段408號
臺北市,6745,2024-01-03,蔬果,小葉菜類,茼蒿,三商家購股份有限公司大安樂業門市(美廉社),大安區,臺北市大安區樂業街141號,,,不符合規定,殺菌劑Chlorothalonil 四氯異苯腈3.9ppm(標準：2.0ppm以下),三商家購股份有限公司大安樂業門市(美廉社)/臺北市大安區樂業街141號
臺北市,6761,2024-01-02,蔬果,包葉菜類,刈菜(包心芥菜),臺北市第二果菜批發市場18-09號攤,中山區,臺北市中山區民族東路336號,,,不符合規定,殺菌劑Flutolanil 福多寧0.05ppm(標準：0.01ppm以下),臺北市第二果菜批發市場18-09號攤/臺北市中山區民族東路336號
臺北市,6762,2024-01-02,蔬果,柑桔類,金棗,旺旺水果行(龍江水果行),中山區,臺北市中山區龍江路189號,,,不符合規定,殺蟲劑Chlorpyrifos 陶斯松0.03ppm(標準：0.01ppm以下) 殺菌劑Famoxadone 凡殺同0.68ppm(標準：0.01ppm以下) 殺蟲劑Fenvalerate 芬化利2.8ppm(標準：2.0ppm以下),旺旺水果行(龍江水果行)/臺北市中山區龍江路189號
臺北市,6763,2024-01-02,蔬果,小葉菜類,九層塔(羅勒),龍來餐飲有限公司(儂來美食),中山區,臺北市中山區民生東路2段147巷11弄2-1號,,,不符合規定,殺菌劑Boscalid 白克列21.87ppm(標準：0.01ppm以下) 殺菌劑Procymidone 撲滅寧10.3ppm(標準：5.0ppm以下),龍來餐飲有限公司(儂來美食)/臺北市中山區民生東路2段147巷11弄2-1號
臺北市,6764,2024-01-02,蔬果,小漿果類,大湖草莓,旺旺水果行（龍江水果行）,中山區,臺北市中山區龍江路189號,,,不符合規定,殺菌劑Fludioxonil 護汰寧2.2ppm(標準：2.0ppm以下),旺旺水果行（龍江水果行）/臺北市中山區龍江路189號
臺北市,6856,2023-12-06,年節食品,豆乾類,黃日香休閒片(有效日期：20240229),正祥食品行(黃日香豆干台北總店),萬華區,臺北市萬華區中華路2段66號1樓/實際抽驗地為64號,,,不符合規定,防腐劑己二烯酸2.2 g/kg（標準：2.0g/kg以下）,正祥食品行(黃日香豆干台北總店)/臺北市萬華區中華路2段66號1樓/實際抽驗地為64號
臺北市,6857,2023-12-05,年節食品,水產及其加工品,蝦米AAA(有效日期：202506)（產地：中國大陸）,麗庭莊園有限公司88號樂章婚宴會館,內湖區,臺北市內湖區民善街88號5樓,,,不符合規定,檢出漂白劑二氧化硫0.05g/kg，惟外包裝成份未標示,麗庭莊園有限公司88號樂章婚宴會館/臺北市內湖區民善街88號5樓
臺北市,6858,2023-12-05,年節食品,竹笙,竹笙(有效日期：20250130),顏素眞號（上海火腿公司,中正區,臺北市中正區南海路2巷16號1樓）,,,不符合規定,漂白劑二氧化硫0.99g/kg（標準：0.50g/kg以下） 殺蟲劑Acetamiprid亞滅培0.08ppm（標準：0.05ppm以下） 殺蟲劑Chlorfenapyr克凡派0.14ppm（標準：0.05ppm以下） 殺蟲劑Chlorpyrifos陶斯松0.06ppm（標準：0.03ppm以下） 殺蟲劑Clothianidin可尼丁0.16ppm（標準：0.05ppm以下） 殺菌劑Propiconazole普克利0.12ppm（標準：0.05ppm以下）,顏素眞號（上海火腿公司/臺北市中正區南海路2巷16號1樓）
臺北市,6859,2023-12-05,年節食品,竹笙,竹笙,雅苑粵菜海鮮樓股份有限公司(雅苑粵菜港式飲茶),大安區,臺北市大安區光復南路202號2樓,,,不符合規定,鎘5mg/kg（標準：2mg/kg以下） 殺蟲劑Chlorpyrifos陶斯松0.18ppm（標準：0.03ppm以下） 殺蟲劑Clothianidin可尼丁0.19pm（標準：0.05ppm以下）,雅苑粵菜海鮮樓股份有限公司(雅苑粵菜港式飲茶)/臺北市大安區光復南路202號2樓
臺北市,6860,2023-12-05,年節食品,豆乾類,非基改秘製豆干（製造日期：2023年12月3日）,八玖食小食樂趣,大同區,臺北市大同區迪化街1段21號永樂市場1019攤,,,不符合規定,防腐劑己二烯酸4.7g/kg（標準：2.0g/kg以下），且該產品為包裝食品，惟未依相關規定標示,八玖食小食樂趣/臺北市大同區迪化街1段21號永樂市場1019攤
臺北市,6912,2023-12-01,年節食品,竹笙,竹笙一級(有效日期：20240427)(產地：中國大陸),京老滿餐飲股份有限公司(餡老滿),內湖區,臺北市內湖區成功路4段188號2樓,,,不符合規定,殺蟲劑Fipronil芬普尼0.012ppm（標準：0.002ppm以下） 殺蟲劑Propoxur安丹2.56ppm（標準：0.05ppm以下）,京老滿餐飲股份有限公司(餡老滿)/臺北市內湖區成功路4段188號2樓
臺北市,6913,2023-12-01,年節食品,蕈菜類,猴頭菇（產地：中國大陸）,萬年興商行,內湖區,臺北市內湖區內湖路3段107號1樓,,,不符合規定,生長調節劑Chlormequat 克美素0.33ppm（標準：不得檢出）,萬年興商行/臺北市內湖區內湖路3段107號1樓
臺北市,6936,2023-11-29,螺獅粉專案,螺獅粉,狸貓妃螺螄粉-螺螄醬料包 (有效日期:2024/03/25),蝦皮購物-Alita曖莉塔(https:,信義區,/shopee.tw/wuy95304),,,不符合規定,檢出防腐劑去水醋酸：0.03 g/kg(標準：不得添加),蝦皮購物-Alita曖莉塔(https://shopee.tw/wuy95304)
臺北市,6960,2023-11-29,年節食品,木耳,白木耳（產地：中國大陸）,萬年興商行,內湖區,臺北市內湖區內湖路3段107號1樓,,,不符合規定,生長調節劑Chlormequat 克美素0.08ppm（標準：不得檢出）,萬年興商行/臺北市內湖區內湖路3段107號1樓
臺北市,6961,2023-11-29,年節食品,包葉菜類,大芥菜,葉O雲,內湖區,臺北市內湖區康寧路1段26巷1號旁(湖光市場無市招蔬菜攤),,,不符合規定,殺蟎劑Fenpyroximate芬普蟎0.26ppm（標準：0.01ppm 以下） 殺蟲劑Methoxyfenozide滅芬諾2.06ppm（標準：0.01ppm以下 ）,葉O雲/臺北市內湖區康寧路1段26巷1號旁(湖光市場無市招蔬菜攤)
臺北市,6962,2023-11-29,年節食品,香辛植物類,大辣椒（FV）,林O鴦3499,萬華區,臺北市萬華區萬大路533號(第一果菜批發市場零批場地號2215),,,不符合規定,殺菌劑Pencycuron賓克隆0.15 ppm（標準：0.05 ppm以下）,林O鴦3499/臺北市萬華區萬大路533號(第一果菜批發市場零批場地號2215)
臺北市,6963,2023-11-29,年節食品,根莖菜類,農產白蘿蔔,台北市農會蔬果舖子,大安區,臺北市大安區復興南路1段340巷旁空地,,,不符合規定,殺蟲劑Cyhalothrin賽洛寧 0.02 ppm（標準：0.01 ppm以下）,台北市農會蔬果舖子/臺北市大安區復興南路1段340巷旁空地
臺北市,6964,2023-11-29,年節食品,包葉菜類,大刈菜,第一果菜批發市場零批場地號1610,萬華區,臺北市萬華區萬大路533號,,,不符合規定,殺蟲劑Dinotefuran達特南2.8ppm（標準：2.0ppm以下）,第一果菜批發市場零批場地號1610/臺北市萬華區萬大路533號
臺北市,6965,2023-11-29,年節食品,香辛植物類,陝西花椒（有效日期：20250202）（產地：中國大陸）,泰生堂參藥行,中正區,臺北市中正區開封街1段100號,,,不符合規定,殺蟲劑Acetamiprid亞滅培0.18ppm（標準：0.05ppm以下） 殺蟲劑Chlorpyrifos 陶斯松0.05ppm（標準：0.03ppm以下） 殺蟲劑Imidacloprid益達胺0.07ppm（標準：0.05ppm以下） 殺菌劑Tebuconazole 得克利0.06ppm（標準：0.05 ppm以下） 外包裝標示「合格」、「安心使用」等字樣，涉易生誤解,泰生堂參藥行/臺北市中正區開封街1段100號
臺北市,6966,2023-11-29,年節食品,香辛植物類,B.B.漢源花椒（有效日期：20250415）（產地：中國大陸）,振農食品行,大同區,臺北市大同區迪化街1段283號,,,不符合規定,殺菌劑Tebuconazole得克利0.06 ppm（標準：0.05ppm以下）,振農食品行/臺北市大同區迪化街1段283號
臺北市,6967,2023-11-28,年節食品,包葉菜類,刈菜,紀O丞蔬果攤,中山區,臺北市中山區民族東路410巷61號,,,不符合規定,殺蟲劑Cypermethrin賽滅寧1.3ppm（標準:1.0 ppm以下） 殺菌劑Dimethomorph達滅芬2 .8ppm（ 標準： 2 .5ppm以下） 殺蟲劑Dinotefuran達特南7.6ppm（標準：2.0ppm以下）,紀O丞蔬果攤/臺北市中山區民族東路410巷61號
臺北市,6968,2023-11-28,年節食品,香辛植物類,花椒（有效日期： 20260202）（產地：中國大陸）,康鮮食品股份有限公司,南港區,臺北市南港區重陽路263巷3號4樓,,,不符合規定,殺蟲劑Acetamiprid亞滅培0.31 ppm（標準：0.05 ppm以下） 殺蟲劑Carbofuran加保扶0.11 ppm（標準：不得檢出） 殺蟲劑Imidacloprid益達胺0.10 ppm（標準：0.05ppm以下） 殺菌劑Tebuconazole得克利0.20ppm（標準：0.05 ppm以下） 產品外包裝標示「嚴選安心產品 合格 敬請民眾安心使用」等字樣，涉易生誤解,康鮮食品股份有限公司/臺北市南港區重陽路263巷3號4樓
臺北市,6969,2023-11-28,年節食品,根莖菜類,白蘿蔔,純香食品行,內湖區,臺北市內湖區南京東路6段330巷18弄15號,,,不符合規定,殺蟲劑芬普尼(Fipronil)0.012ppm、芬普尼代謝物(Fipronil-sulfone)0.008ppm(標準:0.001ppm以下),純香食品行/臺北市內湖區南京東路6段330巷18弄15號
臺北市,7012,2023-11-27,年節食品,木耳,白木耳（有效日期20240516）（產地：中國）,興長生蔘藥行,信義區,臺北市信義區吳興街197號,,,不符合規定,生長調節劑Chlormequat 克美素0.32 ppm（標準：不得檢出）,興長生蔘藥行/臺北市信義區吳興街197號
臺北市,7013,2023-11-27,年節食品,香辛植物類,特花椒粒（有效日期：20251005）（產地：中國大陸）,興長生蔘藥行,信義區,臺北市信義區吳興街197號,,,不符合規定,殺蟲劑Acetamiprid亞滅培0.87ppm（標準：0.05ppm以下） 殺蟲劑Carbofuran加保扶0.37ppm（標準：不得檢出） 殺蟲劑Chlorpyrifos陶斯松0.26ppm（標準：0.03ppm以下） 殺蟲劑Clothianidin可尼丁0.06ppm（標準：0.03ppm以下） 殺菌劑Difenoconazole待克利0.10ppm（標準：0.05ppm以下） 殺蟲劑Imidacloprid益達胺0.23ppm（標準：0.05ppm以下） 殺菌劑Pyraclostrobin百克敏0,興長生蔘藥行/臺北市信義區吳興街197號
臺北市,7014,2023-11-27,年節食品,蕈菜類,茶樹菇,東杰商行,士林區,臺北市士林區社中街33巷4號,,,不符合規定,殺蟲劑Chlorpyrifos 陶斯松0.14ppm(標準：0.03ppm以下) 殺蟲劑Fipronil 芬普尼0.068ppm、Fipronil-sulfone芬普尼代謝物0.020ppm(標準：0.002ppm以下),東杰商行/臺北市士林區社中街33巷4號
臺北市,7026,2023-11-09,醃製及脫水蔬果(含蜜餞),酸菜類(屬醃漬蔬菜),酸菜 (2024/10/14),臺北市第二果菜批發市場第18-16攤葉爾旺(蔬菜承銷人2154),中山區,臺北市中山區民族東路336號/v18-16,,,不符合規定,苯甲酸 1.2g/kg(標準：0.6 g/kg以下) 二氧化硫 0.35g/kg(標準：0.030g/kg以下),臺北市第二果菜批發市場第18-16攤葉爾旺(蔬菜承銷人2154)/臺北市中山區民族東路336號/v18-16
臺北市,7027,2023-11-09,醃製及脫水蔬果(含蜜餞),醃漬水果,鳥梨,果鮮一品商行,中山區,臺北市中山區吉林路176號,,,不符合規定,環己基(代)磺醯胺酸鹽 0.90g/kg(標準：不得檢出) 糖精 0.10 g/kg(標準：不得檢出),果鮮一品商行/臺北市中山區吉林路176號
臺北市,7028,2023-11-09,醃製及脫水蔬果(含蜜餞),酸菜類(屬醃漬蔬菜),酸菜,石家割包(源石石家刈包),中山區,臺北市中山區中吉里民生東路2段138號1樓,,,不符合規定,二氧化硫 0.19g/kg(標準：0.030g/kg以下),石家割包(源石石家刈包)/臺北市中山區中吉里民生東路2段138號1樓
臺北市,7042,2023-11-08,醃製及脫水蔬果(含蜜餞),醃漬水果,醃漬鳥梨,哈林水果專賣店,士林區,臺北市士林區士東路100號士東市場80號攤,,,不符合規定,環己基(代)磺醯胺酸鹽1.18g/kg(標準：不得檢出) 糖精0.06g/kg(標準：不得檢出),哈林水果專賣店/臺北市士林區士東路100號士東市場80號攤
臺北市,7043,2023-11-08,醃製及脫水蔬果(含蜜餞),非即食 醃漬蔬菜,漬の菜 (2024/3/10),士東南北雜貨店,士林區,臺北市士林區士東路100號士東市場35號攤,,,不符合規定,二氧化硫0.19g/kg(標準：0.030g/kg以下),士東南北雜貨店/臺北市士林區士東路100號士東市場35號攤
臺北市,7066,2023-11-06,醃製及脫水蔬果(含蜜餞),非即食 醃漬蔬菜,酸菜 (2024/3/10),吟興商行(吟興雜糧行),萬華區,臺北市萬華區桂林路74號1樓,,,不符合規定,檢出二氧化硫0.15g/kg (標準：0.030 g/kg以下),吟興商行(吟興雜糧行)/臺北市萬華區桂林路74號1樓
臺北市,7075,2023-11-03,蔬果,根莖菜類,白蘿蔔,明德素食園,內湖區,臺北市內湖區成功路2段325號B1,,,不符合規定,殺蟎劑Pyridaben畢達本0.01 ppm（標準：不得檢出）,明德素食園/臺北市內湖區成功路2段325號B1
臺北市,7076,2023-11-03,蔬果,小葉菜類,菠菜,三軍總醫院營養部,內湖區,臺北市內湖區成功路2段325號B1,,,不符合規定,殺蟲劑Indoxacarb因得克0.11 ppm（標準：0.01ppm以下）,三軍總醫院營養部/臺北市內湖區成功路2段325號B1
臺北市,7080,2023-11-03,蔬果,小葉菜類,蔥,老李港式扒飯(優米自助餐),內湖區,臺北市內湖區成功路2段325號B1,,,不符合規定,殺菌劑Fluopyram 氟派瑞0.04ppm(標準：不得檢出),老李港式扒飯(優米自助餐)/臺北市內湖區成功路2段325號B1
臺北市,7081,2023-11-02,蔬果,小葉菜類,格藍芽,謝O寶,萬華區,臺北市萬華區萬大路533號中繼蔬菜零批場地號2004,,,不符合規定,殺菌劑Fluopyram氟派瑞0.02 ppm（標準：不得檢出）,謝O寶/臺北市萬華區萬大路533號中繼蔬菜零批場地號2004
臺北市,7082,2023-11-02,蔬果,大漿果類,木瓜,世界城水果店,北投區,臺北市北投區石牌路1段166巷117號1樓,,,不符合規定,殺蟲劑Methomyl納乃得0.01 ppm（標準：不得檢出）,世界城水果店/臺北市北投區石牌路1段166巷117號1樓
臺北市,7083,2023-11-02,蔬果,根莖菜類,白蘿蔔-長條型本產,好膳企業股份有限公司(PRESERVE．FOR OUR FUTURE),士林區,臺北市士林區天母東路43巷3號,,,不符合規定,殺蟲劑Dinotefuran達特南0.06 ppm（標準：0.05 ppm以下） 殺蟲劑Emamectin benzoate因滅汀0.011 ppm（標準：不得檢出） 殺蟲劑Profenophos佈飛松0.48 ppm（標準：0.05 ppm以下） 殺蟲劑Terbufos托福松0.51 ppm（標準：不得檢出）,好膳企業股份有限公司(PRESERVE．FOR OUR FUTURE)/臺北市士林區天母東路43巷3號
臺北市,7084,2023-11-02,蔬果,小葉菜類,大陸妹,好鍋有限公司,士林區,臺北市士林區天母西路43號1樓,,,不符合規定,殺菌劑Boscalid白克列5.6 ppm（標準：4.0 ppm以下） 殺蟲劑Emamectin benzoate因滅汀0.06 ppm（標準：0.05 ppm以下） 殺菌劑Pyraclostrobin百克敏2.2ppm（標準：2.0 ppm以下）,好鍋有限公司/臺北市士林區天母西路43號1樓
臺北市,7085,2023-11-02,蔬果,果菜類,紅辣椒,呂O越,萬華區,臺北市萬華區萬大路533號中繼蔬菜零批場地號2002,,,不符合規定,殺菌劑 Difenoconazole待克利1.2 ppm（標準：0.5 ppm以下） 殺蟎劑Fenazaquin芬殺蟎0.4 ppm（標準：0.1ppm以下 ）,呂O越/臺北市萬華區萬大路533號中繼蔬菜零批場地號2002
臺北市,7100,2023-11-02,蔬果,小葉菜類,芥藍,白毫素食天地,士林區,臺北市士林區天母西路13巷10號1樓,,,不符合規定,殺草劑Pendimethalin施得圃0.2 ppm（標準：0.1ppm以下）,白毫素食天地/臺北市士林區天母西路13巷10號1樓
臺北市,7101,2023-11-01,蔬果,香辛植物及其他草木本植物,香菜(芫荽),董O興蔬菜攤,大同區,臺北市大同區錦西街38巷18號,,,不符合規定,殺菌劑Hexaconazole菲克利0.03 ppm（標準：0.01 ppm以下）,董O興蔬菜攤/臺北市大同區錦西街38巷18號
臺北市,7102,2023-11-01,蔬果,小葉菜類,青蔥,全聯實業股份有限公司朱崙分公司,中山區,臺北市中山區龍江路15號1-2樓,,,不符合規定,殺蟲劑芬普尼代謝物（ Fipronil-sulfone） 0.002ppm（標準：0.001 ppm以下）,全聯實業股份有限公司朱崙分公司/臺北市中山區龍江路15號1-2樓
臺北市,7128,2023-10-31,蔬果,根莖菜類,台灣水洗白蘿蔔,統康生活事業股份有限公司農安二分公司(家樂福超市),中山區,臺北市中山區農安街26號、 26-1號,,,不符合規定,殺蟲劑Dinotefuran 達特南0.21 ppm（標準：0.05 ppm以下）,統康生活事業股份有限公司農安二分公司(家樂福超市)/臺北市中山區農安街26號、 26-1號
臺北市,7161,2023-10-20,市售食品反式脂肪酸含量,沙拉,白沙拉,叁拾捌號朝食所,大安區,臺北市大安區和平東路2段311巷38號,,,不符合規定,營養標示反式脂肪含量為「0.11公克/每100公克」，惟檢出每100公克反式脂肪酸含量0.44公克，依據「包裝食品營養標示應遵行事項」，反式脂肪含量標示值誤差允許範圍為「小於或等於標示值之120%」（經換算為0.132公克/每100公克），案內產品應依實際數值標示。,叁拾捌號朝食所/臺北市大安區和平東路2段311巷38號
臺北市,7174,2023-10-18,市售食品反式脂肪酸含量,奶精,厚奶精(非乳為主),弘如小吃店（弘爺漢堡如意店）,松山區,臺北市松山區南京東路5段123巷41號,,,不符合規定,產品包裝標示宣稱「本產品不含反式脂肪酸」，惟檢驗結果檢出每100毫升之飽和脂肪酸含量11.82公克及反式脂肪酸含量0.05公克，每100毫升之液體所含飽和脂肪及反式脂肪合計超過0.75公克，依據「包裝食品營養宣稱應遵行事項」該產品不得宣稱不含反式脂肪。,弘如小吃店（弘爺漢堡如意店）/臺北市松山區南京東路5段123巷41號
臺北市,7181,2023-10-16,市售食品反式脂肪酸含量,沙拉,美奶滋沙拉,意欽早餐店（早安美芝城圓山捷運概念店）,大同區,臺北市大同區酒泉街22號,,,不符合規定,營養標示反式脂肪含量為「0.5公克/每100公克」，惟檢出每100公克反式脂肪酸含量0.71公克，依據「包裝食品營養標示應遵行事項」，反式脂肪含量標示值誤差允許範圍為「小於或等於標示值之120%」（經換算為0.6公克/每100公克），案內產品應依實際數值標示。,意欽早餐店（早安美芝城圓山捷運概念店）/臺北市大同區酒泉街22號
臺北市,7192,2023-10-12,生鮮水產品,蟹類,冷凍三點蟹,六福開發股份有限公司南港分公司,南港區,臺北市南港區忠孝東路7段359號7樓,,,不符合規定,鎘：1.3 mg/kg(標準：0.5 mg/kg),六福開發股份有限公司南港分公司/臺北市南港區忠孝東路7段359號7樓
臺北市,7216,2023-10-06,火鍋料,豆腐,手工板豆腐,八海國際餐飲股份有限公司(八海食潮當代鍋物),中正區,臺北市中正區北平西路3號2樓,,,不符合規定,苯甲酸：0.75g/kg(標準：不得檢出),八海國際餐飲股份有限公司(八海食潮當代鍋物)/臺北市中正區北平西路3號2樓
臺北市,7220,2023-10-06,火鍋料,鮮果蔬菜類及其加工品,青江菜,格萊思美國際餐飲股份有限公司(心心麻辣鍋),萬華區,臺北市萬華區成都路141號,,,不符合規定,殺菌劑四氯異苯腈(Chlorothalonil)：16.1ppm(標準：5ppm),格萊思美國際餐飲股份有限公司(心心麻辣鍋)/臺北市萬華區成都路141號
臺北市,7222,2023-10-06,火鍋料,鮮果蔬菜類及其加工品,青江菜,欣鍋園小吃店(欣鍋園涮涮鍋),中正區,臺北市中正區和平西路1段34號1樓,,,不符合規定,1.殺蟲劑賽滅寧(Cypermethrin)：2.9ppm(標準：2ppm) 2.殺蟲劑芬普尼(Fipronil)：0.013ppm(標準：0.001ppm) 3.殺蟲劑芬普尼代謝物(Fipronil-sulfone)：0.049ppm(標準：0.001ppm),欣鍋園小吃店(欣鍋園涮涮鍋)/臺北市中正區和平西路1段34號1樓
臺北市,7236,2023-10-05,火鍋料,豆腐,豆腐,錦德錩餐飲股份有限公司(土狗樂市),中山區,臺北市中山區建國北路2段3巷17號,,,不符合規定,苯甲酸：0.91g/kg(標準：不得檢出),錦德錩餐飲股份有限公司(土狗樂市)/臺北市中山區建國北路2段3巷17號
臺北市,7237,2023-10-05,蔬果,果菜類,辣椒,東和蔬果行,內湖區,臺北市內湖區五分街16號1樓,,,不符合規定,殺菌劑Difenoconazole待克利 1.6ppm（ 標準：0.5ppm以下） 殺蟲劑Imidacloprid益達胺 1.2ppm（標準：0.5ppm以下）殺菌劑Pyraclostrobin百克敏 0.8ppm（標準：0.5ppm以下）,東和蔬果行/臺北市內湖區五分街16號1樓
臺北市,7238,2023-10-05,蔬果,小葉菜類,芥藍芽,東和蔬果行,內湖區,臺北市內湖區五分街16號1樓,,,不符合規定,殺菌劑Isoprothiolane亞賜圃 0.09 ppm（標準：0.01 ppm以下） 殺菌劑Thifluzamide賽氟滅0.07 ppm（標準：不得檢出）,東和蔬果行/臺北市內湖區五分街16號1樓
臺北市,7239,2023-10-05,蔬果,小葉菜類,紅鳳菜,菜攤,北投區,臺北市北投區西安街1段281巷11號前/自強市場外,,,不符合規定,殺蟲劑Chlorfenapyr克凡派2.8 ppm（標準：1.0 ppm以下）,菜攤/臺北市北投區西安街1段281巷11號前/自強市場外
臺北市,7256,2023-10-04,蔬果,瓜菜類,美濃香瓜,森豪蔬果行,中山區,臺北市中山區遼寧街257號,,,不符合規定,殺菌劑Pencycuron賓克隆0.02 ppm（標準：0.01ppm以下）,森豪蔬果行/臺北市中山區遼寧街257號
臺北市,7257,2023-10-04,蔬果,果菜類,紅辣椒,唐龍國際餐飲股份有限公司 (龍軒傳承),中山區,臺北市中山區長春路90號2樓,,,不符合規定,殺蟲劑Flonicamid 氟尼胺0.02 ppm（標準：0.01 ppm以下）,唐龍國際餐飲股份有限公司 (龍軒傳承)/臺北市中山區長春路90號2樓
臺北市,7258,2023-10-04,蔬果,根莖菜類,白蘿蔔,錢都市民大道店,大安區,臺北市大安區市民大道4段196號,,,不符合規定,殺蟲劑Lufenuron祿芬隆0.02 ppm（標準：0.01 ppm以下）,錢都市民大道店/臺北市大安區市民大道4段196號
臺北市,7259,2023-10-04,蔬果,果菜類,茄子,全國食養創作全自助餐復興店,大安區,臺北市大安區復興南路2段314號,,,不符合規定,殺蟲劑Cyazofamid賽座滅0.03 ppm（標準：0.01ppm以下）,全國食養創作全自助餐復興店/臺北市大安區復興南路2段314號
臺北市,7260,2023-10-04,蔬果,小葉菜類,皇宮菜(落葵),陳O溪(蔬菜承銷號2031),中山區,臺北市第二果菜批發市場/臺北市中山區民族東路336號1樓 18-02號攤,,,不符合規定,殺菌劑Dimethomorph達滅芬 0.21 ppm（標準：0.01 ppm以下）,陳O溪(蔬菜承銷號2031)/臺北市第二果菜批發市場/臺北市中山區民族東路336號1樓 18-02號攤
臺北市,7261,2023-10-04,蔬果,根莖菜類,嚴選白蘿蔔,誠果蔬果店,大安區,臺北市大安區敦化南路1段233巷65號,,,不符合規定,殺蟲劑Trichlorfon三氯松 0.06ppm（標準：0.01ppm以下）,誠果蔬果店/臺北市大安區敦化南路1段233巷65號
臺北市,7262,2023-10-04,蔬果,根莖菜類,進口白蘿蔔,唐龍國際餐飲股份有限公司 (龍軒傳承),中山區,臺北市中山區長春路90號2樓,,,不符合規定,殺蟲劑Clothianidin 可尼丁0.11 ppm（標準：0.02 ppm以下）,唐龍國際餐飲股份有限公司 (龍軒傳承)/臺北市中山區長春路90號2樓
臺北市,7279,2023-10-04,火鍋料,鮮果蔬菜類及其加工品,青江菜,三澧企業股份有限公司(MoMo Paradise南港潤泰牧場),南港區,臺北市南港區忠孝東路7段369號10樓,,,不符合規定,1.殺菌劑芬普尼(Fipronil)：0.472ppm(標準：0.001ppm) 2.殺菌劑芬普尼代謝物(Fipronil-sulfone)：0.06ppm(標準：0.001ppm) 3.殺蟲劑百利普芬(Pyriproxyfen)：1.81ppm(標準：0.01ppm),三澧企業股份有限公司(MoMo Paradise南港潤泰牧場)/臺北市南港區忠孝東路7段369號10樓
臺北市,7289,2023-10-03,火鍋料,花生粉,花生粉,天椒小吃店(天辣麻辣火鍋),大安區,臺北市大安區復興南路2段84號,,,不符合規定,黃麴毒素B1：6.5μg/kg(標準：2μg/kg),天椒小吃店(天辣麻辣火鍋)/臺北市大安區復興南路2段84號
臺北市,7299,2023-10-03,火鍋料,豆腐,豆腐,昕殿有限公司(辛殿麻辣鍋),信義區,臺北市信義區松壽路12號1樓,,,不符合規定,苯甲酸：1.94g/kg(標準：不得檢出),昕殿有限公司(辛殿麻辣鍋)/臺北市信義區松壽路12號1樓
臺北市,7310,2023-10-03,蔬果,果菜類,茄子,三商家購股份有限公司萬華環河南分公司(美廉社萬華環河南路店),萬華區,臺北市萬華區環河南路2段250巷28弄4號1樓,,,不符合規定,殺菌劑 Pencycuron 賓克隆 0.09ppm(標準：0.05ppm以下)殺菌劑Zoxamide座賽胺 0.02ppm(標準：不得檢出),三商家購股份有限公司萬華環河南分公司(美廉社萬華環河南路店)/臺北市萬華區環河南路2段250巷28弄4號1樓
臺北市,7325,2023-10-02,火鍋料,鮮果蔬菜類及其加工品,青蔥,明煬四方有限公司(丰明殿),北投區,臺北市北投區東華街1段362號1樓,,,不符合規定,殺蟲劑賽安勃(Cyantraniliprole)：0.07ppm(標準：不得檢出),明煬四方有限公司(丰明殿)/臺北市北投區東華街1段362號1樓
臺北市,7333,2023-10-02,火鍋料,鮮果蔬菜類及其加工品,蔥,寒順企業社(寒聚精緻鍋物),北投區,臺北市北投區石牌路2段97巷8號1樓,,,不符合規定,殺菌劑腐絕(Thiabendazole)： 0.13ppm (標準：0.01ppm),寒順企業社(寒聚精緻鍋物)/臺北市北投區石牌路2段97巷8號1樓
臺北市,7335,2023-10-02,火鍋料,花生粉,花生粉,百世佳興業有限公司石牌分公司,北投區,臺北市北投區石牌路2段335號,,,不符合規定,黃麴毒素B1：5.0μg/kg(標準：2μg/kg),百世佳興業有限公司石牌分公司/臺北市北投區石牌路2段335號
臺北市,7392,2023-09-20,生鮮禽畜肉品,牛肉,冷凍澳洲穀飼雪花火鍋肉片(有效日期：2024年1月24日),GREEN&SAFE 公館店,大安區,臺北市大安區羅斯福路3段297號,,,不符合規定,檢出殘留Ractopamine (未超過標準)，惟產品外包裝標示「定期檢驗無動物用藥殘留」，且業者無法確認該產品確切原產地。,GREEN&SAFE 公館店/臺北市大安區羅斯福路3段297號
臺北市,7482,2023-09-11,供應校園午餐之盒餐(臺北市),半成品(豆製品),手工板豆腐,臺北市成淵高級中學(寬盈國際企業股份有限公司),大同區,臺北市大同區承德路2段235號,,,不符合規定,防腐劑苯甲酸：1.42 g/kg（標準：不得添加）,臺北市成淵高級中學(寬盈國際企業股份有限公司)/臺北市大同區承德路2段235號
臺北市,7511,2023-09-07,蔬果,小葉菜類,青蒜,道緣小吃店(寶飽煲),士林區,臺北市士林區福壽街3、5、7號1樓,,,不符合規定,殺菌劑Azoxystrobin亞托敏0.5ppm（標準：0.1ppm以下） 殺菌劑Famoxadone凡殺同0.04ppm（標準：0.01ppm以下） 殺菌劑Flutolanil福多寧2.4ppm（標準：2.0ppm以下）,道緣小吃店(寶飽煲)/臺北市士林區福壽街3、5、7號1樓
臺北市,7522,2023-09-07,蔬果,小葉菜類,九層塔(羅勒),全國健康素食(士林素食館),士林區,臺北市士林區中正路281號,,,不符合規定,殺菌劑Azoxystrobin亞托敏3.8 ppm（標準：1.0 ppm以下） 殺菌劑Dimethomorph達滅芬4.8 ppm（標準：2.5 ppm以下）,全國健康素食(士林素食館)/臺北市士林區中正路281號
臺北市,7523,2023-09-07,蔬果,大漿果類,紅寶蜜露百香果,全聯實業股份有限公司北投吉利分公司,北投區,臺北市北投區吉利街125號1樓,,,不符合規定,殺蟲劑Cyromazine賽滅淨0.15 ppm（標準：不得檢出）,全聯實業股份有限公司北投吉利分公司/臺北市北投區吉利街125號1樓
臺北市,7524,2023-09-07,蔬果,根莖菜類,進口蘿蔔600公克,全聯實業股份有限公司北投吉利分公司,北投區,臺北市北投區吉利街125號1樓,,,不符合規定,殺蟲劑Chlorfenapyr克凡派0.07 ppm（標準：0.05 ppm以下）,全聯實業股份有限公司北投吉利分公司/臺北市北投區吉利街125號1樓
臺北市,7525,2023-09-06,蔬果,小葉菜類,芥藍芽,濱江果菜市場第21-06號攤（承銷號：2030,中山區,臺北市中山區民族東路336號）,,,不符合規定,殺線蟲劑Oxamyl毆殺滅1.1 ppm（標準：0.5 ppm以下）,濱江果菜市場第21-06號攤（承銷號：2030/臺北市中山區民族東路336號）
臺北市,7526,2023-09-06,蔬果,豆菜類,四季豆(菜豆),唯椿企業股份有限公司(miacucina信義店),信義區,臺北市信義區松壽路11號2樓(新光三越),,,不符合規定,殺蟲劑Fenvalerate芬化利0.2 ppm（標準：0.1 ppm 以下）,唯椿企業股份有限公司(miacucina信義店)/臺北市信義區松壽路11號2樓(新光三越)
臺北市,7527,2023-09-06,蔬果,香辛植物及其他草木本植物,芫荽(香菜),遠東都會股份有限公司復興店(citysuper復興店),大安區,臺北市大安區忠孝東路3段300號B3樓(遠東SOGO),,,不符合規定,殺蟲劑Fenitrothion 撲滅松0.02 ppm（標準：0.01 ppm以下）,遠東都會股份有限公司復興店(citysuper復興店)/臺北市大安區忠孝東路3段300號B3樓(遠東SOGO)
臺北市,7528,2023-09-06,蔬果,果菜類,台灣茄子400 g,遠百企業股份有限公司忠孝分公司(愛買忠孝店),信義區,臺北市信義區忠孝東路5段297號地下1.2.3樓,,,不符合規定,殺蟎劑Spirodiclofen 賜派芬0.02 ppm（標準：0.01ppm以下）,遠百企業股份有限公司忠孝分公司(愛買忠孝店)/臺北市信義區忠孝東路5段297號地下1.2.3樓
臺北市,7529,2023-09-06,蔬果,香辛植物及其他草木本植物,香菜(芫荽),果然匯明曜店,大安區,臺北市大安區忠孝東路4段200號12樓,,,不符合規定,殺草劑Atrazine草脫淨0.01 ppm（標準：不得檢出）,果然匯明曜店/臺北市大安區忠孝東路4段200號12樓
臺北市,7530,2023-09-06,蔬果,根莖菜類,白蘿蔔,遠東都會股份有限公司復興店(citysuper復興店),大安區,臺北市大安區忠孝東路3段300號B3樓(遠東SOGO),,,不符合規定,殺蟲劑Fipronil 芬普尼0.007、Fipronil-sulfone芬普尼代謝物0.007 ppm（標準：0.001 ppm以下）,遠東都會股份有限公司復興店(citysuper復興店)/臺北市大安區忠孝東路3段300號B3樓(遠東SOGO)
臺北市,7536,2023-09-06,蔬果,大漿果類,百香果,遠百企業股份有限公司忠孝分公司(愛買忠孝店),信義區,臺北市信義區忠孝東路5段297號地下1.2.3樓,,,不符合規定,殺蟲劑Triazophos三落松0.6 ppm（標準：0.5 ppm以下）,遠百企業股份有限公司忠孝分公司(愛買忠孝店)/臺北市信義區忠孝東路5段297號地下1.2.3樓
臺北市,7547,2023-09-06,即食食品2 (一般機關構),自製飲品,冰紅茶,茄子餐飲事業股份有限公司(茄子咖哩),南港區,臺北市南港區忠孝東路7段369號9樓C棟,,,不符合規定,初抽：腸桿菌科:43(標準:10 CFU/mL) 複抽：腸桿菌科:5.7×10^2(標準:10 CFU/mL),茄子餐飲事業股份有限公司(茄子咖哩)/臺北市南港區忠孝東路7段369號9樓C棟
臺北市,7565,2023-09-05,蔬果,香辛植物及其他草木本植物,香菜(芫荽),陳O訓(承銷號：2159),中山區,臺北市中山區民族東路336號(濱江果菜市場第21-09攤),,,不符合規定,殺草劑Atrazine草脫淨0.01 ppm（標準：不得檢出） 殺草劑Linuron理有龍0.01 ppm（標準：不得檢出）,陳O訓(承銷號：2159)/臺北市中山區民族東路336號(濱江果菜市場第21-09攤)
臺北市,7586,2023-09-05,蔬果,小葉菜類,杏菜,濱江果菜市場第17-08攤（承銷號：2054,中山區,臺北市中山區民族東路336號）,,,不符合規定,殺菌劑Pyraclostrobin 百克敏0.32 ppm（標準：0.01 ppm以下）,濱江果菜市場第17-08攤（承銷號：2054/臺北市中山區民族東路336號）
臺北市,7587,2023-09-05,蔬果,小葉菜類,青蔥,22號蔬果園,萬華區,臺北市萬華區西藏路125巷22號1樓,,,不符合規定,殺蟲劑Fipronil-sulfone芬普尼代謝物0.016 ppm（標準：0.001 ppm以下）,22號蔬果園/臺北市萬華區西藏路125巷22號1樓
臺北市,7588,2023-09-05,蔬果,豆菜類,越南甜豌豆,大潤發流通事業股份有限公司南湖分公司(大潤發),內湖區,臺北市內湖區舊宗路1段188號1至4樓,,,不符合規定,殺菌劑Diniconazole達克利0.03ppm（標準：不得檢出）,大潤發流通事業股份有限公司南湖分公司(大潤發)/臺北市內湖區舊宗路1段188號1至4樓
臺北市,7589,2023-09-05,蔬果,果菜類,朝天椒,楊O嵐（臺北農產運銷股份有限公司第一果菜批發市場零批場地號1017,萬華區,臺北市萬華區萬大路533號）,,,不符合規定,殺菌劑Difenoconazole待克利0.8 ppm（標準：0.5ppm以下） 殺蟲劑Profenophos佈飛松1.1 ppm（標準：1.0 ppm以下）,楊O嵐（臺北農產運銷股份有限公司第一果菜批發市場零批場地號1017/臺北市萬華區萬大路533號）
臺北市,7590,2023-09-05,蔬果,根莖菜類,白蘿蔔,阿郎蔬菜產通門市部(濱江果菜市場第20-03攤),中山區,臺北市中山區民族東路336號,,,不符合規定,殺蟲劑Trichlorfon三氯松0.03ppm（標準：0.01ppm以下）,阿郎蔬菜產通門市部(濱江果菜市場第20-03攤)/臺北市中山區民族東路336號
臺北市,7591,2023-09-04,網路販售蔬果類食品,包裝,瑪雅氏粉紅鹽(中鹽) (有效日期：2026/09/30),Pchome24h購物 (https:,信義區,/24h.pchome.com.tw/),,,不符合規定,鉛-3.21mg/kg (標準: 2 mg/kg) 砷-1.03mg/kg (標準: 0.2 mg/kg),Pchome24h購物 (https://24h.pchome.com.tw/)
臺北市,7610,2023-09-01,蔬果,根莖菜類,進口白蘿蔔,惠康百貨股份有限公司松山光復分公司(家樂福),松山區,臺北市松山區光復北路198號,,,不符合規定,殺蟲劑Clothianidin可尼丁0.11 ppm（標準：0.02 ppm以下）,惠康百貨股份有限公司松山光復分公司(家樂福)/臺北市松山區光復北路198號
臺北市,7611,2023-09-01,蔬果,小葉菜類,青江菜,兄弟大飯店股份有限公司(兄弟大飯店),松山區,臺北市松山區南京東路3段255號,,,不符合規定,殺蟲劑Chlorfenapyr 克凡派1.3ppm(標準：1.0ppm以下),兄弟大飯店股份有限公司(兄弟大飯店)/臺北市松山區南京東路3段255號
臺北市,7627,2023-08-28,包裝飲用水,盛裝飲用水,飲用水,信泰股份有限公司(麵屋一燈),中山區,臺北市中山區南京東路1段29號,,,不符合規定,大腸桿菌群：57CFU/100mL (標準：陰性),信泰股份有限公司(麵屋一燈)/臺北市中山區南京東路1段29號
臺北市,7631,2023-08-25,豆製品(含非基改食品),豆製品(豆干絲),泰山干絲 (進貨日期：2023/8/25),莊綉華攤,中山區,臺北市中山區龍江路412巷61號,,,不符合規定,殺菌劑過氧化氫：陽性（不得檢出）,莊綉華攤/臺北市中山區龍江路412巷61號
臺北市,7637,2023-08-24,可供食品使用中藥材,白木耳,白木耳（有效日期：20260218）,萬安堂蔘藥行,大同區,臺北市大同區迪化街1段84號,,,不符合規定,(1)生長調節劑Chlormequat克美素0.58 ppm（標準：不得檢出） (2)產品外包裝標示「多項農藥殘留檢驗合格」、「國家多項農殘檢驗合格」等字樣，涉標示不實,萬安堂蔘藥行/臺北市大同區迪化街1段84號
臺北市,7638,2023-08-24,可供食品使用中藥材,白木耳,太陽農場生機銀耳(有效日期：20240330),迪隆蔘藥行,大同區,臺北市大同區歸綏街220號1樓,,,不符合規定,(1)生長調節劑Chlormequat克美素0.34ppm(標準:不得檢出) (2)產品外包裝標示「通過SGS農藥殘留檢驗符合國家標準」字樣，涉標示不實,迪隆蔘藥行/臺北市大同區歸綏街220號1樓
臺北市,7640,2023-08-24,可供食品使用中藥材,黑棗,生機烏棗（馬牙棗）（有效日期：20260202）,龍源中藥行,大同區,臺北市大同區迪化街1段172號1樓,,,不符合規定,(1)殺菌劑2-Phenylphenol 0.07 ppm（標準：不得檢出） (2)產品外包裝標示「合格 安心使用」字樣，涉標示不實,龍源中藥行/臺北市大同區迪化街1段172號1樓
臺北市,7660,2023-08-24,豆製品(含非基改食品),豆製品(豆干絲),泰山干絲 (進貨日期：2023/8/24),尚揚蔬果行,松山區,臺北市松山區南京東路5段291巷30號1樓,,,不符合規定,殺菌劑過氧化氫：陽性（不得檢出）,尚揚蔬果行/臺北市松山區南京東路5段291巷30號1樓
臺北市,7663,2023-08-24,豆製品(含非基改食品),豆製品(豆干絲),干絲 (進貨日期：2023/8/24),中崙市場-元味素食,松山區,臺北市松山區八德路3段76號1號攤,,,不符合規定,殺菌劑過氧化氫：陽性（不得檢出）,中崙市場-元味素食/臺北市松山區八德路3段76號1號攤
臺北市,7664,2023-08-24,豆製品(含非基改食品),豆製品(豆干),豆干 (進貨日期：2023/8/24),中崙市場-元味素食,松山區,臺北市松山區八德路3段76號1號攤,,,不符合規定,殺菌劑過氧化氫：陽性（不得檢出）,中崙市場-元味素食/臺北市松山區八德路3段76號1號攤
臺北市,7674,2023-08-23,豆製品(含非基改食品),豆製品(豆干絲),豆干絲 (進貨日期：2023/8/23),裕民便當店(老師傅精緻餐盒),大安區,臺北市大安區復興南路2段151巷53號1樓,,,不符合規定,殺菌劑過氧化氫：陽性（不得檢出）,裕民便當店(老師傅精緻餐盒)/臺北市大安區復興南路2段151巷53號1樓
臺北市,7676,2023-08-23,可供食品使用中藥材,白木耳,銀耳（有效日期：20240806）,家福股份有限公司台北天母分公司,士林區,臺北市士林區德行西路47號,,,不符合規定,生長調節劑Chlormequat克美素0.24 ppm（標準：不得檢出）,家福股份有限公司台北天母分公司/臺北市士林區德行西路47號
臺北市,7677,2023-08-23,可供食品使用中藥材,白木耳,白木耳（有效日期：20250301）,旭和藥行,北投區,臺北市北投區明德路111號,,,不符合規定,殺蟲劑Methomyl納乃得0.10ppm（標準：不得檢出）,旭和藥行/臺北市北投區明德路111號
臺北市,7687,2023-08-22,豆製品(含非基改食品),豆製品(豆干),豆乾 (進貨日期：2023/8/22),俊華豆腐店,中山區,臺北市中山區安東街5之6號,,,不符合規定,殺菌劑過氧化氫：陽性（不得檢出）,俊華豆腐店/臺北市中山區安東街5之6號
臺北市,7689,2023-08-22,豆製品(含非基改食品),豆製品(豆干絲),豆干絲(非基因改造) (進貨日期：2023/8/19),國鴻蔬菜號,中山區,臺北市中山區長春路299號1樓長春市場37號攤,,,不符合規定,殺菌劑過氧化氫：陽性（不得檢出）,國鴻蔬菜號/臺北市中山區長春路299號1樓長春市場37號攤
臺北市,7693,2023-08-22,豆製品(含非基改食品),豆製品(豆干絲),泰山白干絲 (進貨日期：2023/8/22),環南素食大批發(環南素食行),萬華區,臺北市萬華區西藏路295號1樓,,,不符合規定,殺菌劑過氧化氫：陽性（不得檢出）,環南素食大批發(環南素食行)/臺北市萬華區西藏路295號1樓
臺北市,7694,2023-08-22,豆製品(含非基改食品),豆製品(豆干絲),泰山五香干絲 (進貨日期：2023/8/22),環南素食大批發(環南素食行),萬華區,臺北市萬華區西藏路295號1樓,,,不符合規定,殺菌劑過氧化氫：陽性（不得檢出）,環南素食大批發(環南素食行)/臺北市萬華區西藏路295號1樓
臺北市,7700,2023-08-22,豆製品(含非基改食品),豆製品(豆干絲),泰山干絲(白絲) (進貨日期：2023/8/20),木柵市場-素食專賣,文山區,臺北市文山區保儀路13巷3號1樓59號攤,,,不符合規定,殺菌劑過氧化氫：陽性（不得檢出）,木柵市場-素食專賣/臺北市文山區保儀路13巷3號1樓59號攤
臺北市,7701,2023-08-22,豆製品(含非基改食品),豆製品(豆干),豆干 (進貨日期：2023/8/20),木柵市場-阿貞豆腐店,文山區,臺北市文山區保儀路13巷3號1樓54號攤,,,不符合規定,殺菌劑過氧化氫：陽性（不得檢出）,木柵市場-阿貞豆腐店/臺北市文山區保儀路13巷3號1樓54號攤
臺北市,7710,2023-08-22,豆製品(含非基改食品),豆製品(豆干絲),白干絲 (進貨日期：2023/8/22),成德市場-佳家用品,南港區,臺北市南港區同德路100號144號攤,,,不符合規定,殺菌劑過氧化氫：陽性（不得檢出）,成德市場-佳家用品/臺北市南港區同德路100號144號攤
臺北市,7713,2023-08-22,豆製品(含非基改食品),豆製品(豆干),四分豆干 (進貨日期：2023/8/22),泰和素食豆干,內湖區,臺北市內湖區康寧路1段33巷15號,,,不符合規定,殺菌劑過氧化氫：陽性（不得檢出）,泰和素食豆干/臺北市內湖區康寧路1段33巷15號
臺北市,7723,2023-08-22,網路販售蔬果類食品,蕈菜類,新鮮秋季黑松露,歐陸食材小舖 (https:,中正區,/www.theeupantry.com/),,,不符合規定,鎘-4mg/kg (標準: 2 mg/kg),歐陸食材小舖 (https://www.theeupantry.com/)
臺北市,7724,2023-08-22,網路販售蔬果類食品,包裝,巴西蘑菇(純素) (有效日期：2024/04/03),蝦皮購物-彩虹菇 (https:,信義區,/shopee.tw/day22882288),,,不符合規定,鎘-8mg/kg (標準: 2 mg/kg),蝦皮購物-彩虹菇 (https://shopee.tw/day22882288)
臺北市,7725,2023-08-22,網路販售蔬果類食品,包裝,野生川耳(純素) (有效日期：2024/05/03),蝦皮購物-豐產香菇行 (https:,信義區,/shopee.tw/feng_chan),,,不符合規定,1.檢驗符合規定2.標示不符規定,蝦皮購物-豐產香菇行 (https://shopee.tw/feng_chan)
臺北市,7726,2023-08-22,網路販售蔬果類食品,蕈菜類,野生黑松露 (有效日期：2024/08/13),蝦皮購物-啟陞食品行 (https:,信義區,/shopee.tw/an0919566338an),,,不符合規定,未向中央主管機關申請查驗並申報其產品有關資訊。,蝦皮購物-啟陞食品行 (https://shopee.tw/an0919566338an)
臺北市,7756,2023-08-21,可供食品使用中藥材,百合,生機龍牙百合（有效日期：20250302）,心元蔘藥行,松山區,臺北市松山區南京東路5段291巷20弄6號1樓,,,不符合規定,(1)公告禁用農藥五氯苯胺（Pentachloroaniline）0.04ppm、五氯硝苯（Quintozene（PCNB））0.04ppm (2)產品外包裝標示「嚴選安心產品合格」、「通過多項農殘檢驗合格」等字樣，涉標示不實,心元蔘藥行/臺北市松山區南京東路5段291巷20弄6號1樓
臺北市,7757,2023-08-21,可供食品使用中藥材,白木耳,白木耳（有效日期：20250301）,育仁藥行,松山區,臺北市松山區八德路3段152號1樓,,,不符合規定,殺蟲劑Methomyl 納乃得0.12ppm(標準：不得檢出) 殺蟎劑Propargite 毆蟎多0.05ppm(標準：不得檢出),育仁藥行/臺北市松山區八德路3段152號1樓
臺北市,7840,2023-08-07,蔬果,根莖菜類,中國白蘿蔔600g(M),惠康百貨股份有限公司美麗華分公司（Mia Cbon,中山區,臺北市中山區敬業三路20號地下1樓之1）,,,不符合規定,殺蟲劑Thiamethoxam 賽速安0.84ppm(標準：0.25ppm以下),惠康百貨股份有限公司美麗華分公司（Mia Cbon/臺北市中山區敬業三路20號地下1樓之1）
臺北市,7841,2023-08-07,蔬果,柑桔類,檸檬,大苑子開發股份有限公司士林文林分公司(大苑子士林文林店),士林區,臺北市士林區文林路20號,,,不符合規定,殺蟲劑Chlorpyrifos 陶斯松0.02ppm(標準：0.01ppm以下),大苑子開發股份有限公司士林文林分公司(大苑子士林文林店)/臺北市士林區文林路20號
臺北市,7842,2023-08-04,蔬果,小葉菜類,芥蘭花,王邱月紅（臺北市中山區民族東路336號,中山區,第二果菜批發市場蔬菜零批場/濱江市場19-08攤）,,,不符合規定,殺蟲劑Deltamethrin 第滅寧0.3ppm(標準：0.2ppm以下),王邱月紅（臺北市中山區民族東路336號/第二果菜批發市場蔬菜零批場/濱江市場19-08攤）
臺北市,7843,2023-08-04,蔬果,大漿果類,百香果,富安蔬果行,信義區,臺北市信義區吳興街208號1樓,,,不符合規定,殺蟲劑Cyromazine 賽滅淨0.48ppm(標準：不得檢出),富安蔬果行/臺北市信義區吳興街208號1樓
臺北市,7844,2023-08-04,蔬果,小葉菜類,青蔥,小吳蔬菜行（臺北市士林區士東路100號1樓,士林區,士東市場第72號攤）,,,不符合規定,殺菌劑Mepronil 滅普寧0.10ppm(標準：0.01ppm以下),小吳蔬菜行（臺北市士林區士東路100號1樓/士東市場第72號攤）
臺北市,7880,2023-08-02,蔬果,豆菜類,荷仁豆(豌豆),永祥蔬果行,南港區,臺北市南港區同德路77號,,,不符合規定,殺蟲劑Chlorpyrifos 陶斯松0.19ppm(標準：0.01ppm以下) 殺蟲劑Thiamethoxam 賽速安0.11ppm(標準：0.02ppm以下),永祥蔬果行/臺北市南港區同德路77號
臺北市,7881,2023-08-02,蔬果,小葉菜類,芹菜,為福樓餐廳有限公司,南港區,臺北市南港區忠孝東路5段996號,,,不符合規定,殺蟲劑Chlorfenapyr 克凡派1.6ppm(標準：1.0ppm以下) 殺草劑Thiobencarb 殺丹0.14ppm(標準：0.01ppm以下),為福樓餐廳有限公司/臺北市南港區忠孝東路5段996號
臺北市,7913,2023-08-01,蔬果,果菜類,紅辣椒,昌虹,萬華區,臺北市萬華區環河南路2段245號環南市場蔬菜區89號攤,,,不符合規定,殺菌劑Difenoconazole 待克利6.3ppm(標準：0.5ppm以下),昌虹/臺北市萬華區環河南路2段245號環南市場蔬菜區89號攤
臺北市,7914,2023-08-01,蔬果,小葉菜類,紅鳳菜,日鮮蔬果專賣店,萬華區,臺北市萬華區貴陽街2段137號,,,不符合規定,殺草劑Oxadiazon 樂滅草0.05ppm(標準：0.01ppm以下),日鮮蔬果專賣店/臺北市萬華區貴陽街2段137號
臺北市,7915,2023-08-01,蔬果,瓜菜類,絲瓜,我是你的菜,萬華區,臺北市萬華區環河南路2段245號152號攤,,,不符合規定,殺蟲劑Emamectin benzoate 因滅汀0.010ppm(標準：0.007ppm以下),我是你的菜/臺北市萬華區環河南路2段245號152號攤
臺北市,7916,2023-08-01,蔬果,豆菜類,甜豆豌豆,日鮮蔬果專賣店,萬華區,臺北市萬華區貴陽街2段137號,,,不符合規定,殺菌劑Bupirimate 布瑞莫0.03ppm(標準：0.01ppm以下) 殺蟲劑Chlorpyrifos 陶斯松0.04ppm(標準：0.01ppm以下) 殺菌劑Diniconazole 達克利0.30ppm(標準：不得檢出) 殺線蟲劑Fosthiazate 福賽絕0.01ppm(標準：不得檢出) 殺菌劑Prochloraz 撲克拉0.10ppm(標準：0.01ppm以下) 殺蟲劑Thiamethoxam 賽速安0.09ppm(標準：0.02ppm以下),日鮮蔬果專賣店/臺北市萬華區貴陽街2段137號
臺北市,7950,2023-07-25,蔬果,大漿果類,波蘿蜜,上奕商行(INDEX),萬華區,臺北市萬華區國興路32號,,,不符合規定,生長調節劑Gibberellic acid 勃激素A3 0.07ppm(標準：不得檢出),上奕商行(INDEX)/臺北市萬華區國興路32號
臺北市,7972,2023-07-20,蔬果,小葉菜類,芥藍菜,卿卿鮮果,北投區,臺北市北投區磺港路33號(北投中繼市場A27.A28.A29號攤),,,不符合規定,殺蟲劑Emamectin benzoate 因滅汀0.07ppm(標準：0.05ppm以下) 殺蟲劑 Permethrin 百滅寧2.5ppm(標準：2.0ppm以下),卿卿鮮果/臺北市北投區磺港路33號(北投中繼市場A27.A28.A29號攤)
臺北市,8115,2023-07-14,食品容器具,食品容器具,401L左右四格,士東企業社(士東免洗餐具總匯),士林區,臺北市士林區士東路120巷20弄7號,,,不符合規定,未標示製造日期,士東企業社(士東免洗餐具總匯)/臺北市士林區士東路120巷20弄7號
臺北市,8116,2023-07-13,食品容器具,食品容器具,日本NAKAYA輕便方形保鮮盒380ml三入 （2022/11/6）,達旺商行,大安區,臺北市大安區忠孝東路4段216巷40弄3號,,,不符合規定,未依規定以印刷、打印或壓印方式標示材質於主要本體,達旺商行/臺北市大安區忠孝東路4段216巷40弄3號
臺北市,8137,2023-07-12,食品容器具,食品容器具,加拿大3 sprouts水壺 （2023/1/1）,甜蜜家族國際企業有限公司(甜蜜家族婦嬰用品連鎖門市),松山區,臺北市松山區八德路2段354號1樓,,,不符合規定,1.「Tritan」為商標名稱，無法正確指稱材質名稱。 2.未依規定以印刷、打印或壓印方式標示材質及耐熱溫度於主要本體,甜蜜家族國際企業有限公司(甜蜜家族婦嬰用品連鎖門市)/臺北市松山區八德路2段354號1樓
臺北市,8167,2023-07-10,截切水果,梨果類,水梨,艋舺夜市-男哥現削水果(無市招),萬華區,臺北市萬華區廣州街182號前,,,不符合規定,甜味劑糖精(Saccharin)：0.02 g/kg,艋舺夜市-男哥現削水果(無市招)/臺北市萬華區廣州街182號前
臺北市,8187,2023-07-07,蔬果,香辛植物及其他草木本植物,香菜(芫荽),當季平價快餐店,大安區,臺北市大安區忠孝東路4段216巷19弄10號1樓,,,不符合規定,殺蟲劑Chlorpyrifos 陶斯松0.14ppm(標準：0.01ppm以下),當季平價快餐店/臺北市大安區忠孝東路4段216巷19弄10號1樓
臺北市,8188,2023-07-07,蔬果,小漿果類,高海拔套袋葡萄,全聯實業股份有限公司敦南分公司(全聯福利中心敦南分公司),大安區,臺北市大安區忠孝東路4段126之1號房屋地下1層,,,不符合規定,生長調節劑Chlormequat 克美素0.04ppm(標準：不得檢出) 殺菌劑Boscalid 白克列1.4ppm(標準：1.0ppm以下),全聯實業股份有限公司敦南分公司(全聯福利中心敦南分公司)/臺北市大安區忠孝東路4段126之1號房屋地下1層
臺北市,8189,2023-07-07,蔬果,果菜類,辣椒,當季平價快餐店,大安區,臺北市大安區忠孝東路4段216巷19弄10號1樓,,,不符合規定,殺菌劑Difenoconazole 待克利1.5ppm(標準：0.5ppm以下) 殺菌劑Pydiflumetofen 派滅芬0.05ppm(標準：不得檢出),當季平價快餐店/臺北市大安區忠孝東路4段216巷19弄10號1樓
臺北市,8220,2023-07-04,蔬果,大漿果類,特選百香果,青果攤,萬華區,臺北市萬華區環河南路2段245號蔬菜攤0005號,,,不符合規定,殺蟲劑Cyromazine賽滅淨0.11ppm(標準：不得檢出),青果攤/臺北市萬華區環河南路2段245號蔬菜攤0005號
臺北市,8222,2023-07-04,蔬果,根莖菜類,白蘿蔔,蔬菜攤,萬華區,臺北市萬華區環河南路2段245號蔬菜攤0068號(環南市場),,,不符合規定,殺蟲劑Clothianidin 可尼丁0.04ppm(標準：0.02ppm以下) 殺蟎劑Pyridaben 畢達本0.07ppm(標準：不得檢出),蔬菜攤/臺北市萬華區環河南路2段245號蔬菜攤0068號(環南市場)
臺北市,8223,2023-07-04,蔬果,核果類,荔枝,粘O福,中山區,臺北市中山區民族東路410巷2弄18-20號前(五常市場),,,不符合規定,殺蟲劑Cyhalothrin 賽洛寧0.6ppm(標準：0.5ppm以下),粘O福/臺北市中山區民族東路410巷2弄18-20號前(五常市場)
臺北市,8224,2023-07-04,蔬果,大漿果類,特選百香果,我家蔬果園,萬華區,臺北市萬華區中華路2段416巷56號,,,不符合規定,殺蟲劑Cyromazine賽滅淨0.03ppm(標準：不得檢出),我家蔬果園/臺北市萬華區中華路2段416巷56號
臺北市,8225,2023-07-04,蔬果,小葉菜類,九層塔(羅勒),五常市場第17攤,中山區,臺北市中山區民族東路410巷2弄18-20號前,,,不符合規定,殺菌劑Pyraclostrobin 百克敏0.70ppm(標準：0.01ppm以下),五常市場第17攤/臺北市中山區民族東路410巷2弄18-20號前
臺北市,8226,2023-07-04,蔬果,核果類,糯米荔枝,青果攤,萬華區,臺北市萬華區環河南路2段245號蔬菜攤0005號,,,不符合規定,殺蟲劑Chlorpyrifos陶斯松0.24ppm(標準：0.01ppm以下),青果攤/臺北市萬華區環河南路2段245號蔬菜攤0005號
臺北市,8231,2023-07-03,蔬果,根莖菜類,進口白蘿蔔600G,家福股份有限公司台北天母分公司,士林區,臺北市士林區德行西路47號,,,不符合規定,殺蟲劑Thiamethoxam 賽速安0.51ppm(標準：0.25ppm以下),家福股份有限公司台北天母分公司/臺北市士林區德行西路47號
臺北市,8232,2023-07-03,蔬果,大漿果類,百香果,四季甜工作坊,松山區,臺北市松山區三民路101巷2之1號(新東市場外）,,,不符合規定,殺蟲劑Cyromazine 賽滅淨0.01ppm(標準：不得檢出) 殺蟲劑Pyrimidifen 畢汰芬0.02ppm(標準：不得檢出) 殺蟲劑Pyriproxyfen 百利普芬0.4ppm(標準：0.2ppm以下),四季甜工作坊/臺北市松山區三民路101巷2之1號(新東市場外）
臺北市,8260,2023-06-29,中元祭祀食品,糕粿糬類製品,草仔粿,中山手工麻糬（紅豆湯）(中山市場第28號攤),中山區,臺北市中山區長安西路3號,,,不符合規定,防腐劑己二烯酸：1.3 g/kg(1.0 g/kg),中山手工麻糬（紅豆湯）(中山市場第28號攤)/臺北市中山區長安西路3號
臺北市,8293,2023-06-27,中元祭祀食品,生鮮水果,芒果,益成蔬果行,士林區,臺北市士林區德行東路109巷110號,,,不符合規定,殺蟲劑陶斯松(Chlorpyrifos)：0.23 ppm（0.01 ppm）,益成蔬果行/臺北市士林區德行東路109巷110號
臺北市,8314,2023-06-16,穀豆類,乾豆類,毛綠豆,遠百企業股份有限公司忠孝分公司,信義區,臺北市信義區忠孝東路5段297號地下1、2、3樓,,,不符合規定,芬普尼(Fipronil)0.001ppm (標準:0.001ppm) 賽速安(Thiamethoxam)0.03(標準:0.02ppm),遠百企業股份有限公司忠孝分公司/臺北市信義區忠孝東路5段297號地下1、2、3樓
臺北市,8316,2023-06-16,穀豆類,乾豆類,黑芝麻(特級品),太平洋崇光百貨股份有限公司,大安區,臺北市大安區忠孝東路4段45號地下2樓,,,不符合規定,芬化利(Fenvalerate)0.04 ppm (標準:0.1ppm) 環氧乙烷(Ethylene Oxide)1.34mg/kg (標準:不得檢出),太平洋崇光百貨股份有限公司/臺北市大安區忠孝東路4段45號地下2樓
臺北市,8402,2023-06-05,散裝飲冰品及配料,飲料,四季青茶(含冰塊),甯臻恩飲料店(黑丸嫩仙草古亭店),中正區,臺北市中正區同安街65號1樓,,,不符合規定,腸桿菌科：5.8x10^3 CFU/g (標準：10 CFU/g),甯臻恩飲料店(黑丸嫩仙草古亭店)/臺北市中正區同安街65號1樓
臺北市,8406,2023-06-02,蔬果,核果類,台灣特選玉荷包800g(荔枝),幸福品味實業股份有限公司(美福食集),內湖區,臺北市內湖區民善街128號,,,不符合規定,殺蟲劑Chlorpyrifos 陶斯松0.02ppm(標準：0.01ppm以下) 殺蟲劑Phosmet 益滅松0.8ppm(標準：0.2ppm以下),幸福品味實業股份有限公司(美福食集)/臺北市內湖區民善街128號
臺北市,8407,2023-06-02,蔬果,核果類,玉荷包(荔枝),双喜臨門水果行(双囍臨門水果行),大安區,臺北市大安區和平東路3段228巷35號,,,不符合規定,殺蟲劑Chlorpyrifos 陶斯松 0.30ppm(標準：0.01ppm以下),双喜臨門水果行(双囍臨門水果行)/臺北市大安區和平東路3段228巷35號
臺北市,8422,2023-06-02,蔬果,小漿果類,綠無籽葡萄,辣十九國際開發股份有限公司(馬辣),信義區,臺北市信義區松壽路22號3樓,,,不符合規定,殺蟲劑Fipronil 芬普尼0.002ppm、Fipronil-sulfone芬普尼代謝物0.001ppm(標準：0.001ppm以下),辣十九國際開發股份有限公司(馬辣)/臺北市信義區松壽路22號3樓
臺北市,8423,2023-06-02,蔬果,豆菜類,醜豆(菜豆),双喜臨門水果行(双囍臨門水果行),大安區,臺北市大安區和平東路3段228巷35號,,,不符合規定,殺蟲劑Clothianidin 可尼丁0.06ppm(標準：0.02ppm以下),双喜臨門水果行(双囍臨門水果行)/臺北市大安區和平東路3段228巷35號
臺北市,8424,2023-06-02,蔬果,大漿果類,紅龍果-履歷紅龍果,安星水果行,松山區,臺北市松山區南京東路291巷32之3號,,,不符合規定,殺蟎劑Spirodiclofen 賜派芬0.02ppm(標準：0.01ppm以下),安星水果行/臺北市松山區南京東路291巷32之3號
臺北市,8465,2023-06-01,蔬果,大漿果類,百香果,翡翠綠水果專賣店,士林區,臺北市士林區美崙街14號1樓,,,不符合規定,殺蟲劑Fluvalinate 福化利0.06ppm(標準：0.01ppm以下),翡翠綠水果專賣店/臺北市士林區美崙街14號1樓
臺北市,8466,2023-06-01,蔬果,包葉菜類,進口青花菜,Mia Cbon超市台北大葉店,士林區,臺北市士林區忠誠路2段55號B1,,,不符合規定,殺線蟲劑Fosthiazate 福賽絕0.02ppm(標準：不得檢出),Mia Cbon超市台北大葉店/臺北市士林區忠誠路2段55號B1
臺北市,8467,2023-06-01,蔬果,大漿果類,百香果,詠鑽蔬果專賣店(新天地蔬果量販店),士林區,臺北市士林區美崙街18號1樓,,,不符合規定,殺蟲劑Cyromazine 賽滅淨0.03ppm(標準：不得檢出),詠鑽蔬果專賣店(新天地蔬果量販店)/臺北市士林區美崙街18號1樓
臺北市,8468,2023-06-01,蔬果,豆菜類,甜豆(豌豆),果粉水果行,中正區,臺北市中正區汀州路2段335號,,,不符合規定,殺菌劑Diniconazole 達克利0.21ppm(標準：不得檢出) 殺菌劑Fluopicolide 氟比來0.06ppm(標準：0.01ppm以下) 殺菌劑Prochloraz 撲克拉0.08ppm(標準：0.01ppm以下) 殺菌劑Propamocarb hydrochloride 普拔克0.42ppm(標準：0.1ppm以下),果粉水果行/臺北市中正區汀州路2段335號
臺北市,8469,2023-06-01,蔬果,豆菜類,豌豆,詠鑽蔬果專賣店(新天地蔬果量販店),士林區,臺北市士林區美崙街18號1樓,,,不符合規定,殺蟲劑Clothianidin 可尼丁0.23ppm(標準：0.02ppm以下) 殺菌劑Dimethomorph 達滅芬2.4ppm(標準：2.0ppm以下) 殺菌劑Tebuconazole 得克利1.8ppm(標準：1.0ppm以下) 殺蟲劑Tolfenpyrad 脫芬瑞0.62ppm(標準：0.01ppm以下),詠鑽蔬果專賣店(新天地蔬果量販店)/臺北市士林區美崙街18號1樓
臺北市,8485,2023-05-30,調味料(醬油、沾醬),水解醬油,天鵝醬油,怡樂國際有限公司(EEC GLOBAL TK),中山區,臺北市中山區中山北路3段39號1樓,,,不符合規定,營養標示未如實標示,怡樂國際有限公司(EEC GLOBAL TK)/臺北市中山區中山北路3段39號1樓
臺北市,8489,2023-05-30,生鮮水產品,深海魚類,黑鮪魚腹肉排,遠東都會股份有限公司復興店(city super復興SOGO店),大安區,臺北市大安區忠孝東路3段300號B3樓,,,不符合規定,檢出一氧化碳,遠東都會股份有限公司復興店(city super復興SOGO店)/臺北市大安區忠孝東路3段300號B3樓
臺北市,8520,2023-05-24,散裝飲冰品及配料,冰品,霜淇淋,錢都火鍋,內湖區,臺北市內湖區成功路4段147號,,,不符合規定,腸桿菌科：1.3x10^2 CFU/g (標準：10 CFU/g),錢都火鍋/臺北市內湖區成功路4段147號
臺北市,8534,2023-05-22,散裝飲冰品及配料,冰品,祖傳綠豆沙,金好家股份有限公司台北大安分公司(進發家大安店),大安區,臺北市大安區大安路1段53號,,,不符合規定,腸桿菌科：4.6x10^2 CFU/g (標準：10 CFU/g),金好家股份有限公司台北大安分公司(進發家大安店)/臺北市大安區大安路1段53號
臺北市,8535,2023-05-22,散裝飲冰品及配料,冰品,萬丹紅豆沙,金好家股份有限公司台北大安分公司(進發家大安店),大安區,臺北市大安區大安路1段53號,,,不符合規定,腸桿菌科：1.5x10^2 CFU/g (標準：10 CFU/g),金好家股份有限公司台北大安分公司(進發家大安店)/臺北市大安區大安路1段53號
臺北市,8536,2023-05-22,散裝飲冰品及配料,冰品,100%綠豆沙沙(不含配料),三良品茶,信義區,臺北市信義區永吉路263號,,,不符合規定,腸桿菌科：58 CFU/mL (標準：10 CFU/mL),三良品茶/臺北市信義區永吉路263號
臺北市,8576,2023-05-16,散裝飲冰品及配料,冰品,香脆花生蜜芋雪花冰(不含配料),思慕昔餐飲有限公司,大安區,臺北市大安區永康街15號、15號之1,,,不符合規定,腸桿菌科：3.4x10^4 CFU/g (標準：10 CFU/g),思慕昔餐飲有限公司/臺北市大安區永康街15號、15號之1
臺北市,8577,2023-05-16,散裝飲冰品及配料,冰品,芋頭芋圓牛奶雪花冰(不含配料),思慕昔餐飲有限公司,大安區,臺北市大安區永康街15號、15號之1,,,不符合規定,腸桿菌科：35 CFU/g (標準：10 CFU/g),思慕昔餐飲有限公司/臺北市大安區永康街15號、15號之1
臺北市,8578,2023-05-16,散裝飲冰品及配料,飲料,探春(含冰塊),玖仰茶食文化有限公司永康分公司,大安區,臺北市大安區永康街9-1號1樓,,,不符合規定,腸桿菌科：1.1x10^5 CFU/mL (標準：10 CFU/mL),玖仰茶食文化有限公司永康分公司/臺北市大安區永康街9-1號1樓
臺北市,8579,2023-05-16,散裝飲冰品及配料,飲料,紅烏龍(含冰塊),玖仰茶食文化有限公司永康分公司,大安區,臺北市大安區永康街9-1號1樓,,,不符合規定,腸桿菌科：3.3x10^4 CFU/mL (標準：10 CFU/mL),玖仰茶食文化有限公司永康分公司/臺北市大安區永康街9-1號1樓
臺北市,8580,2023-05-16,散裝飲冰品及配料,冰品,黑巧克力霜淇淋,GODIVA巧克力微風南京,松山區,臺北市松山區南京東路3段337號1樓,,,不符合規定,腸桿菌科：1.8x10^3 CFU/g (標準：10 CFU/g),GODIVA巧克力微風南京/臺北市松山區南京東路3段337號1樓
臺北市,8581,2023-05-16,散裝飲冰品及配料,冰品,歐利歐巧克力冰酷樂,百富通股份有限公司慶城店(莫凡彼),松山區,臺北市松山區慶城街12號1樓,,,不符合規定,腸桿菌科：1.4x10^2 CFU/g (標準：10 CFU/g),百富通股份有限公司慶城店(莫凡彼)/臺北市松山區慶城街12號1樓
臺北市,8582,2023-05-16,散裝飲冰品及配料,飲料,麥香紅茶,厚舖牛排館(人从众厚切牛排),松山區,臺北市松山區光復北路146號1樓,,,不符合規定,腸桿菌科：1.0x10^3 CFU/mL (標準：10 CFU/mL),厚舖牛排館(人从众厚切牛排)/臺北市松山區光復北路146號1樓
臺北市,8585,2023-05-16,散裝飲冰品及配料,冰品,北海道牛奶風味(冰淇淋),樂多多世界股份有限公司肉多多台北重慶南營業所(肉多多),中正區,臺北市中正區重慶南路1段58號3樓,,,不符合規定,腸桿菌科：50 CFU/mL (標準：10 CFU/mL),樂多多世界股份有限公司肉多多台北重慶南營業所(肉多多)/臺北市中正區重慶南路1段58號3樓
臺北市,8587,2023-05-11,散裝飲冰品及配料,飲料,阿里山青茶(含冰塊),福餐聯餐飲股份有限公司吉龍糖石牌裕民門市,北投區,臺北市北投區石牌路2段42號1樓,,,不符合規定,腸桿菌科：1.6x10^5 CFU/mL (標準：10 CFU/mL),福餐聯餐飲股份有限公司吉龍糖石牌裕民門市/臺北市北投區石牌路2段42號1樓
臺北市,8588,2023-05-11,散裝飲冰品及配料,冰品,紅茶雪泥,頂呱呱股份有限公司忠孝東路店,大安區,臺北市大安區忠孝東路4段175之1號,,,不符合規定,腸桿菌科：7.0x10^2 CFU/mL (標準：10 CFU/mL),頂呱呱股份有限公司忠孝東路店/臺北市大安區忠孝東路4段175之1號
臺北市,8589,2023-05-11,散裝飲冰品及配料,冰品,蘋果野莓冰沙,覺旅股份有限公司覺旅咖啡陽光分公司,內湖區,臺北市內湖區陽光街321巷42號,,,不符合規定,腸桿菌科：1.1x10^4 CFU/mL (標準：10 CFU/mL),覺旅股份有限公司覺旅咖啡陽光分公司/臺北市內湖區陽光街321巷42號
臺北市,8590,2023-05-11,散裝飲冰品及配料,冰品,巧克力香蕉冰沙,覺旅股份有限公司覺旅咖啡陽光分公司,內湖區,臺北市內湖區陽光街321巷42號,,,不符合規定,腸桿菌科：2.2x10^2 CFU/mL (標準：10 CFU/mL),覺旅股份有限公司覺旅咖啡陽光分公司/臺北市內湖區陽光街321巷42號
臺北市,8593,2023-05-11,散裝飲冰品及配料,飲料,原山青茶(含冰塊),海堂國際股份有限公司(珊瑚橘),信義區,臺北市信義區松高路12號B2,,,不符合規定,腸桿菌科：2.2x10^3 CFU/mL (標準：10 CFU/mL),海堂國際股份有限公司(珊瑚橘)/臺北市信義區松高路12號B2
臺北市,8665,2023-05-08,散裝飲冰品及配料,飲料,茉香綠茶(不含冰塊),品安甜品店(清原芋圓台北天津店),中山區,臺北市中山區天津街41號1樓,,,不符合規定,腸桿菌科：8.6x10^2 CFU/mL (標準：10 CFU/mL),品安甜品店(清原芋圓台北天津店)/臺北市中山區天津街41號1樓
臺北市,8712,2023-05-04,蔬果,小葉菜類,台灣特選韭黃,幸福品味實業股份有限公司(美福食集),內湖區,臺北市內湖區民善街128號,,,不符合規定,殺菌劑Thifluzamide 賽氟滅0.03ppm(標準：不得檢出),幸福品味實業股份有限公司(美福食集)/臺北市內湖區民善街128號
臺北市,8713,2023-05-04,蔬果,瓜菜類,東山絲瓜,幸幸越南素食館(越南蔬食),南港區,臺北市南港區成福路28號,,,不符合規定,殺蟲劑3-OH Carbofuran 3-羥基加保扶0.02ppm(標準：不得檢出),幸幸越南素食館(越南蔬食)/臺北市南港區成福路28號
臺北市,8714,2023-05-04,蔬果,小葉菜類,台灣特選九層塔(羅勒),幸福品味實業股份有限公司(美福食集),內湖區,臺北市內湖區民善街128號,,,不符合規定,殺菌劑Pyraclostrobin 百克敏0.92ppm(標準：0.01ppm以下),幸福品味實業股份有限公司(美福食集)/臺北市內湖區民善街128號
臺北市,8715,2023-05-04,蔬果,小葉菜類,九層塔(羅勒),欣葉台菜信義新天地A9館,信義區,臺北市信義區松壽路9號8樓,,,不符合規定,殺菌劑Pyraclostrobin 百克敏0.73ppm(標準：0.01ppm以下),欣葉台菜信義新天地A9館/臺北市信義區松壽路9號8樓
臺北市,8716,2023-05-04,蔬果,果菜類,麻荸茄,鼎好小吃店,南港區,臺北市南港區同德路56號,,,不符合規定,殺蟎劑Spirodiclofen 賜派芬0.17ppm(標準：0.01ppm以下),鼎好小吃店/臺北市南港區同德路56號
臺北市,8717,2023-05-04,蔬果,果菜類,特選辣椒,永祥蔬果行,南港區,臺北市南港區同德路77號,,,不符合規定,殺蟲劑Clothianidin 可尼丁0.15ppm(標準：0.05ppm以下),永祥蔬果行/臺北市南港區同德路77號
臺北市,8718,2023-05-04,蔬果,梨果類,水蜜桃,靚青蔬果行,信義區,臺北市信義區吳興街174號1樓,,,不符合規定,殺蟲劑Fenvalerate 芬化利1.8ppm(標準：1.0ppm以下),靚青蔬果行/臺北市信義區吳興街174號1樓
臺北市,8719,2023-05-04,蔬果,果菜類,麻荸茄茄子,嘉年華小吃店,南港區,臺北市南港區同德路72號1樓,,,不符合規定,殺蟲劑Imidacloprid 益達胺0.6ppm(標準：0.5ppm以下) 殺蟎劑Spirodiclofen 賜派芬0.20ppm(標準：0.01ppm以下),嘉年華小吃店/臺北市南港區同德路72號1樓
臺北市,8720,2023-05-04,蔬果,香辛植物及其他草木本植物,香菜(芫荽),百特蔬果行,松山區,臺北市松山區民生東路5段20號1樓,,,不符合規定,殺蟲劑Fenitrothion 撲滅松0.02ppm(標準：0.01ppm以下) 殺草劑Pendimethalin 施得圃0.6ppm(標準：0.1ppm以下),百特蔬果行/臺北市松山區民生東路5段20號1樓
臺北市,8721,2023-05-04,蔬果,果菜類,紅辣椒,瓦城泰統股份有限公司西湖分公司(時時香美麗華店),中山區,臺北市中山區敬業三路20號5樓,,,不符合規定,殺蟲劑Imidacloprid 益達胺1.6ppm(標準：0.5ppm以下) 殺菌劑Pyraclostrobin 百克敏0.8ppm(標準：0.5ppm以下),瓦城泰統股份有限公司西湖分公司(時時香美麗華店)/臺北市中山區敬業三路20號5樓
臺北市,8768,2023-05-03,蔬果,果菜類,紅辣椒,鼎皇麻辣火鍋店,中山區,臺北市中山區民權東路2段1號,,,不符合規定,殺蟲劑Chlorpyrifos 陶斯松0.02ppm(標準：0.01ppm以下) 殺菌劑Prochloraz 撲克拉0.03ppm(標準：0.01ppm以下),鼎皇麻辣火鍋店/臺北市中山區民權東路2段1號
臺北市,8791,2023-05-02,蔬果,小葉菜類,(久)韭黃,無市招蔬果行(高O志),士林區,臺北市士林區德行東路109巷4號,,,不符合規定,殺蟎劑Ethion 愛殺松0.09ppm(標準：不得檢出),無市招蔬果行(高O志)/臺北市士林區德行東路109巷4號
臺北市,8824,2023-05-02,真菌毒素,花生製品,花生粉,老翁家,松山區,臺北市松山區新東街19號,,,不符合規定,黃麴毒素B1：4.8μg/kg(2μg/kg以下) 總黃麴毒素B1+B2+G1+G2：5.5μg/kg(4μg/kg以下),老翁家/臺北市松山區新東街19號
臺北市,9062,2023-04-13,蔬果,小葉菜類,迷迭香,3446何O獅,萬華區,臺北市萬華區萬大路533號蔬菜區地號930,,,不符合規定,殺菌劑Dimethomorph 達滅芬0.06ppm(標準：0.01ppm以下) 殺蟲劑Imidacloprid 益達胺0.03ppm(標準：0.01ppm以下) 殺草劑Oxadiazon 樂滅草0.04ppm(標準：0.01ppm以下) 殺線蟲劑Oxamyl 毆殺滅0.04ppm(標準：0.01ppm以下) 殺草劑Pendimethalin 施得圃0.06ppm(標準：0.01ppm以下) 殺蟲劑Phenthoate 賽達松0.02ppm(標準：0.01ppm以下),3446何O獅/臺北市萬華區萬大路533號蔬菜區地號930
臺北市,9094,2023-04-12,散裝飲冰品及配料,配料,CRISTORY魔力水晶-咖啡風味,163冷飲店(163 Lane),中正區,臺北市中正區延平南路163巷4號,,,不符合規定,己二烯酸：0.70g/kg (標準：不得檢出),163冷飲店(163 Lane)/臺北市中正區延平南路163巷4號
臺北市,9095,2023-04-12,生鮮水產品,魚類,黃魚,六廚有限公司(六廚川客料理),大安區,臺北市大安區信義路3段7號2樓,,,不符合規定,恩氟喹啉羧酸(enrofloxacin)：0.03ppm (標準：不得檢出),六廚有限公司(六廚川客料理)/臺北市大安區信義路3段7號2樓
臺北市,9138,2023-04-11,蔬果,大漿果類,百香果,家福股份有限公司台北內湖分公司(家樂福內湖店),內湖區,臺北市內湖區民善街88 號,,,不符合規定,殺菌劑Metrafenone 滅芬農0.02ppm(標準：不得檢出),家福股份有限公司台北內湖分公司(家樂福內湖店)/臺北市內湖區民善街88 號
臺北市,9139,2023-04-11,蔬果,小葉菜類,彰化韭菜花,大潤發流通事業股份有限公司南湖分公司(大潤發內湖二店),內湖區,臺北市內湖區舊宗路1段188號,,,不符合規定,殺蟎劑Spirodiclofen 賜派芬0.14ppm(標準： 0.01ppm以下),大潤發流通事業股份有限公司南湖分公司(大潤發內湖二店) /臺北市內湖區舊宗路1段188號
臺北市,9140,2023-04-11,蔬果,果菜類,茄子,祥和小吃店(祥和蔬食精緻料理),中正區,臺北市中正區鎮江街1巷1號,,,不符合規定,殺蟎劑Fenazaquin 芬殺蟎0.09ppm(標準：0.01ppm以下),祥和小吃店(祥和蔬食精緻料理)/臺北市中正區鎮江街1巷1號
臺北市,9153,2023-04-11,蔬果,小葉菜類,韭菜花,王黃O彫,萬華區,臺北市萬華區萬大路533號蔬菜中繼零批場地號410,,,不符合規定,殺蟲劑3-酮基加保扶(3-keto Carbofuran)0.01ppm、3-羥基加保扶(3-OH Carbofuran)0.18ppm、加保扶(Carbofuran)0.38ppm(標準：0.2ppm以下) 殺蟲劑Acetamiprid 亞滅培0.08ppm(標準：0.01ppm以下) 殺蟲劑Chlorpyrifos 陶斯松0.39ppm(標準：0.01ppm以下),王黃O彫/臺北市萬華區萬大路533號蔬菜中繼零批場地號410
臺北市,9154,2023-04-11,蔬果,豆菜類,敏豆,祥和小吃店(祥和蔬食精緻料理),中正區,臺北市中正區鎮江街1巷1號,,,不符合規定,殺蟎劑Etoxazole 依殺蟎0.05ppm(標準：0.01ppm以下),祥和小吃店(祥和蔬食精緻料理)/臺北市中正區鎮江街1巷1號
臺北市,9155,2023-04-11,蔬果,小葉菜類,小白菜(優植),家福股份有限公司台北內湖分公司(家樂福內湖店),內湖區,臺北市內湖區民善街88 號,,,不符合規定,殺線蟲劑Oxamyl 毆殺滅0.7ppm(標準：0.5ppm以下),家福股份有限公司台北內湖分公司(家樂福內湖店) /臺北市內湖區民善街88 號
臺北市,9186,2023-04-07,蔬果,小葉菜類,芥蘭菜,欣盛小吃店(晴光精緻自助餐),士林區,臺北市士林區中正路363號,,,不符合規定,殺蟲劑Chlorpyrifos 陶斯松0.02ppm(標準：0.01ppm以下) 殺蟲劑Fipronil 芬普尼0.012ppm、Fipronil-sulfone芬普尼代謝物0.016ppm(標準：0.001ppm以下) 殺蟲劑Pyriproxyfen 百利普芬0.51ppm(標準：0.01ppm以下) 殺蟲劑Tolfenpyrad 脫芬瑞0.8ppm(標準：0.5ppm以下),欣盛小吃店(晴光精緻自助餐)/臺北市士林區中正路363號
臺北市,9187,2023-04-07,蔬果,小葉菜類,韭菜,欣盛小吃店(晴光精緻自助餐),士林區,臺北市士林區中正路363號,,,不符合規定,殺菌劑Boscalid 白克列0.02ppm(標準：0.01ppm以下),欣盛小吃店(晴光精緻自助餐)/臺北市士林區中正路363號
臺北市,9188,2023-04-07,蔬果,根莖菜類,白蘿蔔,全國食養創作全自助餐復興店,大安區,臺北市大安區復興南路2段314號,,,不符合規定,殺蟲劑Dinotefuran 達特南0.09ppm(標準：0.05ppm以下) 殺蟲劑Fipronil-sulfone芬普尼代謝物0.002ppm(標準：0.001ppm以下),全國食養創作全自助餐復興店/臺北市大安區復興南路2段314號
臺北市,9189,2023-04-07,蔬果,果菜類,茄子,全國食養創作全自助餐復興店,大安區,臺北市大安區復興南路2段314號,,,不符合規定,殺蟎劑Spirodiclofen 賜派芬0.08ppm(標準：0.01ppm以下),全國食養創作全自助餐復興店/臺北市大安區復興南路2段314號
臺北市,9278,2023-03-30,美耐皿,塑膠類,93438美耐皿350ml杯,豐資生活館有限公司(小北百貨寧夏店),大同區,臺北市大同區寧夏路11號1樓,,,不符合規定,本體未以印刷、打印或壓印方式標示材質名稱及耐熱溫度。,豐資生活館有限公司(小北百貨寧夏店)/臺北市大同區寧夏路11號1樓
臺北市,9311,2023-03-28,美耐皿,塑膠類,日風美耐筷,勝越企業社,中山區,臺北市中山區吉林路133號1樓,,,不符合規定,甲醛：24.0ppm (標準:不得檢出),勝越企業社/臺北市中山區吉林路133號1樓
臺北市,9318,2023-03-27,美耐皿,塑膠類,美耐加賀筷 黑,利吉利商行,松山區,臺北市松山區復興北路3號,,,不符合規定,1.甲醛：43.0ppm (標準:不得檢出) 2.蒸發殘渣：74ppm (標準:30ppm以下) 3.未標示淨重、容量或數量,利吉利商行/臺北市松山區復興北路3號
臺北市,9397,2023-03-15,茶葉、花草茶,花草茶,玫瑰花瓣,享美學國際股份有限公司(享當下),士林區,臺北市士林區德行西路36號,,,不符合規定,殺蟲劑Permethrin 百滅寧0.29ppm(其他(茶類)*:0.05ppm),享美學國際股份有限公司(享當下)/臺北市士林區德行西路36號
臺北市,9398,2023-03-15,茶葉、花草茶,花草茶,蝶豆花,享美學國際股份有限公司(享當下),士林區,臺北市士林區德行西路36號,,,不符合規定,殺蟲劑Chlorpyrifos 陶斯松0.18ppm(其他(茶類)*:0.05ppm) 殺菌劑Metalaxyl 滅達樂0.06ppm(其他(茶類)*:0.05ppm),享美學國際股份有限公司(享當下)/臺北市士林區德行西路36號
臺北市,9445,2023-03-13,茶葉、花草茶,花草茶,粉玫瑰,米卡餐坊(燒杯咖啡藝廚),萬華區,臺北市萬華區西園路1段236號1樓,,,不符合規定,殺菌劑Penconazole 平克座0.08ppm(其他(茶類)*:0.05ppm),米卡餐坊(燒杯咖啡藝廚)/臺北市萬華區西園路1段236號1樓
臺北市,9446,2023-03-13,茶葉、花草茶,花草茶,蝶豆花,時時展餐飲有限公司(泰讚了內湖瑞光店),內湖區,臺北市內湖區瑞光路317號1樓,,,不符合規定,殺蟲劑Flubendiamide 氟大滅0.09ppm(其他(茶類)*:0.05ppm) 殺蟲劑Thiacloprid 賽果培0.08ppm(其他(茶類)*:0.05ppm),時時展餐飲有限公司(泰讚了內湖瑞光店)/臺北市內湖區瑞光路317號1樓
臺北市,9542,2023-03-01,生鮮禽畜肉品,皮蛋,廣大利松花溏心皮蛋,家福股份有限公司台北錦州分公司,中山區,臺北市中山區錦州街276號,,,不符合規定,銅6mg/kg (標準:5mg/kg),家福股份有限公司台北錦州分公司/臺北市中山區錦州街276號
臺北市,9558,2023-03-01,網路販售蔬果類食品,根莖菜類,日本新鮮百合-白花百合,食代嚴選 https:,萬華區,/www.fresh2you.tw/,,,不符合規定,1.扶吉胺-1.0ppm (標準:不得檢出) 2.鎘-0.18mg/kg (標準:0.05mg/kg),食代嚴選 https://www.fresh2you.tw/
臺北市,9559,2023-03-01,網路販售蔬果類食品,小漿果類,日本熊本草莓2盤/箱,新鮮屋 https:,大安區,/www.fresco.casa/,,,不符合規定,滅派林-1.3ppm (標準:1.0ppm),新鮮屋 https://www.fresco.casa/
臺北市,9566,2023-03-01,網路販售蔬果類食品,根莖菜類,日本鮮百合,放心初蔬果網 https:,信義區,/funthingtrue.com.tw/,,,不符合規定,1.扶吉胺-5.67ppm (標準:不得檢出) 2.鎘-0.17mg/kg (標準:0.05mg/kg),放心初蔬果網 https://funthingtrue.com.tw/
臺北市,9567,2023-03-01,網路販售蔬果類食品,小葉菜類,茴香菜,放心初蔬果網 https:,信義區,/funthingtrue.com.tw/,,,不符合規定,殺丹-0.03ppm (標準:0.01ppm),放心初蔬果網 https://funthingtrue.com.tw/
臺北市,9568,2023-03-01,網路販售蔬果類食品,根莖菜類,日本北海道新鮮食用百合每顆約150g,柴寶買菜網 https:,信義區,/shopee.tw/honey_bunny,,,不符合規定,鎘-0.14mg/kg (標準:0.05mg/kg),柴寶買菜網 https://shopee.tw/honey_bunny
臺北市,9633,2023-02-22,油品抽驗計畫,芥花油,福壽100%純芥花油(有效日期：2024/10/31 ),全聯實業股份有限公司台北東門分公司,大安區,臺北市大安區金山南路2段12號地下,,,不符合規定,營養標示反式脂肪含量為「每份：0公克」，惟檢出每100公克反式脂肪酸含量0.56公克，依據「包裝食品營養標示應遵行事項」，每100公克固體（半固體）反式脂肪酸含量不超過0.3公克得標示為0，案內產品應依實際數值標示。,全聯實業股份有限公司台北東門分公司/臺北市大安區金山南路2段12號地下
臺北市,9660,2023-02-17,祭祀食品,豆乾類,豆干,豪棧小吃店(潤餅、刈包),內湖區,臺北市內湖區內湖路1段285巷59弄1號,,,不符合規定,檢出過氧化氫為陽性(不得檢出),豪棧小吃店(潤餅、刈包)/臺北市內湖區內湖路1段285巷59弄1號
臺北市,9661,2023-02-16,祭祀食品,豆乾類,豆干絲,阿弘潤餅,信義區,臺北市信義區吳興街189號,,,不符合規定,檢出苯甲酸0.71 g/kg(標準：0.6 g/kg以下),阿弘潤餅/臺北市信義區吳興街189號
臺北市,9704,2023-02-15,祭祀食品,豆乾類,特選涼拌干絲,聰明素食批發行(聰明食品總匯),萬華區,臺北市萬華區西藏路552號,,,不符合規定,檢出過氧化氫為陽性(不得檢出),聰明素食批發行(聰明食品總匯)/臺北市萬華區西藏路552號
臺北市,9705,2023-02-14,祭祀食品,豆乾類,泰山干絲,北投中繼市場-麗萍豆干美食(72號攤),北投區,臺北市北投區磺港路33號,,,不符合規定,檢出過氧化氫為陽性(不得檢出),北投中繼市場-麗萍豆干美食(72號攤)/臺北市北投區磺港路33號
臺北市,9776,2023-02-03,蔬果,包葉菜類,芥菜(包心芥菜),我是你的菜,萬華區,臺北市萬華區環河南路2段245號環南市場蔬菜區152號攤,,,不符合規定,殺蟲劑Terbufos 托福松0.06ppm(標準：0.05ppm以下),我是你的菜/臺北市萬華區環河南路2段245號環南市場蔬菜區152號攤
臺北市,9777,2023-02-03,蔬果,包葉菜類,刈菜(包心芥菜),吳O玲,中山區,承銷號：2601/榮濱市場路邊攤/臺北市中山區民族東路410巷2弄10號前,,,不符合規定,殺蟲劑Dimethoate 大滅松0.07ppm(標準：0.02ppm以下) 殺蟲劑Omethoate 歐滅松0.10ppm(標準：不得檢出),吳O玲/承銷號：2601/榮濱市場路邊攤/臺北市中山區民族東路410巷2弄10號前
臺北市,9778,2023-02-03,蔬果,小葉菜類,日本福岡 甘王草莓(盒),台台灣泛亞零售管理顧問股份有限公司西門分公司（DON DON DONKI),萬華區,臺北市萬華區西寧南路123號、123之1號、123號2樓、123號2樓之1、123號3樓、123號3樓之1；武昌街2段50巷2號、2之1號、2之2號、2之3號、2之5號、2之6號、2之7號、2之8號、2之9號、2之10號、2之11號、6號及西寧南路123號2樓、2樓之1、3樓、3樓之1,,,不符合規定,殺蟲劑Flonicamid 氟尼胺0.14ppm(標準：0.01ppm以下),台台灣泛亞零售管理顧問股份有限公司西門分公司（DON DON DONKI) /臺北市萬華區西寧南路123號、123之1號、123號2樓、123號2樓之1、123號3樓、123號3樓之1；武昌街2段50巷2號、2之1號、2之2號、2之3號、2之5號、2之6號、2之7號、2之8號、2之9號、2之10號、2之11號、6號及西寧南路123號2樓、2樓之1、3樓、3樓之1
臺北市,9779,2023-02-03,蔬果,小葉菜類,茼蒿,榮濱市場路邊攤,中山區,臺北市中山區民族東路410巷55號門口前,,,不符合規定,殺菌劑Flutriafol 護汰芬0.02ppm(標準：0.01ppm以下),榮濱市場路邊攤/臺北市中山區民族東路410巷55號門口前
臺北市,9780,2023-02-03,蔬果,小漿果類,釋迦,環南市場蔬菜區青果攤0003號,萬華區,臺北市萬華區環河南路2段245號,,,不符合規定,殺蟲劑Diflubenzuron 二福隆0.02ppm(標準：0.01ppm以下),環南市場蔬菜區青果攤0003號/臺北市萬華區環河南路2段245號
臺北市,9781,2023-02-03,蔬果,小葉菜類,茼蒿,環南坤廷蔬菜,萬華區,臺北市萬華區環河南路2段245號/環南市場蔬菜區150號攤,,,不符合規定,殺菌劑Difenoconazole 待克利1.9ppm(標準：1.0ppm以下),環南坤廷蔬菜/臺北市萬華區環河南路2段245號/環南市場蔬菜區150號攤
臺北市,9783,2023-02-02,蔬果,小葉菜類,菠菜,士林市場-菜攤(曹O良),士林區,臺北市士林區基河路101號(豪大大雞排正對面),,,不符合規定,殺菌劑Flutriafol 護汰芬0.02ppm(標準：0.01ppm以下),士林市場-菜攤(曹O良)/臺北市士林區基河路101號(豪大大雞排正對面)
臺北市,9814,2023-02-01,速食麵,速食麵,Indomie特色雞肉風味湯麵(有效日期：2023/8/7 ),宇林興業有限公司台北分公司,中山區,臺北市中山區中山北路3段37號,,,不符合規定,調味粉包檢出環氧乙烷0.187mg/kg (標準：不得檢出),宇林興業有限公司台北分公司/臺北市中山區中山北路3段37號
臺北市,9815,2023-02-01,蔬果,小漿果類,台灣新鮮草莓2號,美味達人股份有限公司內湖文德分公司(85°C BAKERY CAFÉ),內湖區,臺北市內湖區文德路2號,,,不符合規定,殺蟎劑Bifenazate 必芬蟎7.6ppm(標準：2.0ppm以下) 殺蟲劑Deltamethrin 第滅寧0.4ppm(標準：0.2ppm以下) 殺蟲劑Spiromesifen 賜滅芬2.1ppm(標準：1.0ppm以下),美味達人股份有限公司內湖文德分公司(85°C BAKERY CAFÉ)/臺北市內湖區文德路2號
臺北市,9816,2023-02-01,蔬果,小漿果類,大芥菜(包心芥菜),湖光市場無市招菜攤(葉O雲),內湖區,臺北市內湖區康寧路1段26巷1號旁,,,不符合規定,殺蟲劑Abamectin 阿巴汀0.12ppm(標準：0.05ppm以下) 殺蟲劑Chlorfenapyr 克凡派1.5ppm(標準：1.0ppm以下) 殺蟲劑Methomyl 納乃得0.8ppm(標準：0.7以下),湖光市場無市招菜攤(葉O雲)/臺北市內湖區康寧路1段26巷1號旁
臺北市,9822,2023-02-01,蔬果,小葉菜類,迷迭香_新鮮香草,食代嚴選 https:,萬華區,/www.fresh2you.tw，1120201(到貨日),,,不符合規定,(1)殺蟲劑Acetamiprid 亞滅培2.86ppm(標準：0.01ppm以下)/(2)殺菌劑Carbendazim 貝芬替0.02ppm(標準：0.01ppm以下)/(3)殺蟲劑Chlorfenapyr 克凡派2.01ppm(標準：0.01ppm以下)/(4)殺菌劑Chlorothalonil 四氯異苯腈0.13ppm(標準：0.02ppm以下)/(5)殺蟲劑Chlorpyrifos 陶斯松0.04ppm(標準：0.01ppm以下)/(6)殺蟎劑Cyflumetofen 賽芬蟎1.45ppm(標準：,食代嚴選 https://www.fresh2you.tw，1120201(到貨日)
臺北市,9823,2023-02-01,蔬果,小葉菜類,山咖哩葉_九里香_新鮮香草,食代嚴選 https:,萬華區,/www.fresh2you.tw，1120201(到貨日),,,不符合規定,殺草劑Ametryn 草殺淨0.02ppm(標準：不得檢出) 殺蟲劑Fenitrothion 撲滅松0.02ppm(標準：0.01ppm以下) 殺菌劑Isoprothiolane 亞賜圃0.04ppm(標準：0.01ppm以下) 殺草劑Pendimethalin 施得圃0.04ppm(標準：0.01ppm以下) 殺蟲劑Phenthoate 賽達松0.02ppm(標準：0.01ppm以下) 殺菌劑Procymidone 撲滅寧0.02ppm(標準：0.01ppm以下) 殺菌劑Thifluzami,食代嚴選 https://www.fresh2you.tw，1120201(到貨日)
臺北市,9824,2023-02-01,蔬果,包葉菜類,義大利芹菜_平葉巴西利_新鮮香草,食代嚴選 https:,萬華區,/www.fresh2you.tw，1120201(到貨日),,,不符合規定,殺菌劑Chlorothalonil 四氯異苯腈0.18ppm(標準：0.02ppm以下) 殺菌劑Dimethomorph 達滅芬0.04ppm(標準：0.01ppm以下) 殺蟲劑Methiocarb 滅賜克0.53ppm(標準：0.01ppm以下) 殺蟲劑Profenophos 佈飛松0.05ppm(標準：0.01ppm以下) 殺菌劑Pyraclostrobin 百克敏0.10ppm(標準：0.01ppm以下) 殺菌劑Tebuconazole 得克利0.02ppm(標準：0.01ppm以下),食代嚴選 https://www.fresh2you.tw，1120201(到貨日)
臺北市,9825,2023-02-01,蔬果,小葉菜類,茼蒿,湖光市場無市招菜攤(葉O雲),內湖區,臺北市內湖區康寧路1段26巷1號旁,,,不符合規定,殺菌劑Difenoconazole 待克利1.4ppm(標準：1.0ppm以下),湖光市場無市招菜攤(葉O雲)/臺北市內湖區康寧路1段26巷1號旁
臺北市,9826,2023-02-01,蔬果,小葉菜類,空運日本草莓,好市多股份有限公司內湖分公司(COSTCO),內湖區,臺北市內湖區舊宗路1段268號、民善街255號,,,不符合規定,殺蟲劑Flonicamid 氟尼胺0.10ppm(標準：0.01ppm以下),好市多股份有限公司內湖分公司(COSTCO)/臺北市內湖區舊宗路1段268號、民善街255號
臺北市,9827,2023-02-01,蔬果,小葉菜類,菠菜,湖光市場無市招菜攤(葉O雲),內湖區,臺北市內湖區康寧路1段26巷1號旁,,,不符合規定,殺蟲劑Indoxacarb 因得克0.28ppm(標準： 0.01ppm以下),湖光市場無市招菜攤(葉O雲)/臺北市內湖區康寧路1段26巷1號旁
臺北市,9847,2023-01-30,速食麵,速食麵,檳城阿來白咖哩麵(有效日期：2023/8/25 ),全聯實業股份有限公司大安延吉分公司,大安區,臺北市大安區市民大道4段190號1.2樓,,,不符合規定,麵條檢出環氧乙烷0.065mg/kg(標準：不得檢出)、醬料包檢出環氧乙烷0.084mg/kg(標準：不得檢出),全聯實業股份有限公司大安延吉分公司/臺北市大安區市民大道4段190號1.2樓
臺北市,9855,2023-01-30,檢測食品中輻射殘留含量,日本進口食品,JA高知土佐番茶PET500ML,遠東都會股份有限公司天母店(市招: City super),士林區,臺北市士林區中山北路6段77號B1,,,不符合規定,原產地標示不實,遠東都會股份有限公司天母店(市招: City super)/臺北市士林區中山北路6段77號B1
臺北市,9907,2023-01-06,蔬果,小漿果類,冷凍草莓(製造日期1110923),延柔商行(七盞茶林森店),中山區,臺北市中山區林森北路302號,,,不符合規定,殺蟲劑Pirimicarb 比加普0.04ppm(標準：0.01ppm以下),延柔商行(七盞茶林森店)/臺北市中山區林森北路302號
臺北市,9908,2023-01-05,蔬果,小葉菜類,青蔥,築間幸福鍋物,大安區,臺北市大安區忠孝東路4段120號2樓,,,不符合規定,殺蟲劑Metaflumizone 美氟綜0.02ppm(標準：0.01ppm以下),築間幸福鍋物/臺北市大安區忠孝東路4段120號2樓
臺北市,9915,2023-01-05,蔬果,小葉菜類,茼蒿,築間幸福鍋物,大安區,臺北市大安區忠孝東路4段120號2樓,,,不符合規定,殺菌劑Chlorothalonil 四氯異苯腈13.7ppm(標準：2.0ppm以下) 殺菌劑Difenoconazole 待克利1.4ppm(標準：1.0ppm以下) 殺菌劑Propiconazole 普克利0.02ppm(標準：0.01ppm以下),築間幸福鍋物/臺北市大安區忠孝東路4段120號2樓
臺北市,9916,2023-01-05,蔬果,小漿果類,紅莓-佐賀紅盒莓桑7玉(草莓),一級鮮果商行,大安區,臺北市大安區仁愛路4段408號,,,不符合規定,殺蟲劑Cyantraniliprole 賽安勃0.05ppm(標準：不得檢出) 殺蟲劑Flonicamid 氟尼胺0.06ppm(標準：0.01ppm以下),一級鮮果商行/臺北市大安區仁愛路4段408號
臺北市,9917,2023-01-05,蔬果,小葉菜類,青江菜,築間幸福鍋物,大安區,臺北市大安區忠孝東路4段120號2樓,,,不符合規定,殺線蟲劑Oxamyl 毆殺滅1.4ppm(標準：0.5ppm以下) 殺蟲劑Profenophos 佈飛松1.8ppm(標準：1.0ppm以下),築間幸福鍋物/臺北市大安區忠孝東路4段120號2樓
臺北市,9926,2023-01-04,蔬果,小漿果類,日本熊本草莓600g,微風超市股份有限公司(Breeze Super),松山區,臺北市松山區南京東路3段337號2樓,,,不符合規定,殺蟎劑亞醌蟎代謝物(Acequinocyl-hydroxyl)0.06ppm(標準：不得檢出),微風超市股份有限公司(Breeze Super)/臺北市松山區南京東路3段337號2樓
臺北市,9927,2023-01-04,蔬果,包葉菜類,長年菜,天香,松山區,臺北市松山區八德路3段76號/中崙市場24號攤,,,不符合規定,殺蟲劑Tetraniliprole 特安勃0.04ppm(標準：不得檢出),天香/臺北市松山區八德路3段76號/中崙市場24號攤
臺北市,9928,2023-01-04,蔬果,豆菜類,菜豆,廣誠素食,松山區,臺北市松山區八德路3段140號,,,不符合規定,殺蟲劑3-羥基加保扶(3-OH Carbofuran)0.02ppm、加保扶(Carbofuran)0.03ppm(標準：不得檢出) 殺蟎劑Ethion 愛殺松0.30ppm(標準：不得檢出) 殺蟲劑Etofenprox 依芬寧0.06ppm(標準：不得檢出) 殺蟲劑Indoxacarb 因得克0.09ppm(標準：0.01ppm以下) 殺菌劑Propamocarb hydrochloride 普拔克0.3ppm(標準：0.1ppm以下) 殺菌劑Thifluzamide 賽氟滅0.05(標準：不得,廣誠素食/臺北市松山區八德路3段140號
臺北市,9960,2023-01-03,蔬果,小漿果類,大湖草莓（中）（180g/盒）,惠康百貨股份有限公司天母分公司(Mia Cbon),士林區,臺北市士林區天母西路3號2樓,,,不符合規定,殺蟲劑Abamectin 阿巴汀0.07ppm(標準：0.02ppm以下) 殺蟲劑Deltamethrin 第滅寧0.6ppm(標準：0.2ppm以下) 殺菌劑Fludioxonil 護汰寧3.2ppm(標準：2.0ppm以下) 殺菌劑Propamocarb hydrochloride 普拔克14.8ppm(標準：9.0ppm以下) 殺蟲劑Spiromesifen 賜滅芬2.9ppm(標準：1.0ppm以下),惠康百貨股份有限公司天母分公司(Mia Cbon)/臺北市士林區天母西路3號2樓
臺北市,9961,2023-01-03,蔬果,包葉菜類,結球白菜,全聯實業股份有限公司天母天玉分公司,士林區,臺北市士林區天母西路3號地下室,,,不符合規定,殺蟲劑3-酮基加保扶（ 3-keto Carbofuran） 0.03ppm、3-羥基加保扶（ 3 -O H C a rb o fu ra n ） 0 .1 3 p p m 、加保扶（C arbofuran ） 0.04ppm （ 標準： 0.1ppm 以下） 殺蟲劑Diflubenzuron二福隆1.3ppm（標準：1.0ppm以下） 殺蟲劑Pyriproxyfen百利普芬0.29ppm（標準：0.01ppm以下） 殺蟲劑Tolfenpyrad脫芬瑞0.7ppm（標準：0.5ppm以下）,全聯實業股份有限公司天母天玉分公司/臺北市士林區天母西路3號地下室
臺北市,9962,2023-01-03,蔬果,小漿果類,草莓,梅林水果行,中正區,臺北市中正區開封街1段81、83號1樓,,,不符合規定,殺蟎劑Acrinathrin 阿納寧0.03ppm(標準：不得檢出),梅林水果行/臺北市中正區開封街1段81、83號1樓
臺北市,9963,2023-01-03,蔬果,包葉菜類,刈菜,謝O枚,萬華區,臺北市萬華區萬大路533號地號812,,,不符合規定,殺蟲劑Tetraniliprole 特安勃0.59ppm(標準：不得檢出),謝O枚/臺北市萬華區萬大路533號地號812
新北市,105N000042,2025-12-02,食品添加物,,,鼎盛商行,新莊區,自信街四七號一樓,121.454702,25.048336,不合格,,鼎盛商行/自信街四七號一樓
新北市,114N015659,2025-10-15,食品添加物,,,李勝准,中和區,立德街三二號,121.489034,25.007212,不合格,,李勝准/立德街三二號
新北市,113N007649,2025-10-01,農藥殘留,,,閣再來餐廳有限公司,新店區,北新路一段八八巷一號,121.541927,24.967805,不合格,,閣再來餐廳有限公司/北新路一段八八巷一號
新北市,114N013109,2025-09-23,農藥殘留,,,金莎蔬菜行,板橋區,板城路一零零零號,121.449249,25.020037,不合格,,金莎蔬菜行/板城路一零零零號
新北市,111N004853,2025-09-15,食品添加物,,,柏立食品行,新店區,建國路一一五號,121.539818,24.977708,不合格,,柏立食品行/建國路一一五號
新北市,114N012534,2025-09-03,食品添加物,,,蘇淑儀,板橋區,中興路三八號,121.455209,25.007659,不合格,,蘇淑儀/中興路三八號
新北市,114N012140,2025-08-22,食品添加物,,,山佳小市場,樹林區,佳園路一段四一巷一八號,121.393982,24.970956,不合格,,山佳小市場/佳園路一段四一巷一八號
新北市,114N012098,2025-08-21,農藥殘留,,,溢安蔬菜行,板橋區,板城路一零零零號,121.449249,25.020037,不合格,,溢安蔬菜行/板城路一零零零號
新北市,102N017325,2025-08-11,食品微生物,,,佳宴涮涮鍋小吃店,板橋區,中正路二八一號,121.455422,25.019032,不合格,,佳宴涮涮鍋小吃店/中正路二八一號
新北市,110N009641,2025-08-05,食品微生物,,,信品國際餐飲有限公司,新莊區,中港路三七一號,121.451704,25.04641,不合格,,信品國際餐飲有限公司/中港路三七一號
新北市,114N010336,2025-07-30,農藥殘留,,,果菜市場攤位347號,蘆洲區,復興路四一零巷一一號,121.484557,25.090849,不合格,,果菜市場攤位347號/復興路四一零巷一一號
新北市,111N000127,2025-07-23,農藥殘留,,,肉出微笑鍋物,永和區,得和路一二四號,121.5188,25.000072,不合格,,肉出微笑鍋物/得和路一二四號
新北市,114N010082,2025-07-22,農藥殘留,,,蔥薑蒜辣椒批發零售,三重區,五華街三三一號,121.486917,25.088289,不合格,,蔥薑蒜辣椒批發零售/五華街三三一號
新北市,113N011293,2025-07-22,農藥殘留,,,金田興業股份有限公司Nara Thei 新北新莊宏匯店,新莊區,新北大道四段三號七樓,121.449452,25.059943,不合格,,金田興業股份有限公司Nara Thei 新北新莊宏匯店/新北大道四段三號七樓
新北市,104N007209,2025-07-17,農藥殘留,,,玖捌水果城,新店區,安康路二段九六號,121.513622,24.963137,不合格,,玖捌水果城/安康路二段九六號
新北市,110N004167,2025-06-27,食品微生物,,,五竹餐飲(市招:初喚WHATS COOKING健康餐盒),板橋區,文化路一段二七零巷三弄一二號,121.467913,25.020811,不合格,,五竹餐飲(市招:初喚WHATS COOKING健康餐盒)/文化路一段二七零巷三弄一二號
新北市,114N008577,2025-06-03,農藥殘留,,,佶立菓菜行,板橋區,板城路一零零零號,121.449249,25.020037,不合格,,佶立菓菜行/板城路一零零零號
新北市,114N008582,2025-06-03,農藥殘留,,,友財蔬菓行,板橋區,板城路一零零零號,121.449249,25.020037,不合格,,友財蔬菓行/板城路一零零零號
新北市,114N008149,2025-05-22,農藥殘留,,,邱雪珍,板橋區,中正路二三六巷六四號,121.457799,25.019313,不合格,,邱雪珍/中正路二三六巷六四號
新北市,113N008540,2025-05-21,食品微生物,,,四維一一七紅茶店,新莊區,四維路一一七號一樓,121.423218,25.023193,不合格,,四維一一七紅茶店/四維路一一七號一樓
新北市,114N007532,2025-04-30,農藥殘留,,,葉振聰,新店區,建國路二九號,121.540115,24.974151,不合格,,葉振聰/建國路二九號
新北市,103N008681,2025-04-29,農藥殘留,,,存輝蔬果行,土城區,農豐街四號,121.442344,24.973811,不合格,,存輝蔬果行/農豐街四號
新北市,114N003540,2025-04-21,食品添加物,,,元茂商行,三重區,信義街三零號,121.499881,25.064971,不合格,,元茂商行/信義街三零號
新北市,114N004559,2025-03-27,農藥殘留,,,王方甜品鋪,永和區,永和路一段六三號,121.512964,25.006911,不合格,,王方甜品鋪/永和路一段六三號
新北市,110N004252,2025-03-27,農藥殘留,,,饒瑞翔,新莊區,四維路一五九號,121.422591,25.021815,不合格,,饒瑞翔/四維路一五九號
新北市,114N004517,2025-03-26,農藥殘留,,,北港農產商行,板橋區,中興路二八號,121.45533,25.00778,不合格,,北港農產商行/中興路二八號
新北市,114N004482,2025-03-25,農藥殘留,,,勝彥蔬果行,板橋區,板城路一零零零號,121.449249,25.020037,不合格,,勝彥蔬果行/板城路一零零零號
新北市,110N010454,2025-03-24,食品添加物,,,施家班青菜水果賣場,樹林區,太平路一零六號,121.418459,24.978894,不合格,,施家班青菜水果賣場/太平路一零六號
新北市,110N004194,2025-03-24,農藥殘留,,,黃峰水果行,蘆洲區,集賢路一九六之一號,121.483621,25.087885,不合格,,黃峰水果行/集賢路一九六之一號
新北市,102N015283,2025-03-24,農藥殘留,,,泰豐食品有限公司(永豐製麵廠),板橋區,金門街三六九巷八五號,121.42849,24.9825,不合格,,泰豐食品有限公司(永豐製麵廠)/金門街三六九巷八五號
新北市,105N007870,2025-03-13,食品添加物,,,統皓食品股份有限公司,五股區,五權路四九號三、四樓,121.452758,25.069108,不合格,,統皓食品股份有限公司/五權路四九號三、四樓
新北市,107N007937,2025-03-10,農藥殘留,,,一古堂中藥行,板橋區,北門街四二號,121.457022,25.011138,不合格,,一古堂中藥行/北門街四二號
新北市,107N001413,2025-03-07,食品添加物,,,金山農會生鮮超級市場,金山區,中山路二三二號,121.637096,25.222244,不合格,,金山農會生鮮超級市場/中山路二三二號
新北市,106N006983,2025-03-07,食品添加物,,,米堤食品行,金山區,金包里街舊市場八號,121.640527,25.220692,不合格,,米堤食品行/金包里街舊市場八號
新北市,104N004990,2025-03-06,農藥殘留,,,乾越企業有限公司(市招:銘記越南美食),汐止區,康寧街五三六之一號,121.634791,25.069161,不合格,,乾越企業有限公司(市招:銘記越南美食)/康寧街五三六之一號
新北市,111N004845,2025-03-06,食品添加物,,,良盈食品行,板橋區,中正路二三六巷六三號,121.458453,25.019603,不合格,,良盈食品行/中正路二三六巷六三號
新北市,107N006280,2025-03-05,食品添加物,,,五味食品行,中和區,南山路一四八號,121.504177,24.992151,不合格,,五味食品行/南山路一四八號
新北市,113N003682,2025-02-12,農藥殘留,,,好初水果股份有限公司,中和區,中山路二段三五一號,121.490684,25.003167,不合格,,好初水果股份有限公司/中山路二段三五一號
新北市,112N003159,2025-02-05,農藥殘留,,,綠立方農產行,新店區,建國路四一號,121.540415,24.975123,不合格,,綠立方農產行/建國路四一號
新北市,113N013823,2024-12-30,農藥殘留,,,葡其實業股份有限公司,板橋區,新站路二八號九樓,121.466627,25.013621,不合格,,葡其實業股份有限公司/新站路二八號九樓
新北市,113N013797,2024-12-27,食品添加物,,,嘉義紅心粉圓雪片黑糖冰,蘆洲區,長安街六三之一號,121.462859,25.079825,不合格,,嘉義紅心粉圓雪片黑糖冰/長安街六三之一號
新北市,113N013802,2024-12-27,食品添加物,,,沈家古早味傳統豆花湯圓,蘆洲區,得勝街一七七號,121.471083,25.082733,不合格,,沈家古早味傳統豆花湯圓/得勝街一七七號
新北市,106N002387,2024-11-18,農藥殘留,,,久翔食品股份有限公司,樹林區,武林街一六之一號,121.420671,25.003369,不合格,,久翔食品股份有限公司/武林街一六之一號
新北市,113N010026,2024-10-21,農藥殘留,,,易妗餐飲,新店區,民權路四四之一號一樓,121.540326,24.983054,不合格,,易妗餐飲/民權路四四之一號一樓
新北市,113N009361,2024-10-04,農藥殘留,,,無市招,深坑區,深坑街一三號,121.616317,25.002392,不合格,,無市招/深坑街一三號
新北市,113N009238,2024-09-30,食品添加物,,,香好滷味食品坊,三重區,三陽路五七號,121.484551,25.059091,不合格,,香好滷味食品坊/三陽路五七號
新北市,113N009155,2024-09-27,農藥殘留,,,三媽幸福火鍋店,新莊區,幸福路五一九號,121.455702,25.049281,不合格,,三媽幸福火鍋店/幸福路五一九號
新北市,109N015129,2024-09-26,農藥殘留,,,無市招菜攤,板橋區,四川路二段四七巷九號一樓,121.454325,24.994457,不合格,,無市招菜攤/四川路二段四七巷九號一樓
新北市,113N008871,2024-09-23,食品添加物,,,黃梅餐飲有限公司,新店區,北新路一段二三九號,121.540349,24.965951,不合格,,黃梅餐飲有限公司/北新路一段二三九號
新北市,112N012142,2024-09-18,食品添加物,,,無市招攤商,板橋區,中興路三八號,121.455209,25.007659,不合格,,無市招攤商/中興路三八號
新北市,113N006425,2024-09-05,食品微生物,,,鴻源茶鋪(市招：茶湯會樹林金門店),板橋區,金門街三六零號,121.427501,24.98416,不合格,,鴻源茶鋪(市招：茶湯會樹林金門店)/金門街三六零號
新北市,113N007822,2024-08-27,食品添加物,,,生財小吃店,三重區,重新路四段一四六號,121.486685,25.056023,不合格,,生財小吃店/重新路四段一四六號
新北市,113N008009,2024-08-20,農藥殘留,,,韓食拌樂股份有限公司 市招韓國一隻雞,林口區,文化三路一段三五六之三五六號二樓,121.363506,25.070789,不合格,,韓食拌樂股份有限公司 市招韓國一隻雞/文化三路一段三五六之三五六號二樓
新北市,103N005347,2024-08-19,食品添加物,,,巨富工業有限公司,中和區,建八路一六七之三號,121.491209,24.999839,不合格,,巨富工業有限公司/建八路一六七之三號
新北市,107N006461,2024-08-02,食品微生物,,,珠珠餐飲店,三重區,自強路一段二零三號,121.49161,25.068411,不合格,,珠珠餐飲店/自強路一段二零三號
新北市,101N009920,2024-07-31,農藥殘留,,,晟發商行,鶯歌區,國際二路六巷一八號,121.339006,24.97377,不合格,,晟發商行/國際二路六巷一八號
新北市,113N006524,2024-07-23,食品微生物,,,家人廚房,新店區,民權路一零四號一樓,121.535865,24.982989,不合格,,家人廚房/民權路一零四號一樓
新北市,110N003464,2024-07-03,農藥殘留,,,珍鱻味生猛海鮮,新莊區,公園路九八號,121.450751,25.03975,不合格,,珍鱻味生猛海鮮/公園路九八號
新北市,113N006657,2024-06-26,食品添加物,,,加味食堂,中和區,中和路七四號,121.500961,25.000576,不合格,,加味食堂/中和路七四號
新北市,112N009128,2024-06-25,食品微生物,,,果滴滴中和環球店,中和區,中山路三段一二二號三樓,121.475688,25.006077,不合格,,果滴滴中和環球店/中山路三段一二二號三樓
新北市,103N011042,2024-06-14,食品添加物,,,韋鎮實業有限公司,中和區,中正路七三八號一七樓,121.485564,24.998111,不合格,,韋鎮實業有限公司/中正路七三八號一七樓
新北市,113N006050,2024-05-22,食品添加物,,,金菩提有限公司,板橋區,三民路二段二零二之二六號,121.478785,25.012817,不合格,,金菩提有限公司/三民路二段二零二之二六號
新北市,110N019195,2024-05-21,食品微生物,,,致好小吃館,永和區,福和路二三一號,121.518579,25.007444,不合格,,致好小吃館/福和路二三一號
新北市,112N010762,2024-04-25,農藥殘留,,,台灣糖業股份有限公司北大健康超市,三峽區,學成路三九八號,121.378306,24.944205,不合格,,台灣糖業股份有限公司北大健康超市/學成路三九八號
新北市,113N004452,2024-04-24,農藥殘留,,,無市招,永和區,勵行街一一一號,121.517359,25.012423,不合格,,無市招/勵行街一一一號
新北市,113N003918,2024-03-29,農藥殘留,,,無市招蔬果攤,新莊區,自立街八三號,121.454647,25.045477,不合格,,無市招蔬果攤/自立街八三號
新北市,112N004716,2024-03-26,農藥殘留,,,施家班,蘆洲區,長榮路六九三號一樓,121.460424,25.092585,不合格,,施家班/長榮路六九三號一樓
新北市,111N001033,2024-02-27,農藥殘留,,,新北市深坑農會,深坑區,深坑街八號,121.616398,25.002851,不合格,,新北市深坑農會/深坑街八號
新北市,109N001983,2024-02-26,農藥殘留,,,無市招攤商,板橋區,館前西路一九七號,121.455225,25.008346,不合格,,無市招攤商/館前西路一九七號
新北市,105N010413,2024-02-26,食品添加物,,,濟生股份有限公司(新莊廠),新莊區,福營路二二七巷二三號,121.430263,25.029462,不合格,,濟生股份有限公司(新莊廠)/福營路二二七巷二三號
新北市,113N001080,2024-02-23,農藥殘留,,,蔬喜素食店,新店區,民權路一一六號,121.535493,24.982981,不合格,,蔬喜素食店/民權路一一六號
新北市,113N001006,2024-02-21,農藥殘留,,,無市招攤商,板橋區,四維路二六九巷二五號,121.462231,25.02788,不合格,,無市招攤商/四維路二六九巷二五號
新北市,112N006859,2024-02-19,食品微生物,,,金好佳牛排館,新莊區,中港路五零一號,121.452048,25.050393,不合格,,金好佳牛排館/中港路五零一號
新北市,113N000065,2024-02-16,食品微生物,,,緣鮮茂有限公司,蘆洲區,信義路二四二號,121.478616,25.086131,不合格,,緣鮮茂有限公司/信義路二四二號
新北市,105N009682,2024-02-02,食品添加物,,,義峰食品股份有限公司,土城區,忠義路五五巷六四之七號,121.444868,24.966846,不合格,,義峰食品股份有限公司/忠義路五五巷六四之七號
新北市,112N001697,2024-01-30,食品添加物,,,無市招攤商,中和區,新生街二二零巷一五弄一二號,121.482843,24.997929,不合格,,無市招攤商/新生街二二零巷一五弄一二號
新北市,113N000638,2024-01-30,食品添加物,,,茶聚點小吃店,三重區,三和路一二一號,121.485123,25.077734,不合格,,茶聚點小吃店/三和路一二一號
新北市,113N000505,2024-01-23,農藥殘留,,,無市招水果攤,三峽區,和平街七號,121.37032,24.934969,不合格,,無市招水果攤/和平街七號
新北市,113N000360,2024-01-19,農藥殘留,,,甜蜜蜜水果行,新店區,民權路一二零號,121.535298,24.982953,不合格,,甜蜜蜜水果行/民權路一二零號
新北市,112N013193,2023-12-26,農藥殘留,,,永山蔬菓大賣場,中和區,安樂路九九之六號,121.513192,24.994858,不合格,,永山蔬菓大賣場/安樂路九九之六號
新北市,112N013205,2023-12-26,農藥殘留,,,無市招,五股區,凌雲路一段八三巷一零弄一號,121.450433,25.100952,不合格,,無市招/凌雲路一段八三巷一零弄一號
新北市,112N012170,2023-12-25,食品添加物,,,自由聯盟生鮮超市淡水店,淡水區,淡金路三段四零五之二號,121.448956,25.208553,不合格,,自由聯盟生鮮超市淡水店/淡金路三段四零五之二號
新北市,112N012143,2023-12-22,食品添加物,,,無市招攤商,板橋區,民享街七六號,121.47673,25.015448,不合格,,無市招攤商/民享街七六號
新北市,106N003932,2023-12-22,食品添加物,,,無市招攤商,新店區,建國路四零號,121.540618,24.974802,不合格,,無市招攤商/建國路四零號
新北市,110N007804,2023-12-21,食品添加物,,,昱達火鍋料,林口區,林口路一五號,121.391441,25.077891,不合格,,昱達火鍋料/林口路一五號
新北市,112N011330,2023-11-28,食品添加物,,,無市招攤商,板橋區,四維路二六九巷四八號,121.46123,25.027509,不合格,,無市招攤商/四維路二六九巷四八號
新北市,112N011287,2023-11-27,食品添加物,,,鼓勵榖粒,永和區,永亨路四號,121.519213,25.005464,不合格,,鼓勵榖粒/永亨路四號
新北市,112N010800,2023-11-16,食品添加物,,,阿田師肉包饅頭,蘆洲區,忠孝路五四號,121.471518,25.084702,不合格,,阿田師肉包饅頭/忠孝路五四號
新北市,112N010720,2023-11-15,食品添加物,,,經元老麵工坊,汐止區,福德一路二一三巷七號一樓,121.6351,25.065111,不合格,,經元老麵工坊/福德一路二一三巷七號一樓
新北市,112N009242,2023-10-24,農藥殘留,,,正益蔬果聯盟,林口區,中正路一七二號,121.392154,25.07747,不合格,,正益蔬果聯盟/中正路一七二號
新北市,102N008297,2023-10-23,食品添加物,,,津茂冷飲,板橋區,中山路二段一八三號,121.476193,25.017039,不合格,,津茂冷飲/中山路二段一八三號
新北市,112N007779,2023-10-16,食品微生物,,,林蜂肉粽攤,石門區,阿里磅一之一號,121.585993,25.292391,不合格,,林蜂肉粽攤/阿里磅一之一號
新北市,112N008661,2023-09-28,農藥殘留,,,歆浩小吃店,三重區,重新路二段四八號,121.498369,25.062271,不合格,,歆浩小吃店/重新路二段四八號
新北市,112N008667,2023-09-27,農藥殘留,,,甘龍雜糧行,新店區,安德街八五號,121.509574,24.960937,不合格,,甘龍雜糧行/安德街八五號
新北市,101N010778,2023-09-22,食品添加物,,,紅樹林鐵板燒,永和區,中山路一段二三八號B二樓,121.507646,25.007836,不合格,,紅樹林鐵板燒/中山路一段二三八號B二樓
新北市,110N007950,2023-09-22,食品微生物,,,鼎豐養生甜品店,板橋區,華興街二二號,121.459116,25.004716,不合格,,鼎豐養生甜品店/華興街二二號
新北市,112N007159,2023-09-07,食品微生物,,,市招：K&MTurkish ice cream,淡水區,中正路一一巷一號,121.439039,25.170089,不合格,,市招：K&MTurkish ice cream/中正路一一巷一號
新北市,112N007873,2023-08-30,食品添加物,,,市招:吳批發,蘆洲區,復興路四一零巷一一號,121.484557,25.090849,不合格,,市招:吳批發/復興路四一零巷一一號
新北市,112N003888,2023-08-29,農藥殘留,,,無市招攤商,板橋區,民享街一四二巷一零號,121.478145,25.016642,不合格,,無市招攤商/民享街一四二巷一零號
新北市,112N007738,2023-08-25,食品添加物,,,無市招攤商,板橋區,重慶路二九零巷二四樓,121.461213,24.998603,不合格,,無市招攤商/重慶路二九零巷二四樓
新北市,112N007742,2023-08-25,食品添加物,,,無市招蔬菜商,林口區,中正路一七五號,121.392402,25.077308,不合格,,無市招蔬菜商/中正路一七五號
新北市,108N006343,2023-08-23,食品添加物,,,三丸企業社(614號攤),蘆洲區,復興路四一零巷一一號,121.484557,25.090849,不合格,,三丸企業社(614號攤)/復興路四一零巷一一號
新北市,112N007615,2023-08-22,食品添加物,,,無市招,土城區,廣明街六三巷二弄七號,121.454536,24.99372,不合格,,無市招/廣明街六三巷二弄七號
新北市,112N007343,2023-08-09,食品添加物,,,其肯企業社,新店區,車子路一三二之三號,121.507804,24.948554,不合格,,其肯企業社/車子路一三二之三號
新北市,110N009422,2023-07-25,食品微生物,,,帝寶土城餐飲有限公司,土城區,學士路一四號,121.453475,24.982996,不合格,,帝寶土城餐飲有限公司/學士路一四號
新北市,112N006999,2023-07-20,食品添加物,,,金元寶,樹林區,太平路八五號,121.419094,24.981528,不合格,,金元寶/太平路八五號
新北市,109N019136,2023-07-18,食品添加物,,,百壽素食包子,板橋區,文化路一段一八八巷七弄三四號一樓,121.468022,25.01948,不合格,,百壽素食包子/文化路一段一八八巷七弄三四號一樓
新北市,112N006860,2023-07-13,農藥殘留,,,三澧企業股份有限公司C29新莊宏匯,新莊區,新北大道四段三號六樓,121.449452,25.059943,不合格,,三澧企業股份有限公司C29新莊宏匯/新北大道四段三號六樓
新北市,112N006861,2023-07-13,農藥殘留,,,金永心事業有限公司蘆洲分店,三重區,五華街二八二號,121.486479,25.087995,不合格,,金永心事業有限公司蘆洲分店/五華街二八二號
新北市,112N006647,2023-07-03,食品添加物,,,逢興生物科技股份有限公司,中和區,立德街一四八巷五零號五樓,121.486352,25.009222,不合格,,逢興生物科技股份有限公司/立德街一四八巷五零號五樓
新北市,112N006557,2023-06-28,食品添加物,,,陞豐食品商行,樹林區,博愛街五六號,121.427272,24.992501,不合格,,陞豐食品商行/博愛街五六號
新北市,102N004755,2023-06-28,食品微生物,,,永和豆漿,蘆洲區,集賢路二二四巷二八號,121.481522,25.087526,不合格,,永和豆漿/集賢路二二四巷二八號
新北市,111N004188,2023-06-27,食品添加物,,,無市招豆腐攤,板橋區,江寧路三段一一五號,121.473019,25.032976,不合格,,無市招豆腐攤/江寧路三段一一五號
新北市,112N005274,2023-06-15,食品添加物,,,深坑阿珠芋圓,深坑區,深坑街一三二號,121.613381,25.001319,不合格,,深坑阿珠芋圓/深坑街一三二號
新北市,111N010055,2023-06-13,食品添加物,,,阿珠芋圓,深坑區,深坑街一三四號,121.613341,25.001307,不合格,,阿珠芋圓/深坑街一三四號
新北市,112N004274,2023-06-06,食品微生物,,,伊丸商行,新莊區,化成路二八三號一樓,121.466002,25.054777,不合格,,伊丸商行/化成路二八三號一樓
新北市,112N004914,2023-05-24,農藥殘留,,,無市招菜販,中和區,安樂路二巷三零弄四七號,121.512711,24.991023,不合格,,無市招菜販/安樂路二巷三零弄四七號
新北市,112N004897,2023-05-23,農藥殘留,,,無市招攤商,板橋區,國慶路一四九巷三弄一號,121.461151,24.996817,不合格,,無市招攤商/國慶路一四九巷三弄一號
新北市,112N004447,2023-05-02,農藥殘留,,,無市招菜攤,三重區,力行路一段三八巷二號,121.486093,25.067803,不合格,,無市招菜攤/力行路一段三八巷二號
