station_id,station_name,district,address,lat,lng,tot_quantity,sbi_quantity,bemp,act,data_time,yb2_quantity,eyb_quantity
500201001,YouBike2.0_下庄市場,八里區,舊城路21號(前),25.14678,121.3999,20,1,17,1,2026-04-28 14:23:02,0,1
500201002,YouBike2.0_八里行政中心,八里區,十三行路(靠中山路二段路口西南側人行道),25.15397,121.40721,20,8,12,1,2026-04-28 13:44:02,7,1
500201003,YouBike2.0_八里中庄市場綜合大樓,八里區,中山路一段268巷2號(對面汽車停車場),25.15993,121.41407,28,12,16,1,2026-04-28 13:14:03,9,3
500201004,YouBike2.0_大崁國小,八里區,忠八街2號(前),25.16064,121.41938,20,8,11,1,2026-04-28 14:18:02,6,2
500201006,YouBike2.0_龍形停車場,八里區,龍米路一段318號(對面停車場),25.13041,121.4513,40,6,34,1,2026-04-28 14:21:03,5,1
500201007,YouBike2.0_十三行博物館,八里區,博物館路183號(對面),25.157,121.406,46,5,40,1,2026-04-28 14:27:02,5,0
500201008,YouBike2.0_八里區民活動中心,八里區,中山路二段356巷12號(旁),25.14933,121.40126,14,6,7,1,2026-04-28 13:14:03,3,3
500201009,YouBike2.0_挖仔尾自然生態保留區,八里區,博物館路/挖仔尾街口(西側),25.16419,121.41586,15,5,10,1,2026-04-28 13:57:02,5,0
500201010,YouBike2.0_文昌公園,八里區,中山路二段/文昌路(東側),25.15709,121.41033,15,1,13,1,2026-04-28 13:52:17,1,0
500201011,YouBike2.0_八里國小,八里區,中山路二段251號(對面),25.14896,121.4026,15,1,12,1,2026-04-28 13:26:20,1,0
500201012,YouBike2.0_八里文化公園(棒球場),八里區,忠孝路與挖仔街口(棒球場公園入口),25.16359,121.41251,60,5,53,1,2026-04-28 14:22:03,5,0
500201013,YouBike2.0_水興公,八里區,觀海大道/忠四街(北側),25.16208,121.42509,15,14,1,1,2026-04-28 14:29:19,13,1
500201014,YouBike2.0_片仔溝公園,八里區,中華路二段210號旁,25.15020,121.40581,20,3,17,1,2026-04-28 14:22:03,2,1
500201015,YouBike2.0_八里福朋喜來登酒店,八里區,觀海大道8號,25.15922,121.42945,30,7,23,1,2026-04-28 14:24:04,0,7
500201016,YouBike2.0_訊塘社區公園,八里區,商港路/中山路二段口(東北側),25.14550,121.39609,13,6,7,1,2026-04-28 13:00:04,6,0
500201017,YouBike2.0_商港公園(商港八商港一路口),八里區,商港八路/商港一路口,25.15039,121.40026,15,12,3,1,2026-04-28 13:41:02,11,1
500201018,YouBike2.0_商港公園(商港七商港一路口),八里區,商港七路/商港一路口,25.14916,121.39841,15,7,8,1,2026-04-28 11:51:03,6,1
500201019,YouBike2.0_渡船頭平面停車場,八里區,渡船頭路/龍米路二段口(西北側),25.15687,121.43527,33,12,21,1,2026-04-28 14:12:03,7,5
500201020,YouBike2.0_訊塘廣場(義民中華路口),八里區,義民街/中華路三段口,25.14256,121.39564,21,5,16,1,2026-04-28 11:54:02,5,0
500201021,YouBike2.0_八里停五平面停車場,八里區,賢三街/大崁二街口(西南側),25.15779,121.41758,30,8,22,1,2026-04-28 14:07:04,8,0
500201022,YouBike2.0_頂罟公園,八里區,商港一路/商港九路(南側),25.15330,121.40413,15,4,10,1,2026-04-28 13:37:04,4,0
500201023,YouBike2.0_狀元公園,八里區,狀元路/文昌五街(西北側),25.15450,121.41036,20,9,11,1,2026-04-28 14:08:02,9,0
500201024,YouBike2.0_商港三頂罟二路口,八里區,商港三路101號(西北側),25.15333,121.40168,25,17,8,1,2026-04-28 13:17:04,11,6
500201025,YouBike2.0_商港六商港三路口,八里區,商港六路/商港三路(西北側),25.14968,121.39589,15,8,6,1,2026-04-28 12:25:04,6,2
500201026,YouBike2.0_訊庄埔公園,八里區,訊塘二路/添丁街(西北側),25.14244,121.39222,15,2,13,1,2026-04-28 13:54:04,1,1
500201027,YouBike2.0_八里左岸自行車道(4.4K福德宮),八里區,龍米路二段86-9號(自行車道旁),25.14315,121.44789,15,6,8,1,2026-04-28 14:28:03,3,3
500201028,YouBike2.0_中山賢一街口,八里區,中山路一段25號,25.15916,121.42144,17,6,11,1,2026-04-28 13:29:02,4,2
500201029,YouBike2.0_商港一十三行路口,八里區,商港一路/十三行路口(南側),25.15483,121.40558,30,4,26,1,2026-04-28 13:51:03,3,1
500201030,YouBike2.0_龍米路二段205巷口,八里區,龍米路二段228-3號,25.15850,121.43231,22,7,15,1,2026-04-28 14:21:03,3,4
500202001,YouBike2.0_淺水灣,三芝區,北勢子42-11號西側,25.25232,121.47131,48,9,39,1,2026-04-28 14:20:04,9,0
500202002,YouBike2.0_三芝國中,三芝區,淡金路一段38號,25.25898,121.50182,14,14,0,1,2026-04-28 13:47:17,10,4
500202003,YouBike2.0_櫻花水車公園,三芝區,埔頭里埔頭11-5號南側,25.25119,121.50125,15,1,14,1,2026-04-28 13:38:02,1,0
500202004,YouBike2.0_三芝兒一公園,三芝區,長安街79號西側,25.25719,121.4994,15,7,8,1,2026-04-28 14:20:04,3,4
500202005,YouBike2.0_三芝區公所,三芝區,中山路一段32號,25.25788,121.50082,15,13,2,1,2026-04-28 14:20:04,6,7
500202006,YouBike2.0_馬偕醫學大學(第二教研大樓),三芝區,中正路三段46號(第二教研大樓),25.25303,121.49559,26,14,12,1,2026-04-28 10:39:02,7,7
500202007,YouBike2.0_馬偕醫學大學(圓環),三芝區,中正路三段46號,25.25438,121.49571,20,9,11,1,2026-04-28 14:11:03,0,9
500202008,YouBike2.0_三芝兒三公園(三民街),三芝區,三民街41號(對側),25.25874,121.50499,17,2,15,1,2026-04-28 12:30:04,0,2
500202009,YouBike2.0_三生步道,三芝區,三生步道(西側),25.26815,121.51005,20,2,18,1,2026-04-28 13:07:02,2,0
500203001,YouBike2.0_重新重安街口,三重區,重安街1號(旁),25.05844,121.48975,35,19,13,1,2026-04-28 14:28:03,16,3
500203002,YouBike2.0_三重高中,三重區,集美街225號(對面),25.05478,121.49171,48,16,31,1,2026-04-28 14:16:03,13,3
500203003,YouBike2.0_三重國民運動中心,三重區,集美街55號(對面),25.05439,121.48849,38,5,33,1,2026-04-28 14:27:02,5,0
500203004,YouBike2.0_捷運三重站(1號出口),三重區,捷運路36號(旁),25.05464,121.48322,61,15,45,1,2026-04-28 14:26:03,11,4
500203005,YouBike2.0_中興橋(環河南路254巷口),三重區,環河南路253號(對面),25.05052,121.49138,26,1,25,1,2026-04-28 14:12:03,1,0
500203006,YouBike2.0_疏洪東竹圍仔街口,三重區,疏洪東路一段38號(前),25.04861,121.4864,25,4,21,1,2026-04-28 14:17:03,3,1
500203007,YouBike2.0_環河福德南路口,三重區,福德南路71號(對面),25.06029,121.50217,28,0,28,1,2026-04-28 14:06:16,0,0
500203008,YouBike2.0_光興國小,三重區,光興街23號(對面),25.06027,121.49978,30,0,30,1,2026-04-28 14:12:17,0,0
500203009,YouBike2.0_三光國小(金滿意),三重區,大同南路157號(前),25.05596,121.49687,45,6,39,1,2026-04-28 14:27:02,6,0
500203010,YouBike2.0_聯邦公園,三重區,三民路/中華路口(東南側),25.06445,121.48371,54,1,53,1,2026-04-28 14:27:18,1,0
500203011,YouBike2.0_興華公園,三重區,中華路5號(前),25.06013,121.4831,45,0,45,0,2026-04-10 00:24:16,0,0
500203012,YouBike2.0_文中小停車場,三重區,名源街54號(對面),25.05899,121.48255,44,8,36,1,2026-04-28 14:26:03,7,1
500203013,YouBike2.0_三重行政中心,三重區,新北大道一段5巷2弄/過圳街31巷(西南側),25.06057,121.48823,59,38,20,1,2026-04-28 14:29:04,33,5
500203014,YouBike2.0_捷運菜寮站(3號出口),三重區,重新路三段67號(旁),25.06047,121.4922,60,24,25,1,2026-04-28 14:29:04,24,0
500203015,YouBike2.0_三重綜合體育館,三重區,中正北路/中正北路25巷(南側),25.06145,121.49193,52,25,25,1,2026-04-28 14:20:04,22,3
500203016,YouBike2.0_三重商工(後竹圍街),三重區,中正北路165巷53號(後竹圍街路側停車格),25.07031,121.47976,30,5,25,1,2026-04-28 14:18:02,5,0
500203017,YouBike2.0_力行大勇街口,三重區,力行路一段188巷/國道路一段70巷(東南側),25.07193,121.48151,33,1,32,1,2026-04-28 14:14:04,0,1
500203018,YouBike2.0_後竹圍市民活動中心,三重區,後竹圍街175巷22號(對面),25.07246,121.48576,45,0,45,1,2026-04-28 14:01:18,0,0
500203019,YouBike2.0_和平公園,三重區,忠孝路二段2-1號(旁),25.07088,121.48571,20,3,17,1,2026-04-28 14:26:03,3,0
500203020,YouBike2.0_六合公園,三重區,自強路二段74巷91號(對面),25.0695,121.48759,44,5,39,1,2026-04-28 14:23:02,4,1
500203021,YouBike2.0_三張公園,三重區,自強路二段47巷57號(對面),25.07051,121.49094,45,10,35,1,2026-04-28 14:11:03,9,1
500203022,YouBike2.0_厚德公園,三重區,忠孝路一段37號(前),25.07199,121.4912,41,0,41,1,2026-04-28 14:11:17,0,0
500203023,YouBike2.0_修德國小,三重區,重陽路三段3號(民生街側),25.0653,121.49045,34,7,27,1,2026-04-28 14:11:03,7,0
500203024,YouBike2.0_明志國中,三重區,中正北路107號(旁),25.06340,121.48898,57,16,40,1,2026-04-28 14:25:02,14,2
500203025,YouBike2.0_龍門龍濱路口,三重區,龍濱路196號(對面),25.07348,121.50098,30,0,30,0,2026-04-07 00:31:16,0,0
500203026,YouBike2.0_三德公園,三重區,龍門路274巷35號(對面),25.075005324200696,121.50076924045402,36,1,34,1,2026-04-28 14:20:21,0,1
500203027,YouBike2.0_開元市民活動中心,三重區,開元街58號/長元街65巷16弄對面,25.06607,121.50356,36,3,32,1,2026-04-28 14:24:04,2,1
500203028,YouBike2.0_信義公園,三重區,信義西街18號對面人行道,25.0648,121.49875,32,15,16,1,2026-04-28 14:29:04,13,2
500203029,YouBike2.0_集成成功路口,三重區,集成路2號至8號前人行道,25.05154,121.48821,35,3,32,1,2026-04-28 14:26:03,3,0
500203030,YouBike2.0_翔譽雙子星,三重區,三重區中正南路251號(右側人行道),25.05364,121.49292,36,2,34,1,2026-04-28 14:11:03,1,1
500203031,YouBike2.0_穀保家商,三重區,疏洪東路三段/中正北路560巷口,25.0681,121.47103,33,24,9,1,2026-04-28 14:18:02,22,2
500203032,YouBike2.0_正義公園,三重區,文化北路101號至119號對面,25.06855,121.49782,48,13,34,1,2026-04-28 14:28:03,8,5
500203033,YouBike2.0_大智公園,三重區,大同北路56號(對面),25.06361,121.49445,30,5,23,1,2026-04-28 14:02:02,5,0
500203034,YouBike2.0_捷運三重國小站,三重區,仁愛街/三和路3段11巷,25.07042,121.49713,52,18,20,1,2026-04-28 14:27:02,15,3
500203035,YouBike2.0_碧華公園,三重區,溪尾街303號(對面公園),25.08374,121.48749,36,7,29,1,2026-04-28 14:18:02,3,4
500203036,YouBike2.0_三重永豐公園,三重區,永福街197巷6之1號,25.07463,121.47816,31,1,29,1,2026-04-28 14:23:02,1,0
500203037,YouBike2.0_先嗇宮,三重區,五谷王北街77號(後方停車場旁人行道),25.05119,121.47601,30,1,29,1,2026-04-28 14:04:04,1,0
500203038,YouBike2.0_中興北街42巷17弄,三重區,中興北街42巷17弄8號旁,25.05006,121.46892,28,8,15,1,2026-04-28 14:23:02,4,4
500203039,YouBike2.0_慈愛公園,三重區,仁愛街584號旁公園人行道,25.08119,121.48461,23,1,22,1,2026-04-28 14:26:03,0,1
500203040,YouBike2.0_進安公園,三重區,仁義街258號至290號,25.08603,121.49377,33,6,27,1,2026-04-28 14:22:03,5,1
500203041,YouBike2.0_三重五常公園,三重區,五華街7巷59號(旁),25.08065,121.49615,32,2,27,1,2026-04-28 14:12:03,1,1
500203042,YouBike2.0_五福里(五華街),三重區,五華街66號(對面),25.08173,121.4939,39,2,37,1,2026-04-28 14:20:04,1,1
500203043,YouBike2.0_碧華公園(集勇街),三重區,仁安街2號(對面),25.08415,121.48554,45,1,44,1,2026-04-28 14:20:21,1,0
500203044,YouBike2.0_新北高中,三重區,三信路1號(旁),25.08723,121.48953,88,59,28,1,2026-04-28 14:28:03,55,4
500203045,YouBike2.0_三重商工,三重區,中正北路163號(旁),25.06868,121.48071,77,62,13,1,2026-04-28 14:24:04,53,9
500203046,YouBike2.0_二重國中,三重區,忠孝路三段75巷11號(對面),25.06596,121.48047,38,1,37,1,2026-04-28 14:29:04,0,1
500203047,YouBike2.0_自強溪尾街口,三重區,自強路四段55號(旁),25.07822,121.49016,52,3,49,1,2026-04-28 14:09:03,1,2
500203048,YouBike2.0_捷運三和國中站(1號出口),三重區,三和路四段216號(旁),25.07588,121.4878,95,51,42,1,2026-04-28 14:29:04,49,2
500203049,YouBike2.0_永盛公園,三重區,車路頭街/車路頭街139巷(東南側),25.07613,121.4843,45,21,24,1,2026-04-28 14:28:03,18,3
500203050,YouBike2.0_捷運先嗇宮站(2號出口),三重區,重新路五段555號(對面),25.04607,121.47099,64,2,61,1,2026-04-28 14:25:02,1,1
500203051,YouBike2.0_藍天大樓,三重區,興德路129號(前),25.0531,121.47017,30,16,13,1,2026-04-28 14:26:03,16,0
500203052,YouBike2.0_中興北街175巷口,三重區,中興北街175巷8號(對面),25.05595,121.46960,36,24,12,1,2026-04-28 14:29:04,24,0
500203053,YouBike2.0_同安公園,三重區,正義南路165號(對面),25.05732,121.49907,38,1,37,1,2026-04-28 14:24:20,1,0
500203054,YouBike2.0_東海高中,三重區,忠孝路三段89號(旁),25.06484,121.47942,31,14,16,1,2026-04-28 14:25:02,14,0
500203055,YouBike2.0_二重國小,三重區,頂崁街/忠孝路三段96巷(東北側),25.06598,121.47766,43,8,35,1,2026-04-28 14:29:04,8,0
500203056,YouBike2.0_新北市立圖書館三重分館,三重區,自強路一段158號(旁),25.0661,121.49553,45,9,36,1,2026-04-28 14:25:02,4,5
500203057,YouBike2.0_龍門公園,三重區,公園街45號(對面),25.07482,121.49848,48,8,40,1,2026-04-28 14:16:03,6,2
500203058,YouBike2.0_永福國小,三重區,永福街79號(對面),25.07771,121.48032,33,2,31,1,2026-04-28 14:21:03,1,1
500203059,YouBike2.0_太陽公園,三重區,集英路67號(對面),25.08645,121.4856,44,3,41,1,2026-04-28 14:20:04,3,0
500203060,YouBike2.0_捷運三重站(3號出口),三重區,捷運路/捷運路37巷,25.05588,121.48474,33,16,17,1,2026-04-28 14:29:04,14,2
500203061,YouBike2.0_仁愛街112巷,三重區,仁愛街112巷7號(對面),25.07486,121.49488,26,4,21,1,2026-04-28 14:28:03,4,0
500203062,YouBike2.0_頂崁公園,三重區,頂文一街頂文二街口(東南側公園人行道),25.05493,121.4756,24,5,19,1,2026-04-28 14:27:02,4,1
500203063,YouBike2.0_重陽國小,三重區,力行路一段38巷/中正北路口,25.06620,121.48488,61,3,58,1,2026-04-28 14:27:02,3,0
500203064,YouBike2.0_力行地下停車場,三重區,永福街10巷8號(旁),25.07787,121.48287,20,1,19,1,2026-04-28 13:59:03,1,0
500203065,YouBike2.0_三重親水公園,三重區,環河北路三段/吉祥街(東南側),25.09114,121.49039,18,2,16,1,2026-04-28 14:28:03,2,0
500203066,YouBike2.0_中正北路193巷(愛買三重店),三重區,中正北路193巷45號,25.07136,121.47599,37,10,26,1,2026-04-28 14:20:04,8,2
500203067,YouBike2.0_三重商工地下停車場,三重區,力行路一段183號(對面),25.06966,121.48352,64,12,52,1,2026-04-28 14:20:04,11,1
500203068,YouBike2.0_三重棒球場,三重區,新北大道一段157號(對面),25.0613,121.4815,25,4,21,1,2026-04-28 14:29:04,4,0
500203069,YouBike2.0_溪尾街196巷/仁美街口,三重區,溪尾街196巷38號(旁),25.0802,121.48587,18,1,17,1,2026-04-28 14:21:19,1,0
500203070,YouBike2.0_六張公園,三重區,民生東街/安慶街149巷(西北側),25.06966,121.49405,42,22,20,1,2026-04-28 14:24:04,20,2
500203071,YouBike2.0_自然公園,三重區,集賢路158號(旁),25.08984,121.48799,36,10,25,1,2026-04-28 13:32:03,2,8
500203072,YouBike2.0_仁美街/三和路四段145巷口,三重區,三和路四段145巷81號,25.07872,121.48636,12,1,11,1,2026-04-28 14:29:04,1,0
500203073,YouBike2.0_光明市場,三重區,光明路67-1號南側,25.05734,121.49181,27,14,13,1,2026-04-28 14:20:04,13,1
500203074,YouBike2.0_元富一街/仁義街79巷口,三重區,元富一街/仁義街79巷(東側),25.08006,121.49955,15,1,14,1,2026-04-28 14:19:17,1,0
500203075,YouBike2.0_國隆大仁街口,三重區,大仁街23號(對面),25.06468,121.492,17,11,5,1,2026-04-28 14:29:04,10,1
500203076,YouBike2.0_三和慈愛街口,三重區,三和路四段141號(前),25.07814,121.48417,11,1,10,1,2026-04-28 14:00:05,1,0
500203077,YouBike2.0_三重社會福利服務中心,三重區,福隆路59號(對面),25.07781,121.49128,11,3,8,1,2026-04-28 14:29:04,3,0
500203078,YouBike2.0_捷運三和國中站(2號出口),三重區,三和路四段109-1號(對面),25.07703,121.48635,17,4,13,1,2026-04-28 14:29:04,2,2
500203079,YouBike2.0_三和龍門路口,三重區,三和路三段61號(前),25.0718,121.4949,18,12,6,1,2026-04-28 14:15:03,11,1
500203080,YouBike2.0_元信二仁愛街口,三重區,仁愛街190號(對面),25.07709,121.49417,20,4,16,1,2026-04-28 14:10:04,4,0
500203081,YouBike2.0_力行路二段91巷口,三重區,力行路二段93號(前),25.07583,121.48255,13,3,10,1,2026-04-28 14:28:03,3,0
500203082,YouBike2.0_永福國小(永福街72巷),三重區,永福街72巷23號(對面),25.07657,121.47985,31,1,30,1,2026-04-28 14:24:20,1,0
500203083,YouBike2.0_格致中學,三重區,大智街260號(前),25.07403,121.48907,24,9,15,1,2026-04-28 14:15:03,8,1
500203084,YouBike2.0_三重派出所,三重區,重新路一段43號(旁),25.06395,121.5023,15,3,12,1,2026-04-28 14:22:03,2,1
500203085,YouBike2.0_重陽橋市民活動中心,三重區,環河北路三段/集賢路(西北側),25.08634,121.49602,15,3,12,1,2026-04-28 13:38:02,2,1
500203086,YouBike2.0_二重埔市民活動中心,三重區,水漾路二段131號(南側),25.06622,121.47492,30,8,22,1,2026-04-28 14:19:02,8,0
500203087,YouBike2.0_神農街/光復路二段129巷口,三重區,光復路二段87巷10-12號(旁),25.05899,121.47409,26,9,17,1,2026-04-28 12:39:03,7,2
500203088,YouBike2.0_光榮國中(秀江街),三重區,秀江街107號(對面),25.07221,121.49994,20,3,17,1,2026-04-28 14:16:03,2,1
500203089,YouBike2.0_神農興德路口(恆美社區),三重區,神農路/興德路(東南側),25.05333,121.47427,40,11,28,1,2026-04-28 14:20:04,9,2
500203090,YouBike2.0_正義國小地下停車場,三重區,大智街22號(對面),25.06492,121.49491,13,5,8,1,2026-04-28 14:26:03,5,0
500203091,YouBike2.0_群光公園,三重區,頂文路/神農街(西北側),25.05604,121.47404,15,7,8,1,2026-04-28 14:15:03,7,0
500203092,YouBike2.0_仁信段平面停車場,三重區,元信二街/元信二街202巷(東南側),25.07914,121.49629,12,4,8,1,2026-04-28 14:22:03,4,0
500203093,YouBike2.0_中正北路25巷(交響院社區),三重區,中正北路29號,25.06318,121.49185,40,10,29,1,2026-04-28 14:27:02,10,0
500203094,YouBike2.0_興穀國小,三重區,神農街/五谷王北街42巷(東北側),25.04937,121.47421,35,6,28,1,2026-04-28 14:22:03,6,0
500203095,YouBike2.0_三重區停八停車場,三重區,興德路55號南側,25.05365,121.47621,17,6,11,1,2026-04-28 14:27:02,6,0
500203096,YouBike2.0_國道車路頭街口,三重區,國道路一段39巷1號對面,25.07307,121.48424,20,2,17,1,2026-04-28 13:16:03,2,0
500203097,YouBike2.0_仁愛街422巷口,三重區,仁愛街423-1號對面,25.08153,121.49026,17,1,15,1,2026-04-28 14:06:03,1,0
500203098,YouBike2.0_德厚公園,三重區,重新路五段/重新路五段317巷(東南側),25.04883,121.47809,15,10,5,1,2026-04-28 12:23:02,10,0
500203099,YouBike2.0_永德市民活動中心,三重區,永德街37號(對側),25.07285,121.48842,20,10,10,1,2026-04-28 13:58:04,8,2
500203100,YouBike2.0_龍濱公園,三重區,秀江街28號(對面),25.07298,121.50218,14,2,12,1,2026-04-28 14:29:04,1,1
500203101,YouBike2.0_簡仔舍街(河家歡社區),三重區,簡仔舍街,25.05138,121.48652,40,2,38,1,2026-04-28 13:27:04,2,0
500203102,YouBike2.0_碧華國中(三賢街),三重區,三賢街101號(對面),25.08861,121.48832,30,4,26,1,2026-04-28 14:19:02,3,1
500203103,YouBike2.0_溪尾街(國道橋下),三重區,溪尾街12號旁(國道橋下),25.07486,121.49151,15,4,8,1,2026-04-28 14:00:05,3,1
500203104,YouBike2.0_重新路五段(心天匯社區),三重區,重新路五段613號(對面),25.04468,121.46815,40,12,28,1,2026-04-28 14:22:03,9,3
500203105,YouBike2.0_興德路134號(前),三重區,興德路134號(前),25.05287,121.47102,20,10,10,1,2026-04-28 14:27:02,10,0
500203106,YouBike2.0_自強臨時平面停車場,三重區,自強路五段89號(對面),25.08229,121.49515,21,1,20,1,2026-04-28 14:09:20,1,0
500203107,YouBike2.0_仁義街26巷,三重區,元富二街2-20號(對面),25.07740,121.49811,17,2,15,1,2026-04-28 14:29:04,2,0
500203108,YouBike2.0_中正北重陽路口,三重區,中正北路42號(對面),25.06417,121.48736,12,5,7,1,2026-04-28 14:00:05,5,0
500203109,YouBike2.0_光復路一段15巷口,三重區,光復路一段19號(前),25.04751,121.47213,29,13,15,1,2026-04-28 14:17:03,13,0
500203111,YouBike2.0_光復路一段99巷口,三重區,光復路一段101號(前),25.05109,121.47209,18,9,8,1,2026-04-28 14:11:03,5,4
500203112,YouBike2.0_光復興德路口(東南側),三重區,光復路一段121號(前),25.05251,121.47210,18,10,8,1,2026-04-28 13:47:02,9,1
500203113,YouBike2.0_光復路二段42巷口,三重區,光復路二段30號(前),25.05452,121.47203,18,10,6,1,2026-04-28 14:26:03,8,2
500203114,YouBike2.0_光復中興北街175巷口(西北側),三重區,光復路二段74號(前),25.05676,121.47205,41,30,10,1,2026-04-28 14:15:03,28,2
500203115,YouBike2.0_集美街58巷口(東北側),三重區,集美街18號(前),25.05500,121.48833,16,7,9,1,2026-04-28 14:28:03,7,0
500203116,YouBike2.0_三和路四段73號旁,三重區,三和路四段73號(旁),25.07513,121.48977,15,6,9,1,2026-04-28 13:56:04,6,0
500203117,YouBike2.0_三信集英路口,三重區,集英路1-15號(旁),25.08563,121.48748,13,1,11,1,2026-04-28 13:47:02,0,1
500203118,YouBike2.0_慈化公園,三重區,溪尾街327號(旁),25.08461,121.48864,16,5,10,1,2026-04-28 14:03:03,3,2
500203119,YouBike2.0_三張地下停車場,三重區,三張街87號(對面),25.07054,121.48981,22,5,17,1,2026-04-28 14:16:03,5,0
500203120,YouBike2.0_仁愛仁和街口,三重區,仁愛街/仁和街口,25.07354,121.49569,15,2,12,1,2026-04-28 13:49:04,2,0
500203121,YouBike2.0_修德國小(重陽路三段),三重區,重陽路三段/重陽路三段5巷(南側),25.06620,121.48895,22,2,20,1,2026-04-28 14:23:02,2,0
500203122,YouBike2.0_三重重陽公園,三重區,朝陽街57巷,25.05753,121.48367,15,7,8,1,2026-04-28 14:27:02,6,1
500203123,YouBike2.0_三和國中(自強路三段110巷),三重區,自強路三段110巷15-2號(對側),25.07480,121.48694,22,2,18,1,2026-04-28 14:13:02,1,1
500203124,YouBike2.0_頂崁街210巷28弄口,三重區,頂崁街210巷26號(旁),25.06803,121.47586,15,8,7,1,2026-04-28 14:13:02,8,0
500203125,YouBike2.0_河邊北街100巷口,三重區,河邊北街/河邊北街100巷(高架橋下),25.07043,121.50404,20,5,15,1,2026-04-28 14:10:05,5,0
500203128,YouBike2.0_谷王公園,三重區,五谷王北街157號後方(公園南側及東側),25.05283,121.47718,18,12,6,1,2026-04-28 13:44:02,12,0
500203129,YouBike2.0_仁義街37巷元富一街口,三重區,仁義街37巷/元富一街口(公園內),25.07785,121.50030,40,1,39,1,2026-04-28 13:10:05,1,0
500203130,YouBike2.0_仁信段平面停車場(元信一街),三重區,元信一街161號(對側),25.07791,121.49692,30,2,28,1,2026-04-28 14:26:19,2,0
500203131,YouBike2.0_三重忠孝公園,三重區,忠孝路三段127巷5號(對側),25.06325,121.47932,28,6,22,1,2026-04-28 14:00:05,5,1
500203132,YouBike2.0_三重環河陸橋,三重區,環河北路二段/元信三街口,25.08149,121.49943,16,2,12,1,2026-04-28 13:26:04,2,0
500203133,YouBike2.0_仁愛仁政街145巷口,三重區,仁愛街300號(前),25.07949,121.49219,18,2,16,1,2026-04-28 14:28:03,1,1
500203134,YouBike2.0_仁愛街458巷口,三重區,仁愛街437號,25.08211,121.49015,23,4,18,1,2026-04-28 13:53:02,3,1
500203135,YouBike2.0_重新橋第1市民活動中心,三重區,重新路四段244巷口,25.05355,121.48563,15,1,14,1,2026-04-28 14:29:19,0,1
500203136,YouBike2.0_集賢三信路口(南側),三重區,集賢路/三信路口(南側),25.08861,121.49187,17,0,17,1,2026-04-28 14:06:16,0,0
500203137,YouBike2.0_水漾成功一街口,三重區,水漾路一段69號,25.05004,121.48557,32,2,30,1,2026-04-28 13:57:02,0,2
500203138,YouBike2.0_新北大道二段139巷,三重區,光華路69號南側,25.05981,121.46662,11,4,7,1,2026-04-28 14:02:02,3,1
500203139,YouBike2.0_長榮龍濱路口,三重區,長榮路88號(前),25.06908,121.50238,19,3,15,1,2026-04-28 14:11:03,3,0
500205001,YouBike2.0_恩主公醫院,三峽區,復興路399號東北側,24.93891,121.36355,54,24,30,1,2026-04-28 14:28:03,23,1
500205002,YouBike2.0_安溪國小,三峽區,中華路42號,24.93122,121.37265,28,8,20,1,2026-04-28 14:27:02,8,0
500205003,YouBike2.0_介壽國小,三峽區,大同路1號(北側),24.93026,121.37912,26,16,10,1,2026-04-28 14:19:02,16,0
500205004,YouBike2.0_安溪國中,三峽區,大同路135號(西側),24.92638,121.37185,20,13,7,1,2026-04-28 14:28:03,12,1
500205005,YouBike2.0_三峽國光青年社會住宅,三峽區,三樹路5號西北側,24.93743,121.37686,30,14,15,1,2026-04-28 14:28:03,13,1
500205006,YouBike2.0_三峽區公所(三峽老街),三峽區,民權街36號南側,24.9339,121.36929,33,9,23,1,2026-04-28 14:28:03,8,1
500205007,YouBike2.0_中園國小,三峽區,弘園街22號,24.927562225588048,121.3667403505291,20,3,17,1,2026-04-28 14:14:04,3,0
500205008,YouBike2.0_復興民生街口,三峽區,復興路45號(前),24.936959752151225,121.37339809342713,32,8,24,1,2026-04-28 14:18:02,4,4
500205009,YouBike2.0_三峽國中,三峽區,復興路238號(前人行道),24.9389,121.369,33,19,1,1,2026-04-28 14:28:03,17,2
500205010,YouBike2.0_海洋公園,三峽區,大義路277號,24.94776,121.37676,25,5,20,1,2026-04-28 14:27:02,5,0
500205011,YouBike2.0_龍埔國小,三峽區,大學路47號對側,24.94104,121.37676,35,7,28,1,2026-04-28 14:12:03,4,3
500205012,YouBike2.0_國立臺北大學(三峽校區),三峽區,大學路160號(對側),24.94594,121.3729,63,44,19,1,2026-04-28 14:26:03,40,4
500205013,YouBike2.0_三鶯國民運動中心,三峽區,文化路210巷15號(對面),24.93697,121.36858,17,7,10,1,2026-04-28 14:16:03,6,1
500205014,YouBike2.0_臺北大學(音律資訊大樓),三峽區,圖資大道/法政路口(東南側),24.94278,121.36992,78,45,33,1,2026-04-28 14:29:04,43,2
500205015,YouBike2.0_臺北大學體育館,三峽區,大學路151號(台北大學體育館前),24.93974,121.36688,22,7,14,1,2026-04-28 14:29:04,7,0
500205016,YouBike2.0_中華愛國路口,三峽區,愛國路71號(旁),24.9327,121.37462,10,4,6,1,2026-04-28 14:29:04,4,0
500205017,YouBike2.0_中山科學研究院,三峽區,中正路3段1號(前),24.90328,121.35512,14,6,8,1,2026-04-28 09:23:03,5,1
500205018,YouBike2.0_學成大義路口(學成路一),三峽區,大義路195號(東南側公車站旁),24.94477,121.37803,13,8,5,1,2026-04-28 14:26:03,7,1
500205019,YouBike2.0_龍埔三樹路98巷口,三峽區,三樹路98巷175號(旁),24.93989,121.38393,42,12,30,1,2026-04-28 14:14:04,12,0
500205020,YouBike2.0_三峽區礁溪行政中心,三峽區,光明路96-100號對面,24.92843,121.37592,20,5,15,1,2026-04-28 14:28:03,4,1
500205021,YouBike2.0_新北市客家文化園區,三峽區,隆恩街239號(前人行道),24.94207,121.36034,20,10,10,1,2026-04-28 14:23:02,9,1
500205022,YouBike2.0_龍恩公園,三峽區,國際一街90號南側,24.94135,121.37052,26,1,25,1,2026-04-28 14:09:03,1,0
500205023,YouBike2.0_龍埔公園,三峽區,國光街73號(對面),24.93841,121.3742,28,10,18,1,2026-04-28 14:25:02,9,1
500205024,YouBike2.0_大智中山路口,三峽區,大智路25號(前),24.93708,121.36059,20,6,14,1,2026-04-28 14:26:03,5,1
500205025,YouBike2.0_明德高中,三峽區,中正路二段399號(西北側),24.90742,121.36472,52,37,15,1,2026-04-28 14:26:03,27,10
500205026,YouBike2.0_學府大學路口,三峽區,學府路6號,24.94779,121.3718,18,10,8,1,2026-04-28 14:26:03,10,0
500205027,YouBike2.0_學府大德路口,三峽區,大德路493號北側,24.94864,121.37362,12,2,10,1,2026-04-28 14:24:04,2,0
500205028,YouBike2.0_大德學勤路口,三峽區,學勤路105號,24.94634,121.37506,15,6,9,1,2026-04-28 14:27:02,6,0
500205029,YouBike2.0_學勤大觀路口,三峽區,學勤路86號,24.94584,121.37430,15,1,14,1,2026-04-28 14:29:04,1,0
500205030,YouBike2.0_學成大德路口,三峽區,學成路278號,24.94334,121.37634,19,9,10,1,2026-04-28 14:10:04,7,2
500205031,YouBike2.0_三樹大德路口,三峽區,三樹路197號,24.94163,121.37871,15,3,12,1,2026-04-28 14:20:04,3,0
500205032,YouBike2.0_大義三樹路口,三峽區,大義路7號,24.94357,121.37899,14,2,12,1,2026-04-28 14:01:03,2,0
500205033,YouBike2.0_中園國小(民權街),三峽區,民權街209號,24.92853,121.36767,19,16,3,1,2026-04-28 13:59:03,14,2
500205034,YouBike2.0_三峽國小(中山路),三峽區,中山路16號,24.93474,121.36779,21,3,18,1,2026-04-28 13:49:04,3,0
500205035,YouBike2.0_臺北大學宿舍(學成路),三峽區,學成路3號,24.94092,121.36856,20,4,16,1,2026-04-28 14:25:02,4,0
500205036,YouBike2.0_國際二國學街口,三峽區,國際二街33號,24.94319,121.37233,15,14,0,1,2026-04-28 14:24:20,14,0
500205037,YouBike2.0_大學學成路口,三峽區,大學路113號,24.94298,121.37521,11,7,4,1,2026-04-28 14:28:03,7,0
500205038,YouBike2.0_國慶三樹路口,三峽區,國慶路2號,24.93826,121.37738,20,0,20,0,2026-02-27 10:01:03,0,0
500205039,YouBike2.0_三樹大學路口,三峽區,三樹路69號,24.93951,121.37816,24,16,8,1,2026-04-28 14:20:04,16,0
500205040,YouBike2.0_薇多綠雅社區(警衛亭),三峽區,二鬮路136巷49號北側,24.90883,121.35816,19,6,13,1,2026-04-28 13:07:02,3,3
500205041,YouBike2.0_薇多綠雅社區(活動中心),三峽區,二鬮路136巷73號北側,24.90955,121.35727,15,10,5,1,2026-04-28 08:33:03,10,0
500205042,YouBike2.0_溪東市民活動中心,三峽區,溪東路218巷3號前,24.93192,121.40753,20,10,8,1,2026-04-28 12:42:03,7,3
500205043,YouBike2.0_光明路69巷口,三峽區,光明路69巷37號,24.92918,121.37726,17,11,6,1,2026-04-28 14:08:02,9,2
500205044,YouBike2.0_大同路270巷口,三峽區,大同路268號對側,24.92526,121.36551,15,4,11,1,2026-04-28 14:06:03,4,0
500205045,YouBike2.0_龍埔自行車道(民生街1巷),三峽區,民生街1巷5-82號,24.93455,121.37824,20,5,15,1,2026-04-28 14:11:03,5,0
500205046,YouBike2.0_龍埔介壽路口,三峽區,介壽路二段25號東側,24.93513,121.39008,30,13,17,1,2026-04-28 12:33:02,13,0
500205047,YouBike2.0_國慶學成路口,三峽區,學成路216號(南側),24.94095,121.37397,10,2,8,1,2026-04-28 14:16:03,2,0
500205048,YouBike2.0_中園街福隆宮,三峽區,中園街124號(旁),24.92239,121.36717,15,4,11,1,2026-04-28 13:27:04,4,0
500205049,YouBike2.0_臺北大學蓮池,三峽區,臺北大學蓮池,24.94723,121.37117,34,11,23,1,2026-04-28 14:16:03,11,0
500205050,YouBike2.0_臺北大學商學院(尋鳶大道),三峽區,尋鳶大道/中央大道(西北側),24.94557,121.37249,11,4,6,1,2026-04-28 14:16:03,3,1
500205051,YouBike2.0_臺北大學商學院(法商大道),三峽區,法商大道/中央大道(東北側),24.94499,121.37146,26,15,11,1,2026-04-28 14:28:03,9,6
500205052,YouBike2.0_臺北大學行政大樓(法商大道),三峽區,法商大道/中央大道(西北側),24.94494,121.3712,23,17,5,1,2026-04-28 14:09:03,16,1
500205053,YouBike2.0_臺北大學法學院(鳶飛大道),三峽區,臺北大學法學院(鳶飛大道),24.94438,121.37333,29,18,11,1,2026-04-28 14:27:02,17,1
500205054,YouBike2.0_臺北大學公共事務大樓(法商大道),三峽區,臺北大學公共事務大樓(法商大道),24.94363,121.37212,44,26,17,1,2026-04-28 14:09:03,22,4
500205055,YouBike2.0_臺北大學公共事務大樓(公政大道),三峽區,臺北大學公共事務大樓(公政大道),24.94325,121.37121,23,23,0,1,2026-04-28 14:25:18,22,1
500205056,YouBike2.0_臺北大學行政大樓(公政大道),三峽區,公政大道/中央大道(東北側),24.94457,121.37037,34,23,11,1,2026-04-28 13:58:04,21,2
500205057,YouBike2.0_臺北大學社科院(公政大道),三峽區,公政大道/中央大道(西北側),24.94441,121.3701,40,20,17,1,2026-04-28 14:18:02,18,2
500205058,YouBike2.0_臺北大學社科院(圖資大道),三峽區,臺北大學社科院(圖資大道),24.94396,121.36912,37,33,4,0,2026-04-28 14:19:02,32,1
500205059,YouBike2.0_臺北大學田徑場(體風路),三峽區,臺北大學田徑場(體風路),24.9395,121.36433,52,5,47,1,2026-04-28 14:09:03,4,1
500205060,YouBike2.0_臺北大學隆恩哨(忘憂路),三峽區,臺北大學隆恩哨(忘憂路),24.94254,121.36547,15,12,3,1,2026-04-28 13:12:02,12,0
500205061,YouBike2.0_臺北大學懷德居木師基地,三峽區,臺北大學懷德居木師基地,24.94334,121.36743,21,10,11,1,2026-04-28 13:14:03,9,1
500205062,YouBike2.0_北大高中,三峽區,大義路277號(北側),24.9492,121.37505,23,4,19,1,2026-04-28 12:48:02,4,0
500205063,YouBike2.0_光明停車場,三峽區,光明路/愛國路(東側停車場內),24.93036,121.37410,15,7,8,1,2026-04-28 13:27:04,6,1
500205064,YouBike2.0_八安大橋(清水街),三峽區,中園街13號(清水街側),24.92701,121.36891,10,3,7,1,2026-04-28 12:59:04,3,0
500205065,YouBike2.0_三峽中山公園,三峽區,文化路/中山路口(西南側),24.93561,121.36584,15,4,10,1,2026-04-28 14:11:03,3,1
500205066,YouBike2.0_三鶯國民運動中心停車場,三峽區,文化路164號(對面),24.93614,121.36941,32,12,19,1,2026-04-28 14:20:04,11,1
500205067,YouBike2.0_國光街330巷口,三峽區,國光街322號(對側),24.93942,121.37212,16,4,12,1,2026-04-28 14:12:03,2,2
500205068,YouBike2.0_添福里(添福15號之33),三峽區,添福15號之33(對側),24.90475,121.37254,16,8,8,1,2026-04-28 14:24:04,1,7
500205069,YouBike2.0_民族街78巷口,三峽區,民族街37號東側,24.93021,121.36986,11,8,3,1,2026-04-28 13:24:02,8,0
500205070,YouBike2.0_三峽原住民族生活文化園區,三峽區,隆恩街158巷(捷運墩下停車場),24.94565,121.36672,31,14,17,1,2026-04-28 10:35:04,14,0
500206001,YouBike2.0_華南頂埔科技大樓,土城區,民權路1號,24.96046,121.41716,40,5,35,1,2026-04-28 14:27:02,3,2
500206002,YouBike2.0_新北高工(學士路),土城區,學士路41號(前),24.98216,121.45277,28,2,26,1,2026-04-28 14:20:04,1,1
500206003,YouBike2.0_清水社區公園,土城區,延吉街381巷與延吉街口,24.98382,121.46353,42,12,30,1,2026-04-28 14:24:04,10,2
500206004,YouBike2.0_土城仁愛社區公園,土城區,仁愛路12號旁,24.98071,121.46035,39,6,33,1,2026-04-28 14:22:03,6,0
500206005,YouBike2.0_清和里(青雲路),土城區,青雲路449號(對面),24.97513,121.45874,37,26,11,1,2026-04-28 14:28:03,26,0
500206006,YouBike2.0_斬龍山遺址文化公園,土城區,龍山一街與金城路二段路口,24.97666,121.44770,64,22,42,1,2026-04-28 14:24:04,22,0
500206007,YouBike2.0_中央路一段292巷口,土城區,中央路一段274號(對面),24.98279,121.44383,53,4,48,1,2026-04-28 14:29:19,4,0
500206008,YouBike2.0_中華城林路口,土城區,中華路二段165號前(天橋下),24.97525,121.43883,30,6,23,1,2026-04-28 14:29:04,6,0
500206009,YouBike2.0_頂埔市場,土城區,中州路28巷30號,24.95816,121.41504,29,3,26,1,2026-04-28 14:05:03,2,1
500206010,YouBike2.0_土城綜合體育場,土城區,裕民路195巷旁,24.984095,121.453797,56,1,55,1,2026-04-28 14:29:19,1,0
500206011,YouBike2.0_捷運海山站(1號出口),土城區,裕生路67巷14號前人行道(東側),24.98441,121.44855,80,12,40,1,2026-04-28 14:28:03,12,0
500206012,YouBike2.0_學成公園,土城區,學成路72號對面公園(西南側),24.98803,121.45151,42,4,37,1,2026-04-28 14:24:04,3,1
500206013,YouBike2.0_員和公園,土城區,中央路二段66號對面(東側),24.978918316048684,121.44275033207957,34,7,27,1,2026-04-28 14:24:04,5,2
500206014,YouBike2.0_捷運土城站(2號出口),土城區,捷運土城站公車站牌旁人行道,24.9728,121.44395,33,20,10,1,2026-04-28 14:22:03,18,2
500206015,YouBike2.0_金城忠義路口,土城區,金城路一段18號旁(西側),24.9691,121.44024,40,18,22,1,2026-04-28 14:27:02,14,4
500206016,YouBike2.0_捷運永寧站(2號出口),土城區,中央路三段112號對面人行道(南側),24.96613,121.43554,47,32,15,1,2026-04-28 14:28:03,30,2
500206017,YouBike2.0_亞洲員安路口,土城區,亞洲路9號旁人行道(東側),24.97256,121.43485,38,21,17,1,2026-04-28 14:15:03,15,6
500206018,YouBike2.0_金城立德路口,土城區,金城路三段41號前(南側),24.98689,121.46602,47,7,40,1,2026-04-28 14:27:02,7,0
500206019,YouBike2.0_金城立體停車場,土城區,金城路2段266號旁(西側陸橋旁),24.98367,121.45795,60,8,51,1,2026-04-28 14:25:02,7,1
500206020,YouBike2.0_土城國中,土城區,永寧路18號(對面),24.96243,121.43037,50,33,17,1,2026-04-28 14:19:02,30,3
500206021,YouBike2.0_沛陂社區公園,土城區,土城區三民路23巷8弄(公園裡面),24.963262311576905,121.41969877977414,28,21,7,1,2026-04-28 14:26:03,14,7
500206022,YouBike2.0_捷運頂埔站(福田路),土城區,中央路四段53號(前),24.95852,121.41780,66,7,41,1,2026-04-28 14:20:04,2,5
500206023,YouBike2.0_頂埔國小,土城區,中央路四段205號(頂埔國小校門口)(鄰近土城親子分館),24.95636,121.4144,40,6,34,1,2026-04-28 14:12:03,6,0
500206024,YouBike2.0_頂新祖田市民活動中心,土城區,中央路四段285號,24.95319,121.41211,43,15,28,1,2026-04-28 14:05:03,12,3
500206025,YouBike2.0_捷運海山站(3號出口)轉乘停車場,土城區,海山路/樂利街(西北側),24.98639,121.44911,80,16,32,1,2026-04-28 14:28:03,14,2
500206026,YouBike2.0_大安中央路口,土城區,大安路8號對面(西側),24.96576,121.43264,27,15,12,1,2026-04-28 14:29:04,12,3
500206027,YouBike2.0_中山1號科技總部,土城區,中山路1號,24.96044660965163,121.41212396244534,42,2,25,1,2026-04-28 14:28:03,2,0
500206028,YouBike2.0_長風社區,土城區,土城區中華路二段91~95號(人行道),24.97811,121.43937,30,2,28,1,2026-04-28 14:26:03,2,0
500206029,YouBike2.0_中央慶利街口(風華綠中央社區),土城區,中央路二段288號(前),24.97338,121.44052,22,7,15,1,2026-04-28 14:19:02,7,0
500206030,YouBike2.0_金城裕民路口(金城舞社區),土城區,金城路二段200號(旁),24.98156,121.45466,40,7,33,1,2026-04-28 14:11:03,7,0
500206031,YouBike2.0_青雲路451巷口(紐約艾美社區),土城區,青雲路449號(對面),24.97475,121.45873,41,4,37,1,2026-04-28 14:25:02,4,0
500206032,YouBike2.0_學士學府路口(大苑社區),土城區,學士路/學府路口(西北側建案基地),24.976958449938596,121.44580101471448,47,6,41,1,2026-04-28 14:26:03,6,0
500206033,YouBike2.0_新北高工,土城區,學府路一段241號前,24.98344,121.45054,57,37,20,1,2026-04-28 14:14:04,33,4
500206034,YouBike2.0_中華裕華街口,土城區,中華路一段/裕華街口(東北側),24.99003,121.4472,13,3,10,1,2026-04-28 13:59:03,3,0
500206035,YouBike2.0_金城裕民路口(中正國中),土城區,金城路二段218號對面(西北側),24.98288,121.45619,54,17,37,1,2026-04-28 14:27:02,16,1
500206036,YouBike2.0_中華中央路一段242巷口,土城區,中華路一段185號前(東側),24.98551,121.44348,38,10,28,1,2026-04-28 14:17:03,8,2
500206037,YouBike2.0_員林社區公園,土城區,員林街16號對面(北側),24.97784,121.44328,50,1,49,1,2026-04-28 14:18:02,1,0
500206038,YouBike2.0_延和社區公園,土城區,延和路180號旁(西側),24.99018,121.46882,40,2,38,1,2026-04-28 14:21:03,1,1
500206039,YouBike2.0_青山廣場,土城區,明德路一段240巷1-1號前(東側),24.97793,121.45987,42,0,42,1,2026-04-28 14:27:18,0,0
500206040,YouBike2.0_立德青雲路口,土城區,立德路2號對面(北側),24.9883,121.46102,40,1,39,1,2026-04-28 14:16:03,1,0
500206041,YouBike2.0_廣福派出所,土城區,學府路一段76號前(南側),24.98816,121.45655,43,7,36,1,2026-04-28 14:16:03,7,0
500206042,YouBike2.0_延吉街291巷口,土城區,延吉街291巷/延吉街253巷18弄口(西南側),24.98394,121.46716,10,3,7,1,2026-04-28 14:22:03,2,1
500206043,YouBike2.0_清水高中,土城區,明德路一段72號前(公車站清水高中站旁),24.982,121.46547,46,38,8,1,2026-04-28 13:55:03,36,2
500206044,YouBike2.0_裕民路口(清水路),土城區,清水路68號(西側),24.98157,121.45616,34,6,28,1,2026-04-28 14:23:02,6,0
500206045,YouBike2.0_青隆青福街口,土城區,青隆街/青福街口(東北側),24.97974,121.45665,20,6,14,1,2026-04-28 12:07:03,5,1
500206046,YouBike2.0_中華日新街口,土城區,中華路一段/日新街口(西北側),24.98756,121.44463,10,7,3,1,2026-04-28 14:28:03,6,1
500206047,YouBike2.0_清水高中(國際路),土城區,明德路一段139號西側,24.98034,121.46498,13,8,5,1,2026-04-28 14:13:02,6,2
500206048,YouBike2.0_延吉街111巷1弄,土城區,延吉街111巷10號北側,24.98623,121.47171,18,3,15,1,2026-04-28 14:20:04,2,1
500206049,YouBike2.0_大安市民活動中心,土城區,忠承路30號,24.96595,121.43935,25,16,9,1,2026-04-28 14:26:03,16,0
500206050,YouBike2.0_中央中華路口(金城),土城區,中央路三段38號,24.96875,121.43808,16,6,10,1,2026-04-28 13:33:02,5,1
500206051,YouBike2.0_土城國小(興城路),土城區,慶安街45巷11號東側,24.97267,121.44149,17,3,14,1,2026-04-28 14:29:04,3,0
500206052,YouBike2.0_金城龍山二街口,土城區,金城路二段36號北側,24.97881,121.45096,20,0,0,0,2025-09-05 21:31:15,0,0
500206053,YouBike2.0_新北高工(明德路),土城區,明德路二段73號北側,24.98112,121.45150,18,0,18,1,2026-04-28 13:24:18,0,0
500206054,YouBike2.0_廣福國小,土城區,學府路一段144巷2號南側,24.98713,121.45506,20,2,18,1,2026-04-28 14:12:03,1,1
500206055,YouBike2.0_裕民路55巷,土城區,裕民路55巷16號(對側),24.98860,121.44948,17,5,12,1,2026-04-28 14:26:03,5,0
500206056,YouBike2.0_裕生停車場,土城區,裕生路106號,24.9846,121.44687,15,3,12,1,2026-04-28 14:02:02,3,0
500206057,YouBike2.0_中央路四段33號北側,土城區,中央路四段33號北側,24.96222,121.42329,15,10,5,1,2026-04-28 13:48:02,9,1
500206058,YouBike2.0_和平路105號,土城區,和平路105號(前),24.96847,121.45129,10,4,6,1,2026-04-28 13:45:04,4,0
500206059,YouBike2.0_金城路三段52巷,土城區,金城路三段52巷8號(前),24.98635,121.46609,16,7,9,1,2026-04-28 14:23:02,6,1
500206060,YouBike2.0_延吉街47巷口,土城區,延吉街49號(對面),24.98795,121.47236,10,0,10,1,2026-04-28 14:27:18,0,0
500206061,YouBike2.0_莒光四村停車場,土城區,中央路一段189巷1弄4號,24.98716,121.44639,12,5,7,1,2026-04-28 13:56:04,5,0
500206062,YouBike2.0_中央路三段281巷,土城區,中央路三段281巷5號(對面),24.96314,121.42679,24,1,23,1,2026-04-28 13:49:22,1,0
500206063,YouBike2.0_捷運永寧站(3號出口),土城區,中央路三段99號(旁),24.96711,121.43688,23,1,22,1,2026-04-28 14:17:03,1,0
500206064,YouBike2.0_捷運永寧站(4號出口),土城區,中央路三段62號(前),24.96744,121.43677,12,9,2,1,2026-04-28 14:12:03,9,0
500206065,YouBike2.0_捷運土城站(1號出口),土城區,金城路一段78號(對面),24.97314,121.44418,10,6,3,1,2026-04-28 14:27:02,4,2
500206066,YouBike2.0_青雲路434巷口,土城區,青雲路571號(旁),24.97193,121.45915,18,3,15,1,2026-04-28 13:41:02,1,2
500206067,YouBike2.0_中央路二段180巷,土城區,中央路二段180巷1號(旁),24.97616,121.44162,15,3,12,1,2026-04-28 14:14:04,3,0
500206068,YouBike2.0_日和中華路口,土城區,日和街31號對面,24.98402,121.44283,21,2,19,1,2026-04-28 14:23:02,1,1
500206069,YouBike2.0_員林平面停車場,土城區,員林街76號(旁),24.97681,121.44437,9,1,7,1,2026-04-28 14:18:17,1,0
500206070,YouBike2.0_學士龍山二街口(金城舞2社區),土城區,學士路100號(對面),24.97991,121.45049,31,1,30,1,2026-04-28 14:26:03,1,0
500206071,YouBike2.0_中央公園地下停車場,土城區,土城區中央路一段291巷24號(旁),24.98276,121.44478,15,5,10,1,2026-04-28 14:19:02,4,1
500206072,YouBike2.0_中華路一段70巷口,土城區,中華路一段60號(前),24.98825,121.4454,12,9,3,1,2026-04-28 14:26:03,8,1
500206073,YouBike2.0_延和廣場,土城區,立德路60號(對面),24.98704,121.46415,19,5,14,1,2026-04-28 14:10:04,5,0
500206074,YouBike2.0_明德平面停車場,土城區,永豐路190號(旁),24.98403,121.46628,10,4,5,1,2026-04-28 13:47:02,4,0
500206075,YouBike2.0_惜福公園,土城區,莊園街151號(旁),24.98144,121.44815,20,3,17,1,2026-04-28 14:14:04,3,0
500206076,YouBike2.0_中山三民路口(土城工業區),土城區,三民路4號(對面),24.96287,121.42122,40,5,35,1,2026-04-28 14:13:02,3,2
500206077,YouBike2.0_中央公園(莊園街),土城區,莊園街53號,24.98205,121.44565,33,0,33,1,2026-04-28 14:22:18,0,0
500206078,YouBike2.0_承天路4巷(MRT社區),土城區,承天路4巷/永和街(東側),24.96400,121.43617,40,16,24,1,2026-04-28 13:05:04,15,1
500206079,YouBike2.0_金城路三段156號前,土城區,金城路三段156號(前),24.98728,121.46708,15,4,11,1,2026-04-28 13:40:03,4,0
500206080,YouBike2.0_金城路二段61巷口(聯邦銀行),土城區,金城路二段61巷口(西側),24.97886,121.45077,40,5,35,1,2026-04-28 14:22:03,3,2
500206081,YouBike2.0_裕華街,土城區,裕華街16-36號(旁),24.99050,121.44643,15,5,10,1,2026-04-28 14:14:04,5,0
500206082,YouBike2.0_土城區公所,土城區,金城路一段101號(前),24.97190,121.44316,28,16,12,1,2026-04-28 14:20:04,16,0
500206083,YouBike2.0_捷運土城站(3號出口),土城區,金城路一段90號(旁),24.97390,121.44527,33,14,19,1,2026-04-28 13:19:02,14,0
500206084,YouBike2.0_金城峯廷街口,土城區,金城路三段200-1號(前),24.98814,121.46864,9,1,8,1,2026-04-28 14:00:05,1,0
500206085,YouBike2.0_永豐路157巷口,土城區,永豐路226號(前),24.98171,121.46709,21,9,12,1,2026-04-28 13:24:02,8,1
500206086,YouBike2.0_捷運海山站(2號出口),土城區,捷運海山站(2號出口)(南側),24.98457,121.44875,99,32,50,1,2026-04-28 14:26:03,31,1
500206087,YouBike2.0_青雲路411巷口(樂晴市樂郡區社區),土城區,青雲路411巷/青雲路(東北側),24.97582,121.45911,39,5,33,1,2026-04-28 13:04:03,2,3
500206088,YouBike2.0_學府中正路口(A+社區),土城區,學府路二段/中正路(西南側),24.97551,121.44534,40,5,35,1,2026-04-28 14:29:04,5,0
500206089,YouBike2.0_莊園街(金城舞5社區),土城區,莊園街/學府路二段(西北側),24.981311,121.44792,40,12,28,1,2026-04-28 14:20:04,12,0
500206090,YouBike2.0_捷運海山站(3號出口),土城區,海山路46號(對側),24.98677,121.44935,40,3,21,1,2026-04-28 14:18:02,2,1
500206091,YouBike2.0_土城國中(永安街115巷),土城區,永安街115巷20號(東側),24.96316,121.42894,39,9,30,1,2026-04-28 14:00:05,8,1
500206094,YouBike2.0_土城紫藤廊道(學海街),土城區,學海街160號(旁),24.97923,121.44836,25,1,24,1,2026-04-28 14:27:02,1,0
500206095,YouBike2.0_明德青和街口,土城區,明德路一段/青和街口(西南側),24.97738,121.45754,31,2,29,1,2026-04-28 13:40:03,1,1
500206096,YouBike2.0_土城綜合球場,土城區,明德路一段365-1號(對側),24.97872,121.45420,30,6,24,1,2026-04-28 14:28:03,6,0
500206097,YouBike2.0_頂新公園,土城區,頂新街54巷51號,24.95397,121.41425,21,5,16,1,2026-04-28 14:09:03,5,0
500206229,YouBike2.0_新洲擺接堡路口,土城區,城林路6巷55號(北側),24.97781,121.43742,28,10,18,1,2026-04-28 13:53:02,10,0
500207001,YouBike2.0_民有公園,中和區,中山路3段118-3號(對面),25.00863,121.47468,48,9,39,1,2026-04-28 14:25:02,9,0
500207002,YouBike2.0_台灣科技廣場,中和區,板南路467號(前),25.00572,121.48906,70,42,28,1,2026-04-28 14:23:02,36,6
500207003,YouBike2.0_漳和國中,中和區,廣福路30號(對面),25.00244,121.50505,65,46,19,1,2026-04-28 14:23:02,39,7
500207004,YouBike2.0_光華橋(保平路),中和區,中山路2段3巷58-3號(東側),25.00467,121.50779,31,1,30,1,2026-04-28 14:18:02,1,0
500207005,YouBike2.0_捷運南勢角站(4號出口),中和區,捷運路3號(對面),24.98942,121.50998,96,38,19,1,2026-04-28 14:29:04,38,0
500207006,YouBike2.0_中正路161巷口,中和區,中正路161巷26弄5號對面(東北側),24.99299,121.49935,56,3,53,1,2026-04-28 14:27:02,2,1
500207007,YouBike2.0_景安板南路口,中和區,南山路148號對面(東側),24.99228,121.50424,39,10,28,1,2026-04-28 14:29:04,9,1
500207008,YouBike2.0_新北市立中和高級中學,中和區,連城路573-2號對面(西北側),24.99424,121.4786,42,35,6,1,2026-04-28 14:21:03,35,0
500207009,YouBike2.0_民享藝文特區,中和區,民治街30號對面(南側),25.00354,121.47529,50,2,48,1,2026-04-28 14:29:04,1,1
500207010,YouBike2.0_雙和醫院,中和區,中正路281號(公車亭旁),24.99367,121.49411,37,16,21,1,2026-04-28 14:28:03,15,1
500207011,YouBike2.0_捷運景安站,中和區,景平路486號(對面),24.99352,121.50472,96,72,23,1,2026-04-28 14:29:04,65,7
500207012,YouBike2.0_中原東街(左岸牡丹園),中和區,中原東街/中原二街(東北側人行道),25.01297,121.48601,51,15,36,1,2026-04-28 13:43:02,15,0
500207013,YouBike2.0_安邦公園,中和區,安邦街與連勝街口(西北側),24.99678,121.49651,53,13,40,1,2026-04-28 14:28:03,12,1
500207014,YouBike2.0_中和國民運動中心,中和區,和城路一段/中正二橋,24.99348,121.48758,64,11,53,1,2026-04-28 14:27:02,11,0
500207015,YouBike2.0_捷運景平站,中和區,景平路127號旁(東側),24.99202,121.51563,51,12,39,1,2026-04-28 14:26:03,10,2
500207016,YouBike2.0_中和安和路口,中和區,中和路212號(東側),24.99966,121.50602,44,7,37,1,2026-04-28 14:28:03,4,3
500207017,YouBike2.0_民樂人行廣場,中和區,員山路266巷33號對面(南側),25.00184,121.48265,42,12,30,1,2026-04-28 14:18:02,12,0
500207018,YouBike2.0_碧河宮,中和區,中正路368-12號對面人行道(西側),24.99665,121.49314,46,33,13,1,2026-04-28 14:25:02,33,0
500207019,YouBike2.0_圓通錦和路口,中和區,圓通路367巷8號對面路側(東北側),24.98955,121.49125,54,1,53,1,2026-04-28 14:27:02,0,1
500207020,YouBike2.0_福和宮,中和區,廣福路112號前路側(南側),25.00111,121.50195,57,42,15,1,2026-04-28 14:15:03,40,2
500207021,YouBike2.0_華新街109巷11弄,中和區,華新街109巷11弄(機車格),24.97996,121.50873,53,14,39,1,2026-04-28 14:24:04,14,0
500207022,YouBike2.0_中和青年社會住宅,中和區,景德街7號對面公園(東北側),24.99099,121.51918,57,1,54,1,2026-04-28 14:26:03,0,1
500207023,YouBike2.0_捷運中原站,中和區,板南路496號對面(西南側),25.00765,121.48486,99,71,28,1,2026-04-28 14:29:04,69,2
500207024,YouBike2.0_環河西路三段(日安社區),中和區,環河西路三段66號(旁),25.00774,121.49321,32,16,16,1,2026-04-28 14:04:04,16,0
500207025,YouBike2.0_中和地政事務所,中和區,復興路280號,24.99039,121.5024,28,8,20,1,2026-04-28 14:28:03,6,2
500207026,YouBike2.0_員勝公園,中和區,員山路591號(巷內),25.01090,121.47860,47,31,16,1,2026-04-28 14:28:03,31,0
500207027,YouBike2.0_元氣大鎮社區,中和區,中和區中山路三段與台新街口,25.00572,121.479,29,14,15,1,2026-04-28 14:25:02,14,0
500207028,YouBike2.0_積穗國中,中和區,民安街71號(對面),24.99977,121.47808,33,9,24,1,2026-04-28 14:16:03,9,0
500207029,YouBike2.0_興南路二段34巷口,中和區,興南路二段34巷1號(對面),24.98539,121.50701,32,7,25,1,2026-04-28 14:16:03,7,0
500207030,YouBike2.0_捷運中和站,中和區,中山路2段291號(前),25.00221,121.49587,36,1,35,1,2026-04-28 14:29:04,1,0
500207031,YouBike2.0_福祥里(中和溝),中和區,福祥路90巷7弄1號對側空間,25.00593,121.49957,39,1,38,1,2026-04-28 14:21:03,0,1
500207032,YouBike2.0_中和區公所,中和區,景平路634-2號 ( 中和區公所正門機車格位 ),24.99856,121.50053,32,3,29,1,2026-04-28 14:28:03,3,0
500207033,YouBike2.0_飛駝社區(興南路),中和區,中和區興南路二段159巷4號(人行道),24.98347,121.50483,40,5,35,1,2026-04-28 14:29:04,3,2
500207034,YouBike2.0_安樂宜安路口,中和區,中和區安樂路101之1號,24.99527,121.51351,35,13,20,1,2026-04-28 14:28:03,12,1
500207035,YouBike2.0_中和環球購物中心,中和區,中山路三段130號,25.00637,121.47422,38,12,26,1,2026-04-28 14:29:04,10,2
500207036,YouBike2.0_華福市民活動中心,中和區,民德路296號對面停車格位,24.99548,121.46753,36,2,33,1,2026-04-28 14:25:02,2,0
500207037,YouBike2.0_圓通路335巷33弄,中和區,圓通路335巷33弄15號(西側),24.98899,121.49303,26,3,23,1,2026-04-28 14:08:02,3,0
500207038,YouBike2.0_山北公園,中和區,莊敬路33巷36弄2號(對面),25.00653,121.50014,32,3,29,1,2026-04-28 14:23:02,1,2
500207039,YouBike2.0_遠雄左岸,中和區,中原街90號旁人行道(西側),25.00983,121.48808,50,2,48,1,2026-04-28 13:46:02,0,2
500207040,YouBike2.0_瓦磘溝(福真里),中和區,中山路二段312巷33弄27號旁公園(西側),25.00402,121.49439,41,10,29,1,2026-04-28 14:17:03,10,0
500207041,YouBike2.0_佳和公園,中和區,中山路二段2巷25號對面(北側),25.00694,121.5032,27,5,22,1,2026-04-28 14:08:02,5,0
500207042,YouBike2.0_捷運秀朗橋站,中和區,景平路2號(南側),24.99045,121.52496,77,41,35,1,2026-04-28 14:26:03,35,6
500207043,YouBike2.0_德光莒光路口,中和區,莒光路2號對面(北側),25.0047,121.47178,30,4,26,0,2026-03-02 11:08:02,3,1
500207044,YouBike2.0_中和公園,中和區,安樂路148號對面(西北側),25.00073,121.51435,57,12,44,1,2026-04-28 14:27:02,10,2
500207045,YouBike2.0_秀朗成功路口,中和區,成功路二段215號(西側),24.9956,121.52655,51,4,47,1,2026-04-28 14:27:02,4,0
500207046,YouBike2.0_捷運永安市場站,中和區,中安街126號對面人行道(東側),25.00049,121.51111,99,91,7,1,2026-04-28 14:28:03,88,3
500207047,YouBike2.0_德光國光街口,中和區,中和區德光國光街口(巷子路側),25.00314,121.46809,39,2,37,1,2026-04-28 14:21:03,2,0
500207048,YouBike2.0_錦和高中,中和區,錦和路/和城路口(東南角),24.99351,121.49076,28,13,14,1,2026-04-28 14:24:04,10,3
500207049,YouBike2.0_民德立體停車場,中和區,民德路188號,24.99909,121.46836,32,5,27,1,2026-04-28 14:27:02,4,1
500207050,YouBike2.0_景新國小,中和區,景新街467巷33號(對面),24.98893,121.5148,14,1,13,1,2026-04-28 14:18:17,1,0
500207051,YouBike2.0_南華路56巷,中和區,南華路57號(對面),24.99706,121.50431,16,1,15,1,2026-04-28 14:27:18,1,0
500207052,YouBike2.0_中和自強公園,中和區,莒光路181號對側公園人行道(西側),24.99886,121.47238,39,4,35,1,2026-04-28 14:28:03,4,0
500207053,YouBike2.0_烘爐地山下籃球場,中和區,興南路二段/興南路二段399巷口(東南側),24.9798,121.4987,14,1,13,1,2026-04-28 13:56:04,1,0
500207054,YouBike2.0_秀山國小,中和區,更生街19號對面(南側),24.99612,121.52192,70,6,64,1,2026-04-28 14:29:04,6,0
500207055,YouBike2.0_華夏科技大學,中和區,工專路32號對面人行道(東側),24.98067,121.50765,58,1,57,1,2026-04-28 14:25:02,0,1
500207057,YouBike2.0_圓通綠廊,中和區,圓通路176號東側,24.9945,121.49711,13,0,13,1,2026-04-28 14:14:19,0,0
500207058,YouBike2.0_板南路492號,中和區,板南路492號,25.00754,121.48582,29,9,20,1,2026-04-28 13:57:02,8,1
500207059,YouBike2.0_壽德新村,中和區,壽德街12號(前),24.99548,121.46536,18,0,18,1,2026-04-28 14:23:17,0,0
500207060,YouBike2.0_雙和醫院(圓通路252巷口),中和區,圓通路252-3號南側,24.99092,121.49373,36,15,21,1,2026-04-28 14:29:04,14,1
500207061,YouBike2.0_安平橋,中和區,安和路47號(對面),24.99474,121.50936,27,8,19,1,2026-04-28 14:28:03,5,3
500207062,YouBike2.0_景本里集會所,中和區,景新街423巷4號北側,24.98933,121.51326,15,2,13,1,2026-04-28 14:26:03,2,0
500207063,YouBike2.0_秀山公園(北側),中和區,自立路15巷27號,24.99592,121.52327,14,1,13,1,2026-04-28 14:28:16,1,0
500207064,YouBike2.0_華福公園,中和區,華順街109號西側,24.99728,121.46529,16,1,15,1,2026-04-28 14:23:02,1,0
500207065,YouBike2.0_中和公園(秀安街口),中和區,安樂路226號西側,25.00218,121.51498,15,3,12,1,2026-04-28 14:25:03,2,1
500207066,YouBike2.0_台灣電力公司中和服務所,中和區,和平街33號,24.99149,121.50683,17,13,4,1,2026-04-28 14:22:03,10,3
500207067,YouBike2.0_碧河里公園(建康路),中和區,建康路226號,25.00013,121.49171,16,15,1,1,2026-04-28 14:29:04,11,4
500207068,YouBike2.0_捷運景平站(景平路278巷口),中和區,景平路258號,24.99244,121.51513,23,2,21,1,2026-04-28 14:28:03,2,0
500207069,YouBike2.0_華新街143巷,中和區,華新街143巷61-2號西側,24.97942,121.50632,15,2,13,1,2026-04-28 14:05:03,0,2
500207070,YouBike2.0_華夏科技大學(華新街),中和區,華新街148號南側,24.98247,121.50785,16,1,15,1,2026-04-28 14:29:04,0,1
500207071,YouBike2.0_中原中板路口,中和區,中原街146號前,25.01169,121.48521,18,12,6,1,2026-04-28 14:20:04,12,0
500207072,YouBike2.0_中原五街口,中和區,中原街126號旁,25.01086,121.48603,20,7,13,1,2026-04-28 14:03:03,7,0
500207073,YouBike2.0_飛駝二村,中和區,忠孝街56號對面,24.9836,121.51138,11,4,7,1,2026-04-28 14:28:03,4,0
500207074,YouBike2.0_國光街圓環小公園,中和區,國光街112巷14弄1號旁,25.00135,121.46987,16,0,16,1,2026-04-28 14:11:17,0,0
500207075,YouBike2.0_興南路二段231巷口,中和區,興南路二段180號(對面),24.98229,121.50350,19,2,16,1,2026-04-28 14:24:04,2,0
500207076,YouBike2.0_嘉穗公園,中和區,員山路143巷40弄12號,24.99566,121.4784,10,6,3,1,2026-04-28 14:08:02,5,1
500207077,YouBike2.0_中山橋安街口,中和區,中山路二段362號(前),25.00274,121.49253,12,11,1,1,2026-04-28 14:21:03,10,1
500207078,YouBike2.0_板南立言街口,中和區,板南路486號(對面),25.00655,121.48791,50,37,13,1,2026-04-28 14:03:03,35,2
500207079,YouBike2.0_中原抽水站,中和區,環河西路三段123號(旁),25.00985,121.48968,15,3,12,1,2026-04-28 11:37:02,3,0
500207080,YouBike2.0_建六中正路口,中和區,中正路806號(旁),25.00223,121.48526,12,6,5,1,2026-04-28 14:12:03,5,1
500207081,YouBike2.0_審計人員訓練大樓,中和區,華新街109巷5號東南側,24.98184,121.50956,10,0,10,1,2026-04-28 14:29:04,0,0
500207082,YouBike2.0_遠東世紀廣場C棟,中和區,建八路6號,24.99853,121.48645,26,3,5,1,2026-04-28 14:28:03,3,0
500207083,YouBike2.0_員山路36巷口,中和區,員山路39號,24.9908,121.48211,19,8,11,1,2026-04-28 08:00:04,3,5
500207084,YouBike2.0_民德路口,中和區,民德路47號(前),25.00203,121.46885,15,4,11,1,2026-04-28 13:44:02,4,0
500207085,YouBike2.0_台灣科技公園,中和區,建八路149號(斜對面),24.99855,121.49115,30,16,5,1,2026-04-28 14:20:04,13,3
500207086,YouBike2.0_和城停車場,中和區,中正路501號東側,24.99404,121.48917,15,7,8,1,2026-04-28 12:55:03,6,1
500207087,YouBike2.0_民樂停車場,中和區,民樂路65號,25.00134,121.48391,20,7,13,1,2026-04-28 14:28:03,6,1
500207088,YouBike2.0_佳和公園(中山路二段64巷7弄),中和區,中山路二段64巷7弄3號(對面),25.00492,121.50358,15,10,5,1,2026-04-28 14:28:03,10,0
500207089,YouBike2.0_水源路29巷/光華街口,中和區,水源路29巷10號(對面),25.00414,121.50429,11,5,6,1,2026-04-28 14:26:03,5,0
500207090,YouBike2.0_莒光路136巷口,中和區,莒光路145號(前),25.00133,121.47261,15,0,15,1,2026-04-28 14:09:20,0,0
500207091,YouBike2.0_佳和公園(中山路二段64巷5弄),中和區,中山路二段136巷6弄9號西側,25.00435,121.50186,26,7,19,1,2026-04-28 13:36:02,6,1
500207092,YouBike2.0_景新立體停車場,中和區,景新街399巷12號,24.98985,121.51301,12,0,12,1,2026-04-28 14:09:20,0,0
500207093,YouBike2.0_秀朗路三段10巷12弄,中和區,秀朗路三段2-5號(旁),24.99719,121.52567,17,2,15,1,2026-04-28 14:26:03,2,0
500207094,YouBike2.0_景平橋和路口,中和區,橋和路241號南側,25.00672,121.49479,15,0,15,0,2025-10-21 10:49:16,0,0
500207095,YouBike2.0_中興街180巷口,中和區,中興街200號(前),24.99098,121.49985,18,7,11,1,2026-04-28 14:17:03,5,2
500207096,YouBike2.0_大仁街20巷口,中和區,大仁街20巷50號(對側),24.99340,121.52008,33,1,32,1,2026-04-28 14:23:17,0,1
500207097,YouBike2.0_中和公園(安平中安街口),中和區,安平路162號(對面),24.99856,121.51258,40,11,27,1,2026-04-28 14:23:02,10,1
500207098,YouBike2.0_福祥永和路口,中和區,福祥路9號(前),25.00365,121.49938,11,5,5,1,2026-04-28 14:26:03,5,0
500207099,YouBike2.0_員山市場臨時平面停車場,中和區,員山路466巷17弄1號(對面),25.00676,121.48063,27,19,5,1,2026-04-28 14:20:04,13,6
500207100,YouBike2.0_建二建三路口,中和區,建二路68號(旁),25.00369,121.48680,20,15,4,1,2026-04-28 14:11:03,12,3
500207101,YouBike2.0_光寶科技中和數位大樓,中和區,建六路/建一路(西南側),25.00214,121.48761,40,29,11,1,2026-04-28 13:57:02,25,4
500207102,YouBike2.0_錦和運動公園,中和區,錦和路350號(旁),24.99213,121.49073,64,32,27,1,2026-04-28 14:22:03,28,4
500207103,YouBike2.0_新生街112巷口(欽禾社區),中和區,新生街112號(對側),25.00273,121.48345,40,1,36,1,2026-04-28 14:21:03,1,0
500207104,YouBike2.0_中坑公園,中和區,員山路7-2號(東北側),24.98515,121.48294,13,6,5,1,2026-04-28 13:58:04,5,1
500207105,YouBike2.0_莒光德光路口,中和區,莒光路63之2號(前),25.00429,121.47223,15,1,14,1,2026-04-28 14:24:04,1,0
500207106,YouBike2.0_光之公園,中和區,中原二街156號(旁),25.01184,121.48667,21,9,12,1,2026-04-28 14:19:02,8,1
500207107,YouBike2.0_安邦段青年社會住宅,中和區,連城路142號(旁),24.99890,121.49542,40,12,28,1,2026-04-28 14:24:04,10,2
500207108,YouBike2.0_水之公園,中和區,中原街/中原西街口,25.01300,121.48411,18,13,5,1,2026-04-28 14:07:04,13,0
500207109,YouBike2.0_大勇立人街口,中和區,大勇街/立人街口,24.99397,121.51750,18,2,15,1,2026-04-28 14:15:03,2,0
500207110,YouBike2.0_莒光華安街口,中和區,莒光路213號(對面),24.99467,121.46876,17,2,15,1,2026-04-28 14:05:03,1,1
500207111,YouBike2.0_捷運橋和站,中和區,板南路/中山路二段口,25.00381,121.49082,62,9,53,1,2026-04-28 14:24:04,8,1
500207112,YouBike2.0_中和福美公園,中和區,中山路二段64巷28號(對側),25.00606,121.50265,40,6,34,1,2026-04-28 13:04:03,4,2
500207113,YouBike2.0_中興公園,中和區,中興街237巷2號,24.98805,121.50061,17,2,15,1,2026-04-28 13:53:02,0,2
500207114,YouBike2.0_連城路469巷21弄,中和區,中正路637巷18弄5號(前),24.99508,121.48432,12,2,9,1,2026-04-28 14:25:03,2,0
500207115,YouBike2.0_圓通路369巷口,中和區,圓通路369巷口,24.98852,121.48737,18,8,9,1,2026-04-28 13:54:04,4,4
500209001,YouBike2.0_新城一路(守讓堂),五股區,新五路二段169號(北側),25.08373,121.4407,15,6,9,1,2026-04-28 14:07:04,4,2
500209002,YouBike2.0_德音國小,五股區,成泰路一段/成泰路一段98巷口(西北側),25.07198,121.43564,20,8,12,1,2026-04-28 14:06:03,8,0
500209003,YouBike2.0_五股工商立體停車場,五股區,中興路四段17號(北側),25.08245,121.43955,22,21,0,1,2026-04-28 13:50:03,18,3
500209004,YouBike2.0_成德公園,五股區,成泰路三段/疏洪北路(東南側),25.10484,121.45282,20,2,17,1,2026-04-28 13:47:02,2,0
500209005,YouBike2.0_五股國民運動中心,五股區,成泰路三段353號(對面公園內),25.09537,121.44832,22,9,13,1,2026-04-28 14:29:04,8,1
500209006,YouBike2.0_貿商國宅,五股區,登林路76-3號(前人行道),25.06939,121.43068,23,3,20,1,2026-04-28 14:00:05,2,1
500209007,YouBike2.0_新北市工商展覽中心,五股區,五工六路35號(對面),25.06433,121.44761,30,17,13,1,2026-04-28 13:56:04,17,0
500209008,YouBike2.0_公五公園,五股區,芳州五路/芳州三路口(西北側),25.08655,121.44529,39,5,34,1,2026-04-28 14:14:04,1,4
500209009,YouBike2.0_芳洲八路,五股區,芳洲八路152號(對面),25.0888,121.44631,20,2,18,1,2026-04-28 14:08:02,2,0
500209010,YouBike2.0_凌雲路一段158巷口,五股區,凌雲路一段158巷22號(對面),25.10356,121.44818,20,3,17,1,2026-04-28 14:23:02,2,1
500209011,YouBike2.0_德泰公園,五股區,成泰路一段79號(旁),25.06812,121.43505,13,0,0,0,2025-07-17 13:34:01,0,0
500209012,YouBike2.0_新北市立圖書館五股成功分館,五股區,西雲路167號(南側),25.09472,121.44685,15,5,10,1,2026-04-28 08:47:04,4,1
500209013,YouBike2.0_成州國小,五股區,成泰路三段493號(東側),25.09952,121.4509,20,10,10,1,2026-04-28 13:33:01,9,1
500209014,YouBike2.0_台北得意GO,五股區,四維路116號(人行道),25.07429,121.46769,20,8,12,1,2026-04-28 13:39:04,6,2
500209015,YouBike2.0_陸光國宅,五股區,民義路1段/民義路1段183巷口,25.08832,121.43232,20,11,8,1,2026-04-28 14:22:03,11,0
500209016,YouBike2.0_成泰路一段(中油),五股區,成泰路一段194號(對面),25.07785,121.43555,20,9,11,1,2026-04-28 14:25:02,6,3
500209017,YouBike2.0_新北市勞工活動中心,五股區,五工六路9號(前廣場),25.0615,121.451,35,24,11,1,2026-04-28 13:46:02,21,3
500209018,YouBike2.0_御史路1巷,五股區,御史路1巷5號(旁),25.0904,121.442,20,1,18,1,2026-04-28 14:14:04,0,1
500209019,YouBike2.0_成泰路4段22巷,五股區,成泰路4段22巷29號(對面),25.1083,121.456,42,2,37,1,2026-04-28 14:25:02,2,0
500209020,YouBike2.0_五股郵局,五股區,凌雲路一段80巷9號(對面人行道),25.10165,121.45098,30,17,13,1,2026-04-28 13:39:04,13,4
500209021,YouBike2.0_民義公園,五股區,五福路6巷口(五福橋旁公園),25.0881901704169,121.43474837941864,20,6,14,1,2026-04-28 13:28:03,4,2
500209022,YouBike2.0_成功運動公園,五股區,西雲路116-2號(後方),25.09283,121.44472,14,2,12,1,2026-04-28 13:05:04,1,1
500209023,YouBike2.0_五工五五權路口,五股區,五工五路38號(對面),25.0665,121.4497,18,12,6,1,2026-04-28 14:02:02,10,2
500209024,YouBike2.0_成州停車場,五股區,凌雲路一段149巷(成州停車場內),25.10013,121.44836,18,11,7,1,2026-04-28 09:55:03,10,1
500209025,YouBike2.0_永安橋下停車場,五股區,中興路三段(永安橋下停車場內),25.07978,121.44905,14,5,9,1,2026-04-27 15:28:03,5,0
500209026,YouBike2.0_中興路二段37巷口,五股區,中興路二段35號(國道下),25.07540,121.46240,20,7,13,1,2026-04-28 11:19:04,6,1
500209027,YouBike2.0_五工二五工一路口(泰博科技),五股區,五工二路127號,25.07155,121.45362,20,9,11,1,2026-04-28 12:50:04,3,6
500209028,YouBike2.0_新五路二段299號,五股區,新五路二段299號(旁),25.08707,121.44361,26,5,21,1,2026-04-28 14:20:04,5,0
500209029,YouBike2.0_獅子頭山水匯集廣場,五股區,成泰路四段22巷尾公園,25.11171,121.45769,25,0,25,1,2026-04-28 14:22:18,0,0
500209030,YouBike2.0_五股戶政事務所,五股區,新城八路275號(旁),25.09155,121.44561,30,13,17,1,2026-04-28 14:23:02,13,0
500209031,YouBike2.0_五股環保藝術公園(芳洲路),五股區,芳洲路8號(旁),25.08425,121.44308,18,11,7,1,2026-04-28 12:44:03,8,3
500209032,YouBike2.0_成州派出所,五股區,新城五路/疏洪北路口(西北側),25.09155,121.44785,49,4,44,1,2026-04-28 12:18:02,4,0
500210001,YouBike2.0_名利橋,永和區,仁愛路352巷96號(對面廣場),25.00785,121.50099,39,1,38,1,2026-04-28 14:05:03,1,0
500210002,YouBike2.0_保順環河西路口,永和區,保順路53號(對面),25.01135,121.50285,69,4,65,1,2026-04-28 14:18:02,4,0
500210003,YouBike2.0_永平高中,永和區,永平路/永平路203巷口(靠學校圍牆路側),25.00979,121.50909,40,1,39,1,2026-04-28 14:26:03,1,0
500210004,YouBike2.0_仁愛公園,永和區,仁愛路287號(對面),25.00952,121.50542,79,1,78,1,2026-04-28 14:27:02,1,0
500210005,YouBike2.0_永和國小,永和區,中正路426號(對面),25.00227,121.51744,42,11,29,1,2026-04-28 14:22:03,10,1
500210006,YouBike2.0_秀朗國小,永和區,民生路23號(對面),24.99896,121.52278,48,8,35,1,2026-04-28 14:20:04,4,4
500210007,YouBike2.0_永和國民運動中心,永和區,永利路131號(對面人行道),25.00317,121.52407,53,14,39,1,2026-04-28 14:29:04,13,1
500210008,YouBike2.0_福和國中停車場,永和區,永亨路99號(對向人行道),25.00501,121.52267,48,15,32,1,2026-04-28 14:29:04,12,3
500210009,YouBike2.0_福和國中,永和區,永貞路/永亨路(東南側),25.00595,121.52093,63,23,39,1,2026-04-28 14:22:03,18,5
500210010,YouBike2.0_保安永平路口,永和區,保安路260號(對面),25.01233,121.50604,47,2,45,1,2026-04-28 14:29:04,2,0
500210011,YouBike2.0_頂溪國小,永和區,文化路133號(西側),25.01581,121.51126,44,6,37,1,2026-04-28 14:09:03,4,2
500210012,YouBike2.0_保平路214巷,永和區,永和區保平路214巷12弄12號(對面路側),25.00701,121.50921,25,6,19,1,2026-04-28 14:18:02,2,4
500210013,YouBike2.0_環河西路一段95巷口,永和區,環河西路一段/環河西路一段95巷(人行道),25.01783,121.51196,35,3,32,1,2026-04-28 14:28:03,2,1
500210014,YouBike2.0_忠孝活動中心,永和區,忠孝街26巷8號(前),25.01677,121.51528,28,8,20,1,2026-04-28 14:15:03,8,0
500210015,YouBike2.0_秀得里(成功路二段),永和區,成功路二段28號至34號,25.00071,121.52673,28,3,25,1,2026-04-28 14:25:02,2,1
500210016,YouBike2.0_永和國父紀念館,永和區,永和區國光路9號(前人行道),25.00839,121.52023,30,1,29,1,2026-04-28 14:29:04,1,0
500210017,YouBike2.0_永和自由街,永和區,永和區 自由街69號(路側),25.0052,121.51334,32,0,32,1,2026-04-28 14:05:17,0,0
500210018,YouBike2.0_民權社區活動中心,永和區,民權路60號(活動中心後方廣場),24.99778,121.51968,35,8,27,1,2026-04-28 14:29:04,8,0
500210019,YouBike2.0_中正橋,永和區,環河東路一段/光復街口,25.01776,121.51681,40,8,32,1,2026-04-28 14:21:03,8,0
500210020,YouBike2.0_上林里(環河東路一段),永和區,環河東路一段140號,25.015,121.52095,42,0,42,1,2026-04-28 14:02:17,0,0
500210021,YouBike2.0_福和路7巷口,永和區,福和路11號,25.00854,121.52473,35,5,30,1,2026-04-28 14:28:03,5,0
500210022,YouBike2.0_福和橋,永和區,環河東路三段90號,25.00454,121.52785,41,3,38,1,2026-04-28 14:19:02,2,1
500210023,YouBike2.0_雙和橋,永和區,中山路二段3巷2號(對面公園),25.00573,121.50574,39,12,27,1,2026-04-28 14:20:04,10,2
500210024,YouBike2.0_捷運頂溪站(2號出口),永和區,永和路二段,25.01424,121.51549,15,1,11,1,2026-04-28 14:29:19,1,0
500210025,YouBike2.0_永和耕莘醫院,永和區,國光路123號 ( 耕莘醫院外路側汽機車格位 ),25.01123,121.5177,32,2,30,1,2026-04-28 14:24:04,1,1
500210026,YouBike2.0_環河民樂街59巷26弄口,永和區,環河東路四段/民樂街59巷26弄口(西北側),24.99798,121.52844,15,2,13,1,2026-04-28 14:05:03,2,0
500210027,YouBike2.0_仁愛公園(仁愛路),永和區,永平路274號(對面),25.01138,121.50796,15,3,12,1,2026-04-28 14:29:04,3,0
500210028,YouBike2.0_永福橋,永和區,豫溪街217巷29號,25.01003,121.52418,70,1,69,1,2026-04-28 14:29:04,0,1
500210029,YouBike2.0_保平永和路一段口,永和區,永和路一段85號前(北側),25.00746,121.5134,14,1,13,1,2026-04-28 14:28:16,1,0
500210030,YouBike2.0_福和自強街28巷口,永和區,福和路320號(前),25.00725,121.51572,19,5,14,1,2026-04-28 14:27:02,5,0
500210031,YouBike2.0_永和國中(國中路),永和區,國中路156號(對面),25.00674,121.52269,15,3,12,1,2026-04-28 14:23:02,1,2
500210032,YouBike2.0_中正路666巷口,永和區,國光路12巷/中正路666巷(東北側),25.00913,121.51917,10,0,0,0,2025-05-23 18:10:05,0,0
500210033,YouBike2.0_永貞水源街口,永和區,永貞路312號(前),25.00492,121.5117,12,3,9,1,2026-04-28 14:27:02,3,0
500210034,YouBike2.0_永和區公所公有新生市場,永和區,新生路193巷1號(前),25.01402,121.50704,12,0,0,0,2025-07-17 13:34:01,0,0
500210035,YouBike2.0_保安保福路二段口,永和區,保安路75號(前),25.01497,121.5087,14,2,12,1,2026-04-28 14:21:03,2,0
500210036,YouBike2.0_保福保福路二段133巷口,永和區,保福路二段128號(前),25.01422,121.5097,14,2,12,1,2026-04-28 14:18:02,0,2
500210037,YouBike2.0_仁愛信義路口,永和區,仁愛路97號(前),25.01329,121.51269,20,5,15,1,2026-04-28 14:28:03,5,0
500210038,YouBike2.0_永和勵行街口,永和區,永和路二段242號(旁人行道),25.01455,121.51583,10,0,10,1,2026-04-28 14:29:19,0,0
500210039,YouBike2.0_仁愛路306巷18弄口,永和區,仁愛路306巷18弄3號,25.00888,121.50303,13,2,10,1,2026-04-28 14:26:03,2,0
500210040,YouBike2.0_瓦磘截流站,永和區,環河西路二段249號,25.009,121.49972,11,0,11,1,2026-04-28 14:09:20,0,0
500210041,YouBike2.0_永成市民活動中心,永和區,環河西路二段5號,25.0173,121.5101,12,4,8,1,2026-04-28 14:14:04,3,1
500210042,YouBike2.0_秀朗路二段24巷16弄24號,永和區,秀朗路二段24巷16弄24號,25.00239,121.52007,14,6,8,1,2026-04-28 14:26:03,6,0
500210043,YouBike2.0_中正橋(環河西路一段),永和區,環河西路一段/永和路二段425巷(東南側),25.01803,121.51553,24,17,7,1,2026-04-28 14:22:03,16,1
500210044,YouBike2.0_仁愛路40巷口,永和區,仁愛路46號(前),25.01346,121.51416,23,7,10,1,2026-04-28 14:28:03,6,1
500210045,YouBike2.0_捷運頂溪站(復興街1巷),永和區,永和路二段168號(旁),25.0131,121.51544,15,4,11,1,2026-04-28 14:27:02,4,0
500210046,YouBike2.0_捷運頂溪站(中興街),永和區,中興街1號(前),25.01223,121.51526,48,5,20,1,2026-04-28 14:29:04,2,3
500210047,YouBike2.0_頂溪國小地下停車場,永和區,文化路135巷64號(旁),25.01452,121.51057,13,3,10,1,2026-04-28 14:29:04,2,1
500210048,YouBike2.0_中山路一段17巷口,永和區,中山路一段19號(旁),25.01039,121.51375,11,2,9,1,2026-04-28 14:05:03,2,0
500210049,YouBike2.0_中信停車場(中興街),永和區,中興街88號,25.01228,121.51864,17,1,16,1,2026-04-28 14:25:18,1,0
500210050,YouBike2.0_雙和公園,永和區,雙和街37巷4號(旁),25.00229,121.50883,11,5,6,1,2026-04-28 14:15:03,5,0
500210051,YouBike2.0_中正路465巷,永和區,中正路465巷36號(前),25.00587,121.51591,17,1,16,1,2026-04-28 14:27:02,0,1
500210052,YouBike2.0_環河西路二段217巷口,永和區,環河西路二段221號(前),25.01016,121.50109,17,0,17,1,2026-04-28 14:27:18,0,0
500210053,YouBike2.0_保平路268巷,永和區,保平路236巷1弄15號(旁),25.00532,121.50857,13,6,6,1,2026-04-28 14:29:04,6,0
500210054,YouBike2.0_中正路242巷口,永和區,中正路238號(前),24.99816,121.51634,13,2,11,1,2026-04-28 14:25:03,1,1
500210055,YouBike2.0_福和國中(永利路),永和區,永利路72號(對面),25.00432,121.52033,22,5,17,1,2026-04-28 14:23:02,5,0
500211001,YouBike2.0_白沙灣,石門區,下員坑33-6號(停車場),25.28549,121.52209,56,16,40,1,2026-04-28 13:30:03,16,0
500211002,YouBike2.0_富基漁港,石門區,楓林17-10號(對側),25.29301,121.53624,26,4,22,1,2026-04-28 13:48:02,4,0
500211003,YouBike2.0_草里,石門區,阿里荖18-1號(對側),25.28070,121.60759,20,13,7,1,2026-04-28 14:06:03,10,3
500211004,YouBike2.0_石門風箏公園停車場,石門區,石門風箏公園停車場,25.290158,121.54766,25,5,19,1,2026-04-28 14:20:04,4,1
500211005,YouBike2.0_石門婚紗廣場,石門區,崁子脚58-18號(對側),25.28747,121.53101,17,3,14,1,2026-04-28 13:52:03,3,0
500212001,YouBike2.0_烏塗窟聚福宮,石碇區,烏塗里1-1號與碇格路二段口,24.97551,121.6562,15,4,11,1,2026-04-28 06:37:02,2,2
500212002,YouBike2.0_淡蘭吊橋,石碇區,碇坪路一段18號南側(雙溪口第一停車場內),25.0057,121.65159,14,13,1,1,2026-04-28 13:35:03,7,6
500212003,YouBike2.0_石碇,石碇區,碇坪路一段49號(西側),24.99139,121.65891,23,2,21,1,2026-04-28 14:24:04,1,1
500213001,YouBike2.0_菁桐老街,平溪區,菁桐街113號(東側),25.02398,121.72448,27,0,27,1,2026-04-28 14:18:17,0,0
500213002,YouBike2.0_平溪國中,平溪區,靜安路二段295號(東側),25.02348,121.73422,55,15,40,1,2026-04-28 12:47:03,14,1
500213003,YouBike2.0_平溪市民活動中心,平溪區,公園街17號,25.02484,121.73720,20,9,11,1,2026-04-28 14:21:03,7,2
500213004,YouBike2.0_嶺腳車站,平溪區,嶺腳車站(西南側),25.03005,121.74788,30,6,24,1,2026-04-28 14:14:04,6,0
500213005,YouBike2.0_十分遊客中心,平溪區,南山坪136號(南側),25.04711,121.78279,42,5,37,1,2026-04-28 14:26:03,4,1
500214001,YouBike2.0_東勢宜興活動中心,汐止區,東勢街15-1號西南側,25.03881,121.62429,33,9,24,1,2026-04-28 14:29:04,6,3
500214002,YouBike2.0_工建樟樹一路口,汐止區,工建路50號南側,25.06319,121.64112,44,25,19,1,2026-04-28 14:29:04,23,2
500214003,YouBike2.0_樟樹國小,汐止區,樟樹二路137號東側,25.06693,121.64039,50,2,48,1,2026-04-28 14:20:04,0,2
500214004,YouBike2.0_台灣科學園區,汐止區,大同路一段237號,25.05793,121.63496,54,38,16,1,2026-04-28 14:27:02,34,4
500214005,YouBike2.0_雍和科學園區,汐止區,南陽街209號,25.05808,121.62602,33,7,26,1,2026-04-28 14:25:02,5,2
500214006,YouBike2.0_汐科火車站(南),汐止區,大同路二段182號東側,25.06274482486429,121.64684226184235,77,19,56,1,2026-04-28 14:28:03,9,10
500214007,YouBike2.0_原興廣場,汐止區,中興路150巷12號西南側,25.06507,121.63304,49,6,43,1,2026-04-28 14:28:03,3,3
500214008,YouBike2.0_東方科學園區,汐止區,新台五路一段114號,25.06126,121.64951,63,14,48,1,2026-04-28 14:25:02,2,12
500214009,YouBike2.0_汐科火車站(北),汐止區,大同路二段197號南側,25.06426,121.65294,76,42,31,1,2026-04-28 14:25:02,34,8
500214010,YouBike2.0_青山國民中小學,汐止區,莊敬街84-1號南側,25.06103,121.65559,56,2,54,1,2026-04-28 14:21:03,2,0
500214011,YouBike2.0_白雲國小,汐止區,民權街二段90號,25.04758,121.61889,43,4,39,1,2026-04-28 13:54:03,4,0
500214012,YouBike2.0_文化白雲公園,汐止區,水源路二段42號,25.05688,121.65521,76,0,75,1,2026-04-28 14:29:04,0,0
500214013,YouBike2.0_連興龍安路口,汐止區,連興路/龍安路28巷,25.06299,121.65443,70,18,52,1,2026-04-28 14:29:04,14,4
500214014,YouBike2.0_南興公園,汐止區,南興路62號旁(南興公園內),25.05978,121.65255,32,1,31,1,2026-04-28 14:05:03,1,0
500214015,YouBike2.0_民族二街明峰街口,汐止區,明峰街13號(右側路側),25.07105,121.63502,22,8,14,1,2026-04-28 14:11:03,6,2
500214016,YouBike2.0_康福公園,汐止區,福德一路86巷23號(旁),25.06894,121.63748,28,13,15,1,2026-04-28 14:25:02,13,0
500214017,YouBike2.0_汐止火車站,汐止區,南昌街/新昌路口(西側廣場),25.06891,121.66275,56,17,28,1,2026-04-28 14:29:04,7,10
500214018,YouBike2.0_橋東里(忠孝東路),汐止區,忠孝東路484號至488號前,25.07368,121.66626,36,4,30,1,2026-04-28 14:28:03,4,0
500214019,YouBike2.0_崇德橋東活動中心,汐止區,茄苳路84號(崇德橋東里民活動中心前),25.07051,121.667,22,1,21,1,2026-04-28 14:18:02,0,1
500214020,YouBike2.0_世貿國家公園社區,汐止區,長江路101號(對面),25.07289,121.65865,20,2,18,1,2026-04-28 14:28:03,2,0
500214021,YouBike2.0_蘭庭序大廈,汐止區,汐萬路一段201號前,25.07207,121.65207,30,3,27,1,2026-04-28 13:21:03,3,0
500214022,YouBike2.0_國泰綜合醫院,汐止區,建成路78號南側,25.07315,121.66256,44,1,42,1,2026-04-28 14:23:02,0,1
500214023,YouBike2.0_北港國小,汐止區,汐萬路二段279號,25.08903,121.64595,20,6,14,1,2026-04-28 13:29:02,3,3
500214024,YouBike2.0_康寧街307巷,汐止區,明峰街281號東側,25.06809,121.62697,28,3,25,1,2026-04-28 14:01:02,3,0
500214025,YouBike2.0_忠山市民活動中心,汐止區,忠三街8號,25.0782,121.62449,38,14,24,1,2026-04-28 14:25:02,12,2
500214026,YouBike2.0_汐止公園,汐止區,大同路二段447號東側,25.06781,121.65964,10,0,0,0,2025-07-17 13:34:01,0,0
500214027,YouBike2.0_汐止火車站停車場,汐止區,忠孝東路211巷28號,25.06795,121.66168,99,23,51,1,2026-04-28 14:29:04,14,9
500214028,YouBike2.0_崇德國小,汐止區,茄苳路158號,25.06938,121.66979,47,0,46,1,2026-04-28 14:25:18,0,0
500214029,YouBike2.0_保長公園,汐止區,保一街79號西南側,25.07952,121.67434,66,30,36,1,2026-04-28 14:29:04,22,8
500214030,YouBike2.0_長安橋(吉祥街12巷),汐止區,吉祥街8號南側,25.08033,121.66846,43,14,29,1,2026-04-28 14:01:02,11,3
500214031,YouBike2.0_金龍國小,汐止區,中興路282號西側,25.06910,121.62867,29,0,29,1,2026-04-28 13:17:20,0,0
500214032,YouBike2.0_汐止區綜合運動場,汐止區,忠孝東路9號東北側,25.06624,121.65907,34,0,34,0,2025-12-05 00:26:16,0,0
500214033,YouBike2.0_金龍公園,汐止區,康寧街469巷19號東側,25.06947,121.63153,42,2,40,1,2026-04-28 14:26:03,1,1
500214034,YouBike2.0_五堵火車站,汐止區,長安路17號(鄉長路一段),25.07823,121.66764,66,31,35,1,2026-04-28 14:11:03,23,8
500214035,YouBike2.0_汐止區公所,汐止區,新台五路一段262號,25.06416,121.6583,32,2,30,1,2026-04-28 14:02:02,1,1
500214036,YouBike2.0_仁愛路151巷口,汐止區,仁愛路163號,25.0652,121.6641,59,5,51,1,2026-04-28 14:27:02,4,1
500214037,YouBike2.0_福德一路201巷口(福德ONE社區),汐止區,福德一路205號(對面),25.06575,121.6351,37,4,33,1,2026-04-28 14:16:03,3,1
500214038,YouBike2.0_矽谷園區,汐止區,中興路45-1號(旁),25.06227,121.63447,48,11,36,1,2026-04-28 14:15:03,10,1
500214039,YouBike2.0_華城橋（康寧街61巷）,汐止區,康寧街61巷口(堤防邊),25.06833,121.61988,30,8,22,1,2026-04-28 14:02:02,8,0
500214040,YouBike2.0_伯爵山莊第二期(康寧街),汐止區,康寧街749號南側,25.07299,121.6384,15,5,10,1,2026-04-28 12:48:02,5,0
500214041,YouBike2.0_啟德橋(招商街),汐止區,招商街/啟德橋(東南側),25.06786,121.66801,19,3,16,1,2026-04-28 14:27:02,3,0
500214042,YouBike2.0_樟江大橋,汐止區,翠峰街2巷2號西南側,25.07578,121.64481,13,1,12,1,2026-04-28 13:25:21,0,1
500214043,YouBike2.0_秀峰高中(忠孝東路),汐止區,忠孝東路202號北側,25.06635,121.66172,16,2,14,1,2026-04-28 14:24:04,0,2
500214044,YouBike2.0_台練橋,汐止區,和平街46巷26號北側,25.07201,121.66270,14,1,13,1,2026-04-28 14:27:02,1,0
500214045,YouBike2.0_樟樹一山光路口,汐止區,樟樹二路330巷32號東側,25.070296258183784,121.64286319301775,30,3,27,1,2026-04-28 14:07:04,1,2
500214046,YouBike2.0_汐止國民運動中心,汐止區,汐科路321號,25.06538,121.65693,12,2,9,1,2026-04-28 14:27:02,0,2
500214048,YouBike2.0_中興福德三路口,汐止區,中興路177號,25.06641,121.63077,10,5,5,1,2026-04-28 14:20:04,3,2
500214049,YouBike2.0_建成路142巷口,汐止區,建成路142巷5號東側,25.07335,121.66255,53,1,44,1,2026-04-28 14:18:02,1,0
500214050,YouBike2.0_福德二路19巷口,汐止區,福德二路21號北側,25.06841,121.63533,12,3,9,1,2026-04-28 14:14:04,3,0
500214051,YouBike2.0_中興工建路口,汐止區,中興路60號西側,25.06128,121.63535,20,12,7,1,2026-04-28 13:50:03,10,2
500214052,YouBike2.0_長興橋,汐止區,長興街二段2巷1號北側,25.08055,121.67187,15,5,10,1,2026-04-28 14:12:03,4,1
500214053,YouBike2.0_五堵車站(長安路),汐止區,長安路40號,25.07813,121.66821,13,4,9,1,2026-04-28 14:29:04,2,2
500214054,YouBike2.0_大同建成路口,汐止區,忠孝東路455號(西側高架橋下),25.07258,121.66558,30,1,29,1,2026-04-28 14:11:17,1,0
500214055,YouBike2.0_茄苳茄福街口,汐止區,茄苳路296號,25.06723,121.673,15,3,12,1,2026-04-28 13:14:03,0,3
500214056,YouBike2.0_春之霖社區,汐止區,長江街238-2號,25.0794,121.6625,11,6,5,1,2026-04-28 12:35:04,4,2
500214057,YouBike2.0_五堵橋下籃球場,汐止區,鄉長路一段45號東北側,25.07553,121.66558,17,5,12,1,2026-04-28 14:24:04,3,2
500214058,YouBike2.0_建成段平面停車場,汐止區,大同路二段713號東北側,25.07336,121.66542,15,3,12,1,2026-04-28 10:03:04,2,1
500214059,YouBike2.0_汐止國民運動中心游泳池(忠孝東路),汐止區,忠孝東路9號,25.06416,121.65726,12,6,5,1,2026-04-28 14:28:03,5,1
500214060,YouBike2.0_樟樹國小(樟樹一路145巷口),汐止區,樟樹一路258號西側,25.06735,121.64240,20,4,16,1,2026-04-28 14:10:04,3,1
500214062,YouBike2.0_秀峰國小(仁愛路106巷),汐止區,仁愛路106巷32號西側,25.06266,121.66294,16,5,10,1,2026-04-28 14:19:02,4,1
500214063,YouBike2.0_汐止區農會附設老人活動中心,汐止區,汐萬路三段246號,25.09705,121.64241,16,5,11,1,2026-04-28 13:45:04,2,3
500214064,YouBike2.0_長興街二段62號,汐止區,長興街二段62號(前),25.08192,121.67449,13,6,7,1,2026-04-28 13:33:02,5,1
500214065,YouBike2.0_水返腳公園,汐止區,公園路10號(對面),25.06813,121.65901,28,17,10,1,2026-04-28 14:21:03,13,4
500214066,YouBike2.0_大同路三段148號,汐止區,大同路三段148號(前),25.07617,121.67296,19,11,8,1,2026-04-28 13:04:03,10,1
500214067,YouBike2.0_汐萬抽水站,汐止區,汐萬路二段97-1號,25.08270,121.64843,9,4,5,1,2026-04-28 09:56:03,3,1
500214068,YouBike2.0_汐萬康寧街口,汐止區,汐萬路一段312號(對面),25.07479,121.65023,13,3,10,1,2026-04-28 12:20:04,1,2
500214069,YouBike2.0_同興大同路口,汐止區,同興路/大同路一段(西側),25.05981,121.63882,30,0,30,0,2025-10-31 10:07:16,0,0
500214070,YouBike2.0_保長路51巷口,汐止區,保長路69號(對側),25.07840,121.67382,21,1,20,1,2026-04-28 13:47:02,1,0
500214071,YouBike2.0_汐萬路一段343巷,汐止區,汐萬路一段343巷21號(對側),25.07716,121.64971,16,11,5,1,2026-04-28 13:53:02,11,0
500214072,YouBike2.0_濱湖大第(康寧街),汐止區,康寧街706號,25.07225,121.63758,20,4,16,1,2026-04-28 14:04:04,4,0
500214073,YouBike2.0_汐止國小,汐止區,大同路二段285號旁,25.06612,121.65433,18,8,10,1,2026-04-28 14:20:04,5,3
500214074,YouBike2.0_同興工建路口,汐止區,同興路/工建路(東南側),25.06249,121.63682,20,6,14,1,2026-04-28 13:14:03,3,3
500214075,YouBike2.0_水蓮山莊,汐止區,湖前街110巷97弄1號西側,25.07797,121.63010,22,7,15,1,2026-04-28 08:29:02,1,6
500214076,YouBike2.0_江北二橋,汐止區,新江北路30巷口,25.06997,121.65297,32,4,28,1,2026-04-28 14:05:03,4,0
500214077,YouBike2.0_中華街57巷口,汐止區,中華街53號前,25.07148,121.66763,17,4,13,1,2026-04-28 11:18:04,0,4
500214079,YouBike2.0_福德一路392巷41弄口,汐止區,福德一路392巷50號,25.06314,121.62637,20,8,12,1,2026-04-28 11:44:04,3,5
500214080,YouBike2.0_福德一路392巷口,汐止區,福德一路392巷3號東側,25.06098,121.62754,20,18,1,1,2026-04-28 12:53:04,12,6
500214081,YouBike2.0_湖光市民活動中心,汐止區,湖前街2巷9號,25.06849,121.63362,16,5,11,1,2026-04-28 12:31:04,2,3
500214082,YouBike2.0_下街福德宮,汐止區,汐萬路一段37號(北側),25.06807,121.65555,19,6,13,1,2026-04-28 13:43:03,5,1
500215001,YouBike2.0_臺大醫院金山分院,金山區,玉爐路7號(旁),25.21974,121.62916,16,8,8,1,2026-04-28 13:44:02,6,2
500215002,YouBike2.0_中山環金路口,金山區,中山路/環金路口,25.21794,121.6414,30,1,29,1,2026-04-28 12:20:19,1,0
500215003,YouBike2.0_金美國小,金山區,仁愛路37-5號(對面),25.21973,121.63633,20,14,6,1,2026-04-28 13:52:03,14,0
500215004,YouBike2.0_金山八德街,金山區,八德街24號(對面),25.22365,121.63469,24,21,3,1,2026-04-28 12:52:02,19,2
500215005,YouBike2.0_中角灣,金山區,海興路174-1號(旁),25.239,121.63234,28,5,23,1,2026-04-28 12:45:04,5,0
500215006,YouBike2.0_中山溫泉公園,金山區,民生路204號(旁),25.22108,121.64177,30,9,21,1,2026-04-28 14:22:03,9,0
500215007,YouBike2.0_金山立體停車場(中興路),金山區,民生路53號南側,25.22043,121.64169,15,8,7,1,2026-04-28 13:38:02,7,1
500216001,YouBike2.0_捷運林口站(1號出口),林口區,八德路209號旁,25.06599,121.36251,97,70,23,1,2026-04-28 14:26:03,70,0
500216002,YouBike2.0_新林國小,林口區,忠孝三路/文明街口,25.07079,121.3595,29,13,16,1,2026-04-28 14:20:04,11,2
500216003,YouBike2.0_立言公園,林口區,三民路/忠孝一路口,25.07324,121.36281,31,14,17,1,2026-04-28 14:26:03,14,0
500216004,YouBike2.0_南勢市民活動中心,林口區,南勢二街154號,25.07393,121.35914,25,3,22,1,2026-04-28 14:20:04,2,1
500216005,YouBike2.0_立德公園,林口區,仁愛二路/民族路口東北側,25.07639,121.36762,42,13,29,1,2026-04-28 14:22:03,13,0
500216006,YouBike2.0_扶輪公園,林口區,文化二路一段309巷1號(東南側),25.07298,121.36932,48,18,30,1,2026-04-28 14:18:02,17,1
500216007,YouBike2.0_廣停二停車場,林口區,民富街99號對側,25.0755,121.37045,41,3,38,1,2026-04-28 14:22:03,3,0
500216008,YouBike2.0_三井Outlet,林口區,文化二路一段241巷26號(對側),25.07158,121.36629,63,32,29,1,2026-04-28 14:28:03,29,3
500216009,YouBike2.0_新北市林口行政園區,林口區,忠孝二路55號旁,25.07,121.36394,56,15,41,1,2026-04-28 14:26:03,15,0
500216010,YouBike2.0_國立師範大學林口校區,林口區,仁愛路1段2號(校門前自行車停車區),25.06804,121.39795,59,10,49,1,2026-04-28 14:23:02,10,0
500216011,YouBike2.0_林口老街,林口區,林口區中正路115號(東側停車場),25.07715,121.39378,17,6,11,1,2026-04-28 14:22:03,6,0
500216012,YouBike2.0_竹林山觀音寺,林口區,竹林路/竹林路421巷口,25.08452,121.38983,20,11,9,1,2026-04-28 14:19:02,11,0
500216013,YouBike2.0_林口高中,林口區,仁愛路二段173號(對面),25.07384,121.3803,31,15,16,1,2026-04-28 14:27:02,15,0
500216014,YouBike2.0_林口國民運動中心,林口區,文化二路二段299號,25.08601,121.38093,32,15,17,1,2026-04-28 14:17:03,15,0
500216015,YouBike2.0_富貴森林公園,林口區,富貴路85號,25.08296,121.37831,46,8,37,1,2026-04-28 14:04:04,8,0
500216016,YouBike2.0_湖南市民活動中心,林口區,民權路165號,25.08428,121.37432,26,7,18,1,2026-04-28 14:25:02,7,0
500216017,YouBike2.0_頭湖國小,林口區,民權路72號對側,25.08167,121.37268,27,8,19,1,2026-04-28 14:29:04,8,0
500216018,YouBike2.0_民視數位媒體總部,林口區,信義路99號,25.07987,121.37925,30,11,19,1,2026-04-28 14:25:02,9,2
500216019,YouBike2.0_仁愛文化二路口,林口區,仁愛路二段516號,25.07770,121.37354,55,8,47,1,2026-04-28 14:26:03,8,0
500216020,YouBike2.0_林口新創園,林口區,仁愛路二段496號,25.07583,121.37609,40,20,12,1,2026-04-28 14:24:04,19,1
500216021,YouBike2.0_林口郵局,林口區,文化二路一段8號,25.06667,121.36453,25,16,9,1,2026-04-28 14:26:03,16,0
500216022,YouBike2.0_新麗園社區,林口區,麗園一街與麗園路口,25.07005,121.37691,51,6,44,1,2026-04-28 14:27:02,6,0
500216023,YouBike2.0_林口社區運動公園,林口區,文化一路一段/仁愛路二段路口,25.07411,121.37694,30,1,29,1,2026-04-28 14:19:02,1,0
500216024,YouBike2.0_林口社區運動公園(公園路),林口區,公園路192號,25.07447,121.37429,47,20,27,1,2026-04-28 14:12:03,19,1
500216025,YouBike2.0_林口自強公園,林口區,自強三街3號旁人行道,25.0781,121.397,20,6,14,1,2026-04-28 14:28:03,6,0
500216026,YouBike2.0_林口國小,林口區,林口路77號對面林口國小旁人行道,25.0805,121.389,24,4,20,1,2026-04-28 14:03:03,4,0
500216027,YouBike2.0_大崙公園,林口區,南勢二街408號旁,25.0766,121.36,30,9,21,1,2026-04-28 13:56:04,9,0
500216028,YouBike2.0_林口區公所,林口區,仁愛路一段378號,25.07674,121.38818,29,11,18,1,2026-04-28 14:18:02,9,2
500216029,YouBike2.0_崇林國中,林口區,麗園路121號西側,25.06754,121.37134,20,16,4,1,2026-04-28 13:05:04,15,1
500216030,YouBike2.0_林口吉祥公園,林口區,文化三路二段50號(旁公園),25.08027,121.37576,29,3,26,1,2026-04-28 14:29:04,3,0
500216031,YouBike2.0_麗林公有市場,林口區,公園路59號,25.06912,121.36776,28,13,15,1,2026-04-28 14:25:02,11,2
500216032,YouBike2.0_中山佳林路口,林口區,佳林路/中山路口(東南側),25.07923,121.38527,26,19,7,1,2026-04-28 14:14:04,19,0
500216033,YouBike2.0_林口婦幼公園,林口區,文化一路一段146號,25.07231,121.37752,28,2,26,1,2026-04-28 13:59:03,2,0
500216034,YouBike2.0_足夢運動公園,林口區,仁愛路一段/粉寮路一段(南側),25.07562,121.39643,15,5,10,1,2026-04-28 13:57:02,5,0
500216035,YouBike2.0_興林路151巷口,林口區,興林路151巷2號(對面),25.073449376722625,121.38917325443384,25,16,9,1,2026-04-28 14:29:04,15,1
500216036,YouBike2.0_四維文化一路口,林口區,文化一路一段237號(旁),25.07664,121.37982,16,5,10,1,2026-04-28 14:27:02,5,0
500216037,YouBike2.0_林口仁愛公共托育中心,林口區,文化一路一段137號(對面),25.07209,121.37412,18,6,11,1,2026-04-28 13:55:03,6,0
500216038,YouBike2.0_文化一路一段91巷口,林口區,文化一路一段91號(前),25.07048,121.37217,30,16,14,1,2026-04-28 13:57:02,15,1
500216039,YouBike2.0_力行公園,林口區,民族路212號(對面),25.07776,121.36892,16,0,16,1,2026-04-28 14:07:16,0,0
500216040,YouBike2.0_文化三路一段249巷,林口區,文化三路一段249巷36-40號(前),25.07204,121.36309,15,5,9,1,2026-04-28 14:23:02,1,4
500216041,YouBike2.0_井泉公園,林口區,文化北路一段135號(旁),25.06970,121.35665,25,6,19,1,2026-04-28 13:29:02,5,1
500216043,YouBike2.0_築禾樂社區,林口區,中北一街89號(旁),25.08859,121.38552,15,5,10,1,2026-04-28 14:15:03,5,0
500216044,YouBike2.0_八德文化三路口,林口區,八德路350號,25.06597,121.35992,26,15,11,1,2026-04-28 14:16:03,15,0
500216045,YouBike2.0_立功公園,林口區,三民路30號西側,25.06763,121.35858,14,10,4,1,2026-04-28 14:09:03,9,1
500216046,YouBike2.0_林口轉運站,林口區,文化三路一段6號,25.06687,121.36123,99,76,22,1,2026-04-28 14:27:02,76,0
500216047,YouBike2.0_民享中山路口,林口區,民享路95號,25.08203,121.38138,12,10,2,1,2026-04-28 14:22:03,9,1
500216048,YouBike2.0_文化一路一段190巷口,林口區,文化一路一段202號,25.07549,121.37905,10,6,4,1,2026-04-28 14:17:03,6,0
500216049,YouBike2.0_西林簡易籃球場,林口區,四維路176號,25.07511,121.38133,16,9,7,1,2026-04-28 14:06:03,9,0
500216050,YouBike2.0_林口夜市(中山路),林口區,中山路151號,25.07914,121.38689,11,8,3,1,2026-04-28 13:54:03,7,1
500216051,YouBike2.0_林口區停三停車場,林口區,中山路99號,25.0788,121.38918,13,9,4,1,2026-04-28 14:24:04,9,0
500216052,YouBike2.0_東明公園(興林路221巷),林口區,興林路221巷72號北側,25.07195,121.39021,18,5,13,1,2026-04-28 12:39:03,5,0
500216053,YouBike2.0_醒吾科技大學(粉寮路),林口區,粉寮路一段105-6號,25.08048,121.39804,26,6,20,1,2026-04-28 14:11:03,6,0
500216054,YouBike2.0_佳林國中(文化一路),林口區,文化一路二段177號東側,25.08141,121.38353,18,11,7,1,2026-04-28 14:13:02,11,0
500216055,YouBike2.0_林口國民運動中心(文化三路),林口區,文化三路二段315號東側,25.08712,121.37961,20,15,5,1,2026-04-28 14:16:03,15,0
500216056,YouBike2.0_文化三路一段447巷口,林口區,文化三路一段451號(前),25.07464,121.36821,15,8,7,1,2026-04-28 14:29:04,8,0
500216057,YouBike2.0_林口東湖國小,林口區,中正路512號(對面),25.07713,121.38195,15,7,8,1,2026-04-28 14:10:04,6,1
500216058,YouBike2.0_竹林一文化一路口,林口區,竹林一路105-113號(前),25.08565,121.38538,15,8,6,1,2026-04-28 13:44:02,7,1
500216059,YouBike2.0_文化北中華路口,林口區,文化北路二段600號(旁),25.09322,121.37874,19,10,8,1,2026-04-28 14:12:03,9,1
500216060,YouBike2.0_四維文化二路口,林口區,四維路62號(前),25.07899,121.37604,27,5,22,1,2026-04-28 14:25:03,5,0
500216061,YouBike2.0_文化二路一段260巷口,林口區,文化二路一段262-3號(前),25.07366,121.37107,14,13,1,1,2026-04-28 14:10:21,12,1
500216062,YouBike2.0_湖北市民活動中心,林口區,後湖17-6號(前),25.09612,121.38670,10,3,7,1,2026-04-28 13:49:04,2,1
500216063,YouBike2.0_松柏公園,林口區,松柏路35-2號(對面),25.09129,121.37942,10,9,1,1,2026-04-28 14:19:02,9,0
500216064,YouBike2.0_東明一街121巷,林口區,東明三街348號(旁),25.06976,121.39018,20,9,11,1,2026-04-28 10:45:03,9,0
500216065,YouBike2.0_師大林口校區行政大樓,林口區,師大林口校區行政大樓,25.06726,121.40133,18,18,0,1,2026-04-28 14:22:18,15,3
500216066,YouBike2.0_師大林口校區體育館前,林口區,師大林口校區體育館前,25.06703,121.40216,16,1,15,1,2026-04-28 14:22:18,1,0
500216067,YouBike2.0_師大林口校區誠樓前,林口區,師大林口校區誠樓前,25.06929,121.40220,29,16,12,1,2026-04-28 14:27:02,15,1
500216068,YouBike2.0_師大林口校區正樓後,林口區,師大林口校區正樓後,25.06944,121.40330,27,18,9,1,2026-04-28 00:41:02,18,0
500216069,YouBike2.0_宗北公園,林口區,中北二街28號(前),25.08809,121.38380,15,8,7,1,2026-04-28 11:45:05,8,0
500216070,YouBike2.0_文化廣場,林口區,文化三路一段394巷8號(對面),25.07294,121.36629,30,5,25,1,2026-04-28 14:29:04,5,0
500216071,YouBike2.0_文化二路一段68巷口,林口區,文化二路一段60號(前),25.06812,121.36524,21,11,10,1,2026-04-28 14:18:02,11,0
500216072,YouBike2.0_忠福南勢一街口,林口區,忠福路137號(前),25.07744,121.36137,20,6,14,1,2026-04-28 14:23:02,6,0
500216073,YouBike2.0_文林公園,林口區,文林三街45號(對面),25.08711,121.37525,15,3,12,1,2026-04-28 14:16:03,3,0
500216074,YouBike2.0_扶輪公園(忠孝路),林口區,忠孝路/文化二路一段(西北側),25.07239,121.36850,33,12,21,1,2026-04-28 14:20:04,11,1
500216075,YouBike2.0_民族仁愛路口,林口區,仁愛路二段371號(旁),25.07951,121.37068,17,5,12,1,2026-04-28 14:18:02,5,0
500216076,YouBike2.0_信義文化三路口,林口區,文化三路二段175號(旁),25.08214,121.37541,24,5,17,1,2026-04-28 14:29:04,5,0
500216077,YouBike2.0_樂活公園,林口區,忠孝路594巷13號(對面),25.06705,121.37612,14,2,11,1,2026-04-28 10:04:02,1,1
500216078,YouBike2.0_林口高中(四維路),林口區,四維路/仁愛路二段(西南側),25.07386,121.38159,23,7,15,1,2026-04-28 14:29:04,7,0
500216079,YouBike2.0_八德路500巷,林口區,八德路500巷15號(旁),25.06715,121.35626,20,7,13,1,2026-04-28 14:14:04,7,0
500216080,YouBike2.0_南勢六街81巷口,林口區,南勢六街79號(對面),25.07255,121.35475,15,8,6,1,2026-04-28 13:56:04,8,0
500216081,YouBike2.0_湖子和福宮,林口區,湖子1鄰7-9號(對面),25.09260,121.38847,15,6,8,1,2026-04-28 12:33:02,6,0
500216082,YouBike2.0_文化北路一段412巷口,林口區,文化北路一段422號(前),25.07659,121.36492,27,11,16,1,2026-04-28 13:54:04,11,0
500216083,YouBike2.0_國家檔案館,林口區,檔案館路1號,25.07353,121.37472,17,4,7,1,2026-04-28 14:28:03,4,0
500216084,YouBike2.0_國家檔案館(文化一路),林口區,文化一路一段/麗園一街口(北側),25.07285,121.37527,25,5,20,1,2026-04-28 14:27:02,5,0
500216085,YouBike2.0_文化三四維路口,林口區,文化三路二段48號(前),25.07979,121.37414,29,3,23,1,2026-04-28 14:26:03,2,1
500216086,YouBike2.0_文化北忠孝一路口,林口區,文化北路一段303號(前),25.07376,121.36119,18,9,9,1,2026-04-28 14:25:03,9,0
500216087,YouBike2.0_中山文化二路口,林口區,中山路498號,25.08288,121.37942,17,4,13,1,2026-04-28 14:29:04,4,0
500216088,YouBike2.0_樂活公園(文化一路),林口區,文化一路一段20號(南側公園),25.06722,121.36922,26,4,22,1,2026-04-28 08:05:03,4,0
500216089,YouBike2.0_文化一麗園路2巷口,林口區,文化一路一段122號(前),25.07222,121.37494,18,8,10,1,2026-04-28 14:16:03,8,0
500216090,YouBike2.0_忠孝二文化二路口,林口區,文化二路一段66號西側,25.06913,121.36541,23,14,9,1,2026-04-28 14:25:03,13,1
500216091,YouBike2.0_忠孝公園路口,林口區,忠孝路/公園路(北側),25.07120,121.36982,16,4,11,1,2026-04-28 14:02:02,4,0
500216092,YouBike2.0_南勢國中,林口區,南勢街192巷/文化北路一段口,25.07486,121.36232,24,13,11,1,2026-04-28 12:48:02,13,0
500216093,YouBike2.0_文化三路一段203號前,林口區,文化三路一段203號(前),25.07039,121.36246,27,8,19,1,2026-04-28 14:28:03,8,0
500216094,YouBike2.0_林口廣停一停車場,林口區,文化二路一段413號北側,25.07534,121.37220,18,1,17,1,2026-04-28 14:27:02,1,0
500216095,YouBike2.0_民族忠孝路口,林口區,忠孝路38號,25.07484,121.36496,14,3,11,1,2026-04-28 13:52:03,3,0
500217001,YouBike2.0_水柳腳立體停車場,坪林區,水柳腳34-1號(停車場內),24.93555,121.71021,23,13,10,1,2026-04-28 12:27:03,13,0
500217002,YouBike2.0_坪林茶業博物館,坪林區,水聳淒坑19-1號,24.93475,121.71254,20,8,12,1,2026-04-28 13:48:02,1,7
500217003,YouBike2.0_坪林旅遊服務中心,坪林區,北宜路八段95號,24.93522,121.70528,22,2,20,1,2026-04-28 14:02:02,1,1
500217004,YouBike2.0_國中碇坪路二段口,坪林區,國中路2號(旁),24.93666,121.71259,19,5,14,1,2026-04-28 06:01:16,5,0
500218001,YouBike2.0_新北市政府(新府路),板橋區,新北市政府(新府路側),25.01245,121.4642,68,36,14,1,2026-04-28 14:27:02,25,11
500218002,YouBike2.0_新北市政府(新站路),板橋區,新北市政府(新站路側),25.01252,121.46653,74,49,25,1,2026-04-28 14:28:03,45,4
500218004,YouBike2.0_板林溪北路口,板橋區,溪北路2號旁人行道,24.99057,121.42636,57,27,30,1,2026-04-28 14:17:03,27,0
500218005,YouBike2.0_捷運亞東醫院站(2號出口),板橋區,南雅南路二段21號前方人行道,24.99763,121.45220,52,3,49,1,2026-04-28 14:27:02,2,1
500218006,YouBike2.0_四川遠東路口,板橋區,四川路一段與遠東路口西南側,24.99856,121.45759,60,17,42,1,2026-04-28 13:58:04,17,0
500218007,YouBike2.0_環河公園,板橋區,南雅西路二段301巷41弄(停車場旁),25.01666,121.45064,44,13,31,1,2026-04-28 14:29:04,10,3
500218008,YouBike2.0_中華電信學院,板橋區,民族路168號(前),25.00801,121.46684,9,2,6,1,2026-04-28 14:23:02,1,1
500218009,YouBike2.0_漢生東路193巷口,板橋區,漢生東路193巷27號(對面),25.01225,121.47128,19,1,18,1,2026-04-28 13:43:02,1,0
500218010,YouBike2.0_溪洲公園停車場,板橋區,滿平街84巷公有停車場內,24.98698,121.42686,40,18,22,1,2026-04-28 14:21:03,17,1
500218011,YouBike2.0_華德公園,板橋區,四川路二段245巷60號對側,24.99195,121.45279,58,2,56,1,2026-04-28 14:26:03,2,0
500218012,YouBike2.0_湳雅觀光夜市(津渡橋),板橋區,南雅西路一段63巷4號前,25.0079,121.45231,56,1,55,1,2026-04-28 14:26:03,0,1
500218013,YouBike2.0_忠孝國中,板橋區,成都街45號對側,25.00488,121.46129,66,2,64,1,2026-04-28 14:29:04,2,0
500218014,YouBike2.0_南雅公園,板橋區,南雅南路二段1-1號(旁),25.00376,121.45526,45,3,42,1,2026-04-28 14:29:04,2,1
500218015,YouBike2.0_浮洲合宜住宅(合安一合宜路口),板橋區,合宜路/合安一路(東南側機車停車場),24.99849,121.44863,58,5,53,1,2026-04-28 13:47:02,5,0
500218016,YouBike2.0_板橋信義公園,板橋區,四川路1號旁人行道,24.99625,121.45622,55,5,50,1,2026-04-28 14:29:04,5,0
500218017,YouBike2.0_板橋仁愛公園,板橋區,國慶路49巷7號對側,24.99601,121.45971,51,4,46,1,2026-04-28 14:27:02,3,1
500218018,YouBike2.0_捷運板新站,板橋區,板新路117巷7號(後方廣場),25.01409,121.47124,96,1,95,1,2026-04-28 14:27:18,1,0
500218019,YouBike2.0_捷運新埔民生站,板橋區,民生路三段70號對面停車場內,25.02598,121.46657,40,12,28,1,2026-04-28 14:18:02,10,2
500218020,YouBike2.0_捷運新埔站(5號出口),板橋區,文化路二段/民生路三段口,25.0235,121.46808,79,49,29,1,2026-04-28 14:29:04,48,1
500218021,YouBike2.0_捷運新埔站(1號出口),板橋區,民生路三段11號(前),25.0235,121.46745,99,70,29,1,2026-04-28 14:29:04,63,7
500218022,YouBike2.0_埤墘公園,板橋區,萬板路108號(前公園路側),25.02332,121.47422,37,4,33,1,2026-04-28 14:24:04,4,0
500218023,YouBike2.0_健華新城社區,板橋區,文化路一段309-6號(前),25.01927,121.46530,72,53,17,1,2026-04-28 14:28:03,49,4
500218024,YouBike2.0_信義公園市民活動中心,板橋區,信義路150巷51號對側,24.99181,121.45713,49,1,48,1,2026-04-28 14:23:17,1,0
500218025,YouBike2.0_板橋和平公園,板橋區,重慶路355號外側人行道,24.99766,121.46427,54,2,52,1,2026-04-28 14:23:02,1,1
500218026,YouBike2.0_民生公園,板橋區,民生路一段32號旁,25.01368,121.47542,50,20,30,1,2026-04-28 14:29:04,19,1
500218027,YouBike2.0_光復高中,板橋區,光環路一段與長壽街口西南側,25.01735,121.48258,37,22,13,1,2026-04-28 14:23:02,22,0
500218028,YouBike2.0_永安公園,板橋區,雙十路一段25號前,25.02418,121.47776,64,2,62,1,2026-04-28 14:26:03,1,1
500218029,YouBike2.0_莊敬公園,板橋區,萬板路與民生路二段口東南側,25.02062,121.47025,50,3,46,1,2026-04-28 14:21:03,3,0
500218030,YouBike2.0_板橋地政事務所,板橋區,實踐路1號對側,25.00841,121.46333,61,4,56,1,2026-04-28 14:29:04,4,0
500218031,YouBike2.0_四川忠孝路口,板橋區,四川路一段244號(對面),25.00149,121.45924,39,11,28,1,2026-04-28 14:23:02,11,0
500218032,YouBike2.0_板橋真武廟,板橋區,光復街202巷6-1號(前),25.02046,121.48594,20,10,10,1,2026-04-28 11:51:03,8,2
500218033,YouBike2.0_莒光國小,板橋區,雙十路2段47巷8弄6號(對面),25.02565,121.47465,37,6,31,1,2026-04-28 14:26:03,4,2
500218034,YouBike2.0_環河西大漢街口,板橋區,環河西路四段/大漢街(西南側),25.03183,121.46120,46,14,31,1,2026-04-28 14:05:03,14,0
500218035,YouBike2.0_浮洲合宜住宅(合安一路),板橋區,大觀路二段179巷33號(對側),24.99946,121.4465,34,3,31,1,2026-04-28 14:20:04,2,1
500218036,YouBike2.0_新北市立圖書館總館,板橋區,貴興路139號(東側),25.00147,121.45569,53,40,12,1,2026-04-28 14:28:03,37,3
500218037,YouBike2.0_板橋福德公園,板橋區,新站路1號對側,25.01156,121.46734,47,18,29,1,2026-04-28 14:27:02,17,1
500218038,YouBike2.0_板橋第一運動場,板橋區,板橋第一體育場南門,25.00914,121.46799,46,5,41,1,2026-04-28 14:29:04,5,0
500218039,YouBike2.0_溪北公園,板橋區,篤行路二段131巷37號對側,24.98999,121.43224,42,2,25,1,2026-04-28 14:07:04,2,0
500218040,YouBike2.0_崑崙活力廣場,板橋區,大觀路三段133巷1號對側,24.99402,121.43294,52,2,49,1,2026-04-28 14:14:04,1,1
500218041,YouBike2.0_浮洲火車站,板橋區,僑中二街156號,25.0041,121.44425,76,4,72,1,2026-04-28 14:29:04,4,0
500218042,YouBike2.0_馥華公園,板橋區,僑中二街118號對側,25.00607,121.44564,53,4,49,1,2026-04-28 14:22:03,4,0
500218043,YouBike2.0_捷運新埔站(2號出口),板橋區,文化路一段/民生路二段口南側,25.02237,121.46779,60,28,31,1,2026-04-28 14:18:02,24,4
500218044,YouBike2.0_捷運新埔站(4號出口),板橋區,文化路一段360號前,25.02341,121.46857,70,13,57,1,2026-04-28 14:24:04,8,5
500218045,YouBike2.0_捷運板橋站(3號出口),板橋區,文化路一段/新府路口東側,25.01452,121.46179,89,71,18,1,2026-04-28 14:24:04,67,4
500218046,YouBike2.0_捷運板橋站(1號出口),板橋區,捷運板橋站(1號出口)外側,25.01335,121.46202,86,33,51,1,2026-04-28 14:29:04,29,4
500218047,YouBike2.0_時光公園,板橋區,時光公園西南側,25.03622,121.47948,20,3,17,1,2026-04-28 12:53:04,2,1
500218048,YouBike2.0_江翠國小,板橋區,文化路二段413號前,25.03236,121.47431,43,38,5,1,2026-04-28 14:19:02,37,1
500218049,YouBike2.0_仁化文新路口,板橋區,仁化街/文新路口東北側,25.03486,121.47928,36,2,34,1,2026-04-28 14:24:04,2,0
500218050,YouBike2.0_板橋果菜批發市場,板橋區,板城路/香社一路(東北側),25.02113,121.45004,26,7,19,1,2026-04-28 14:28:03,6,1
500218051,YouBike2.0_音樂公園,板橋區,大同街97號對側,25.02856,121.48039,57,2,55,1,2026-04-28 14:29:04,1,1
500218052,YouBike2.0_捷運江子翠站(3號出口),板橋區,文化路二段288號前,25.02933,121.47195,60,31,26,1,2026-04-28 14:29:04,26,5
500218053,YouBike2.0_新北市藝文中心,板橋區,莊敬路62號前,25.02620,121.47251,54,13,41,1,2026-04-28 14:29:04,12,1
500218054,YouBike2.0_民生長江路口,板橋區,民生路三段/長江路一段口東北側,25.03134,121.46346,99,14,85,1,2026-04-28 14:27:02,12,2
500218055,YouBike2.0_板橋國中,板橋區,中正路437號前,25.02499,121.45437,62,1,61,1,2026-04-28 14:13:02,1,0
500218056,YouBike2.0_大觀路二段19巷,板橋區,大觀路二段19巷115號(旁),25.00256,121.45079,29,1,27,1,2026-04-28 14:28:16,1,0
500218057,YouBike2.0_永翠藝文街口(大禾社區),板橋區,永翠路350-352號(前方),25.01801,121.45029,44,0,44,1,2026-04-28 14:02:17,0,0
500218058,YouBike2.0_永翠藝文街口(柏克萊公園社區),板橋區,永翠路342-348號(前方),25.01811,121.45066,45,2,43,1,2026-04-28 14:28:03,2,0
500218059,YouBike2.0_藝文二永翠路口(青峰社區),板橋區,藝文二街永翠路口(西南側人行道),25.02142,121.45221,39,2,37,1,2026-04-28 13:59:03,2,0
500218060,YouBike2.0_華江一華江五路口(雙江翠社區),板橋區,華江一路/華江五路口(西北側),25.03485,121.47253,46,2,42,1,2026-04-28 14:28:03,2,0
500218061,YouBike2.0_文化路二段182巷1弄,板橋區,文化路二段182巷3弄95號(對面),25.02926,121.47241,49,30,19,1,2026-04-28 14:22:03,21,9
500218062,YouBike2.0_中正新月二街口(富江翠社區),板橋區,中正路/新月二街口(西南側人行道),25.02586,121.45437,40,11,29,1,2026-04-28 13:49:04,11,0
500218063,YouBike2.0_浮洲合宜住宅(樂群路),板橋區,板橋區合宜路/樂群路口,24.99702,121.44642,48,1,47,1,2026-04-28 14:27:02,0,1
500218064,YouBike2.0_三抱竹,板橋區,大觀路二段162號(對面橋下機車格),24.99864,121.44139,34,4,30,1,2026-04-28 14:01:02,4,0
500218065,YouBike2.0_廣福公園,板橋區,廣權路/廣和街,24.991643,121.462872,30,4,26,1,2026-04-28 14:29:04,4,0
500218066,YouBike2.0_潤泰社區,板橋區,三民路二段35巷口,25.01795,121.47938,35,19,15,1,2026-04-28 14:24:04,18,1
500218067,YouBike2.0_永豐公園活動中心,板橋區,永豐街221號,25.02113,121.47685,32,0,32,1,2026-04-28 14:23:17,0,0
500218068,YouBike2.0_板橋中山公園,板橋區,莊敬路134號(對面),25.02336,121.47109,34,8,26,1,2026-04-28 14:17:03,7,1
500218069,YouBike2.0_浮洲合宜住宅(合宜一路),板橋區,大觀路二段265巷/合宜一路(東南側),24.99652,121.44276,57,2,55,1,2026-04-28 14:22:03,2,0
500218070,YouBike2.0_崑崙公園,板橋區,大觀路三段212巷70號對面,24.99341,121.42964,32,6,26,1,2026-04-28 14:19:02,6,0
500218071,YouBike2.0_中山國中,板橋區,文化路一段188巷56號,25.01856,121.46751,34,12,22,1,2026-04-28 14:25:02,12,0
500218072,YouBike2.0_振義里公園,板橋區,板橋區萬安街55號(對面機車停車格),25.02389,121.48397,30,5,25,1,2026-04-28 13:37:04,4,1
500218073,YouBike2.0_民生中山路口,板橋區,民生路二段8-1號(前),25.01606,121.47346,29,2,25,1,2026-04-28 14:23:02,2,0
500218074,YouBike2.0_重慶國小,板橋區,廣和街35號(對面),24.99373,121.46253,41,6,35,1,2026-04-28 14:27:02,6,0
500218075,YouBike2.0_新北市藝文中心(文化路二段124巷),板橋區,文化路二段124巷32號(對面),25.02563,121.4714,37,0,37,1,2026-04-28 14:26:19,0,0
500218076,YouBike2.0_板橋國民運動中心,板橋區,英士路/智樂路,25.02224,121.45815,42,5,37,1,2026-04-28 14:28:03,2,3
500218077,YouBike2.0_臺灣藝術大學,板橋區,大觀路一段51號(郵局旁邊),25.0075,121.448,65,31,25,1,2026-04-28 14:28:03,23,8
500218078,YouBike2.0_林本源園邸,板橋區,文昌街24巷1號(對面),25.01086,121.45598,40,7,33,1,2026-04-28 14:29:04,6,1
500218079,YouBike2.0_埔墘國小,板橋區,新北市板橋區永豐街44號,25.01908,121.47372,34,3,31,1,2026-04-28 14:28:03,2,1
500218080,YouBike2.0_石雕公園,板橋區,吳鳳路50巷36號(旁),25.03026,121.46947,34,16,17,1,2026-04-28 14:22:03,13,3
500218081,YouBike2.0_萬板文聖街口,板橋區,文聖街/萬板路口北側,25.02638,121.47973,54,0,54,1,2026-04-28 14:28:16,0,0
500218082,YouBike2.0_光復國小,板橋區,光環路二段70號對側,25.01501,121.48169,38,7,31,1,2026-04-28 14:22:03,7,0
500218083,YouBike2.0_大觀國中,板橋區,僑中一街1號,25.01076,121.44698,99,4,95,1,2026-04-28 14:27:02,4,0
500218084,YouBike2.0_捷運府中站(1號出口),板橋區,捷運府中站(1號出口)外側,25.00821,121.45904,91,58,33,1,2026-04-28 14:29:04,55,3
500218085,YouBike2.0_文德國小(公館街),板橋區,公館街/金華街85巷口,25.02145,121.45923,52,0,52,1,2026-04-28 14:23:17,0,0
500218086,YouBike2.0_板橋四維公園,板橋區,陽明街239號對側,25.02452,121.46319,67,3,64,1,2026-04-28 14:29:04,3,0
500218087,YouBike2.0_四維公園地下停車場,板橋區,四維路177巷3弄7號對側,25.02569,121.46392,93,4,89,1,2026-04-28 14:29:04,3,1
500218088,YouBike2.0_縣民漢生東路口,板橋區,縣民大道二段112號(前),25.01578,121.46779,71,7,64,1,2026-04-28 14:25:02,5,2
500218089,YouBike2.0_江翠國中,板橋區,松江街與文化路二段225巷口,25.02858,121.46848,36,18,18,1,2026-04-28 14:17:03,17,1
500218090,YouBike2.0_溪頭公園,板橋區,溪頭街與宏國路77巷口北側,25.03312,121.46852,58,0,58,1,2026-04-28 14:22:18,0,0
500218091,YouBike2.0_華江一華江九路口,板橋區,華江一路與華江九路口東南側,25.033,121.46681,55,0,55,0,2026-04-01 07:40:03,0,0
500218092,YouBike2.0_新海長江路口,板橋區,新海路440號對側,25.02788,121.45779,61,7,51,1,2026-04-28 14:26:03,6,1
500218093,YouBike2.0_板橋戶政事務所,板橋區,中正路8號旁,25.01309,121.45646,44,3,41,1,2026-04-28 14:25:02,2,1
500218094,YouBike2.0_板橋第二運動場(皇翔建設),板橋區,民權路220號對面人行道(西側),25.01387,121.45897,32,6,26,1,2026-04-28 14:28:03,6,0
500218095,YouBike2.0_聯合醫院板橋院區,板橋區,龍泉街139號對側,25.02406,121.45789,52,5,47,1,2026-04-28 14:25:02,5,0
500218096,YouBike2.0_板橋車站,板橋區,新站路/站前路口(十字路口西側),25.015519,121.463735,95,81,13,1,2026-04-28 14:27:02,75,6
500218097,YouBike2.0_捷運府中站(3號出口),板橋區,府中路31號至53號對面,25.009,121.459,69,64,2,1,2026-04-28 14:28:16,62,2
500218098,YouBike2.0_縣民民族路口,板橋區,縣民大道一段/民族路,25.01,121.461,49,5,44,1,2026-04-28 14:27:02,2,3
500218099,YouBike2.0_國光里(國光路),板橋區,國光路76號旁,25.0178,121.45847,43,6,37,1,2026-04-28 14:08:02,6,0
500218100,YouBike2.0_國光公園,板橋區,中正路325巷/中正路341巷,25.0198,121.454,42,9,33,1,2026-04-28 14:22:03,8,1
500218102,YouBike2.0_西安市民活動中心,板橋區,民生路二段56-2號西側,25.01712,121.47188,27,6,21,1,2026-04-28 14:28:03,5,1
500218103,YouBike2.0_板橋重慶公園,板橋區,重慶路276號(對面),25.0001,121.463,38,4,33,1,2026-04-28 14:29:04,4,0
500218104,YouBike2.0_華江一華江六路口(仰真社區),板橋區,華江一路379號(旁),25.034,121.47,38,3,35,1,2026-04-28 14:27:02,3,0
500218105,YouBike2.0_環河西新月一街口(新月天地社區),板橋區,環河西路一段/新月一街口,25.0267,121.453,38,2,36,1,2026-04-28 14:27:02,1,1
500218106,YouBike2.0_藝文藝文二街口(大悅社區),板橋區,藝文街/藝文二街口(東南側人行道),25.021765,121.45157,38,6,31,1,2026-04-28 14:28:03,6,0
500218107,YouBike2.0_香社一藝文街口(歡喜市社區),板橋區,香社一路/藝文街(東北側),25.0208,121.451,40,7,33,1,2026-04-28 13:41:02,6,1
500218108,YouBike2.0_華江九華江一路口(匯翠社區),板橋區,華江九華江一路口(西北角),25.033,121.466,40,5,35,1,2026-04-28 14:28:03,5,0
500218109,YouBike2.0_國泰街111巷口,板橋區,實踐路93巷43弄15號東側,25.00609,121.46617,43,2,40,1,2026-04-28 14:26:03,1,1
500218110,YouBike2.0_新崑公園,板橋區,新崑路/豐盛一街(東南側),24.99968,121.43249,30,20,10,1,2026-04-28 13:23:03,18,2
500218111,YouBike2.0_大明街20巷19弄口,板橋區,貴興路59號(對面),25.00306,121.45714,43,1,42,1,2026-04-28 14:20:04,0,1
500218112,YouBike2.0_港嘴活動中心,板橋區,縣民大道三段245巷1號(前),25.02578,121.4814,20,2,18,1,2026-04-28 13:38:02,2,0
500218113,YouBike2.0_三民翠華街口,板橋區,三民路一段31巷/翠華街口(東南側),25.02317,121.48024,10,1,9,1,2026-04-28 14:28:16,0,1
500218114,YouBike2.0_夢奇地公園(文化路一段),板橋區,文化路一段217號(對面),25.017,121.4638,45,5,40,1,2026-04-28 14:27:02,5,0
500218115,YouBike2.0_海山高中,板橋區,漢生東路215號,25.00911,121.47149,80,2,78,1,2026-04-28 14:28:03,1,1
500218116,YouBike2.0_雙十萬板路口,板橋區,雙十路二段4號東南側,25.02538,121.47718,26,3,23,1,2026-04-28 14:28:03,0,3
500218117,YouBike2.0_板新中山路一段口,板橋區,中山路一段315號(北側),25.01491,121.47161,15,2,13,1,2026-04-28 14:29:04,2,0
500218118,YouBike2.0_新民民族路口,板橋區,新民街/民族路口(西北側),25.0094,121.4638,20,2,18,1,2026-04-28 14:29:04,2,0
500218119,YouBike2.0_新月二綠堤街口,板橋區,新月二街/綠堤街(西南側),25.02627,121.45526,21,4,16,1,2026-04-28 14:20:04,2,2
500218120,YouBike2.0_華江一華江二路口(江匯Life社區),板橋區,華江一路/華江二路,25.03588,121.47656,40,2,38,1,2026-04-28 14:27:02,1,1
500218121,YouBike2.0_信義路163巷口,板橋區,信義路157號(前),24.99271,121.45848,17,3,14,1,2026-04-28 14:21:03,1,2
500218122,YouBike2.0_中正路145巷口,板橋區,中正路147號(前),25.01587,121.45660,18,12,6,1,2026-04-28 14:28:03,9,3
500218123,YouBike2.0_黃石中繼市場,板橋區,公館街1號(旁),25.0125,121.45699,20,5,15,1,2026-04-28 14:09:03,5,0
500218124,YouBike2.0_信義和平路口,板橋區,信義路83號(前),24.99455,121.45721,15,1,14,1,2026-04-28 14:13:02,1,0
500218126,YouBike2.0_新府區運路口,板橋區,新府路2-1號(對面),25.01016,121.46546,30,13,16,1,2026-04-28 14:28:03,13,0
500218127,YouBike2.0_海山高中(漢生東路),板橋區,漢生東路215號(旁),25.01067,121.47048,40,23,17,1,2026-04-28 13:58:04,21,2
500218128,YouBike2.0_後埔國小,板橋區,實踐路179號對面,25.00339,121.4643,12,1,11,1,2026-04-28 14:26:03,1,0
500218129,YouBike2.0_民生路二段/文化路一段286巷口,板橋區,民生路二段229號(斜前方),25.02132,121.46885,13,8,5,1,2026-04-28 14:25:02,8,0
500218130,YouBike2.0_文化路一段212巷口,板橋區,文化路一段208號(前),25.02021,121.46639,20,9,11,1,2026-04-28 14:23:02,9,0
500218131,YouBike2.0_稚匯公園(華江三路),板橋區,華江三路302號南側,25.03562,121.47255,19,1,18,1,2026-04-28 14:12:03,1,0
500218132,YouBike2.0_松柏街15巷口,板橋區,松柏街12號,25.0296,121.4742,20,13,7,1,2026-04-28 14:17:03,12,1
500218133,YouBike2.0_捷運江子翠站(6號出口),板橋區,文化路二段367號,25.03106,121.47314,22,21,1,1,2026-04-28 14:29:04,20,1
500218134,YouBike2.0_捷運江子翠站(1號出口),板橋區,雙十路三段12號,25.03043,121.47162,13,5,8,1,2026-04-28 14:28:03,4,1
500218135,YouBike2.0_捷運江子翠站(2號出口),板橋區,文化路二段315號,25.02999,121.472,26,11,15,1,2026-04-28 14:28:03,7,4
500218136,YouBike2.0_捷運江子翠站(4號出口),板橋區,雙十路二段164號,25.02946,121.47307,11,4,7,1,2026-04-28 14:29:04,4,0
500218137,YouBike2.0_新北市政府板橋分局沙崙派出所,板橋區,溪北路111號,24.98842,121.43032,16,1,15,1,2026-04-28 14:29:19,1,0
500218138,YouBike2.0_僑中二街92巷口,板橋區,僑中二街94號(對面),25.00879,121.44632,21,1,20,1,2026-04-28 13:44:16,1,0
500218139,YouBike2.0_浮洲運動公園,板橋區,浮洲運動公園東南側,25.01419,121.44980,14,5,9,1,2026-04-28 13:16:03,4,1
500218140,YouBike2.0_大觀路二段265巷3弄口,板橋區,大觀路二段265巷/大觀路二段265巷3弄,24.99828,121.44286,10,0,10,1,2026-04-28 14:05:17,0,0
500218141,YouBike2.0_縣民漢生東路口(西北側),板橋區,縣民大道二段/漢生東路(西北側),25.01531,121.46624,36,9,27,1,2026-04-28 14:27:02,7,2
500218142,YouBike2.0_湳仔溝抽水站,板橋區,環河西路五段/香社一路,25.02184,121.44828,15,9,6,1,2026-04-28 14:01:03,9,0
500218143,YouBike2.0_文丘公園,板橋區,環河西路五段/藝文一街,25.02365,121.44966,15,6,8,1,2026-04-28 09:24:04,6,0
500218144,YouBike2.0_板樹體育館,板橋區,溪城路121號對面,24.9822,121.42758,15,1,14,1,2026-04-28 14:10:04,1,0
500218145,YouBike2.0_三民永豐街口,板橋區,三民路一段120號(前),25.02104,121.47917,13,11,2,1,2026-04-28 14:28:03,10,1
500218146,YouBike2.0_溪城金門街口,板橋區,溪城路85號前,24.98356,121.4269,16,1,15,1,2026-04-28 14:25:18,1,0
500218148,YouBike2.0_縣民民生路口,板橋區,民生路二段119號(前),25.01836,121.47072,13,3,10,1,2026-04-28 14:21:03,2,1
500218149,YouBike2.0_縣民觀光街口,板橋區,縣民大道二段/觀光街(西南側),25.01702,121.4692,24,5,19,1,2026-04-28 14:27:02,3,2
500218150,YouBike2.0_長安街251巷,板橋區,長安街251巷18號(對面),25.01063,121.47236,16,2,14,1,2026-04-28 14:18:02,2,0
500218151,YouBike2.0_府中立體停車場,板橋區,西門街59號(旁),25.00979,121.45436,15,2,13,1,2026-04-28 14:26:03,2,0
500218152,YouBike2.0_力行新村,板橋區,大觀路二段247號,24.99917,121.44347,12,1,11,1,2026-04-28 14:27:02,0,1
500218153,YouBike2.0_中山路二段416巷38弄口,板橋區,中山路二段326號西南側,25.01936,121.48153,14,3,11,1,2026-04-28 13:43:02,3,0
500218154,YouBike2.0_板橋車站(新站路),板橋區,新站路/站前路(東南側),25.01529,121.46438,28,4,24,1,2026-04-28 14:27:02,4,0
500218155,YouBike2.0_板橋435藝文特區,板橋區,中正路433巷/藝文街(東南側),25.02396,121.45269,18,9,9,1,2026-04-28 13:53:02,9,0
500218156,YouBike2.0_湳仔二橋,板橋區,板城路267號對側橋下廣場,25.00118,121.45192,15,2,13,1,2026-04-28 13:19:02,2,0
500218157,YouBike2.0_玫瑰公園,板橋區,中正路360巷49號對面(玫瑰公園側),25.02373,121.45544,14,2,12,1,2026-04-28 14:21:03,1,1
500218158,YouBike2.0_萬板高架橋下停車場,板橋區,萬板路/縣民大道三段247巷(高架橋下停車場),25.02729,121.48183,20,2,18,1,2026-04-28 14:25:03,2,0
500218159,YouBike2.0_新海抽水站停車場,板橋區,中正路511號(旁),25.02776,121.45537,13,2,11,1,2026-04-28 13:20:04,2,0
500218160,YouBike2.0_縣民大道三段270巷口,板橋區,縣民大道三段270巷6號(對面),25.02323,121.47835,11,2,9,1,2026-04-28 14:29:04,1,1
500218161,YouBike2.0_八德公園,板橋區,莒光路171巷3弄/萬板路(東北側),25.02378,121.47482,14,2,12,1,2026-04-28 13:40:03,1,1
500218162,YouBike2.0_華江公園,板橋區,民生路二段120號(南側),25.01946,121.47099,12,4,8,1,2026-04-28 14:29:04,4,0
500218163,YouBike2.0_湳雅夜市停車場,板橋區,南雅西路一段76號(對面),25.00557,121.45345,10,0,10,1,2026-04-28 14:22:18,0,0
500218164,YouBike2.0_聖若望平面停車場,板橋區,南雅西路二段123巷1號西側,25.01068,121.45188,15,2,13,1,2026-04-28 14:29:04,2,0
500218165,YouBike2.0_中山路二段90巷,板橋區,中山路二段90巷3號,25.01634,121.47523,13,2,11,1,2026-04-28 14:26:03,0,2
500218166,YouBike2.0_文聖國小(松柏街50巷),板橋區,松柏街50巷26號對面,25.02929,121.47611,12,2,10,1,2026-04-28 14:24:04,2,0
500218168,YouBike2.0_板橋435藝文特區(環河西路),板橋區,中正路435號(環河西路側),25.02473,121.4506,12,2,10,1,2026-04-28 14:03:03,2,0
500218169,YouBike2.0_大觀段平面停車場,板橋區,大觀路一段29巷131弄16號東側,25.005,121.45064,18,12,6,1,2026-04-28 13:51:03,8,4
500218170,YouBike2.0_懷石公園,板橋區,田單北街/環河西路四段699巷(西南側),25.03114,121.48137,17,7,10,1,2026-04-28 14:22:03,7,0
500218171,YouBike2.0_華江二華江一路口(帝國花園廣場社區),板橋區,華江二路/華江一路口(西南側),25.03544,121.47523,40,8,32,1,2026-04-28 14:25:03,8,0
500218172,YouBike2.0_華江五華江一路口(帝國花園廣場社區),板橋區,華江五路/華江一路口(東南側),25.03474,121.47336,39,0,39,1,2026-04-28 14:18:17,0,0
500218173,YouBike2.0_華江一華江二路口(吾界社區),板橋區,華江一路50號,25.03596,121.47677,40,3,37,1,2026-04-28 14:24:04,2,1
500218174,YouBike2.0_縣民富山街口,板橋區,縣民大道三段/富山街(西北側),25.02201,121.47605,10,0,9,1,2026-04-28 14:13:16,0,0
500218175,YouBike2.0_重慶路89巷,板橋區,重慶路89巷1號(對面),25.00633,121.46206,13,8,5,1,2026-04-28 14:21:03,8,0
500218176,YouBike2.0_環河西華江六路口(翠亨村社區),板橋區,環河西路四段/華江六路口(東南側),25.03609,121.47090,40,3,37,1,2026-04-28 14:12:03,1,2
500218177,YouBike2.0_介壽街/文化路一段188巷9弄口,板橋區,介壽路38號(旁),25.01979,121.46856,16,2,14,1,2026-04-28 14:10:04,1,1
500218178,YouBike2.0_懷德街233巷(環翠社區),板橋區,懷德街233巷18號,25.02900,121.48148,40,2,38,1,2026-04-28 14:03:03,1,1
500218180,YouBike2.0_忠孝國中地下停車場,板橋區,重慶路153號(155巷口)對面,25.00378,121.46241,20,1,19,1,2026-04-28 14:29:04,1,0
500218181,YouBike2.0_中山國小地下停車場,板橋區,大觀路二段59巷31號(旁),25.00080,121.44859,18,3,15,1,2026-04-28 13:53:02,3,0
500218182,YouBike2.0_華德公園平面停車場,板橋區,四川路二段245巷111號(旁),24.99292,121.45339,18,5,13,1,2026-04-28 14:24:04,5,0
500218183,YouBike2.0_南雅西路二段145巷,板橋區,南雅西路二段145巷3號(對側),25.01171,121.45172,18,1,17,1,2026-04-28 13:58:16,1,0
500218184,YouBike2.0_華江橋自行車牽引道,板橋區,文化路二段654-10號(對面),25.03562,121.48046,16,5,10,1,2026-04-28 13:59:03,5,0
500218185,YouBike2.0_五權公園地下停車場,板橋區,廣權路99號(對面),24.99265,121.46463,25,0,23,1,2026-04-28 14:28:16,0,0
500218186,YouBike2.0_光復光榮巷口,板橋區,光復街234-1號(旁),25.02139,121.48473,13,1,11,1,2026-04-28 11:16:04,1,0
500218187,YouBike2.0_文德新海路口,板橋區,新海路138號,25.02353,121.46112,18,4,14,1,2026-04-28 14:26:03,4,0
500218188,YouBike2.0_捷運環狀線板橋站(5號出口),板橋區,新站路/文化路一段(東側廣場),25.01598,121.46359,99,40,58,1,2026-04-28 14:28:03,38,2
500218189,YouBike2.0_文化懷德街口,板橋區,文化路二段516號(前),25.03359,121.47574,24,5,19,1,2026-04-28 14:12:03,3,2
500218190,YouBike2.0_國慶路149巷口,板橋區,國慶路132號(前),24.99605,121.46151,14,2,12,1,2026-04-28 14:27:02,2,0
500218191,YouBike2.0_中正新月二街口(青翠社區),板橋區,中正路/新月二街口(西北側),25.02690,121.45472,40,2,38,1,2026-04-28 13:36:02,2,0
500218192,YouBike2.0_民族路225巷,板橋區,民族路225巷52-62號(旁),25.00779,121.46995,13,1,12,1,2026-04-28 14:25:03,1,0
500218193,YouBike2.0_府中汽車停車場,板橋區,中山路一段1號(後方縣民大道側),25.00745,121.45882,28,5,23,1,2026-04-28 14:25:03,5,0
500218194,YouBike2.0_後埔國小(實踐路/重慶路155巷口),板橋區,實踐路155號(對面),25.00412,121.46417,24,3,21,1,2026-04-28 14:28:03,3,0
500218195,YouBike2.0_江翠國中活動中心地下停車場,板橋區,光武街123巷口,25.02838,121.46623,19,0,19,1,2026-04-28 14:21:19,0,0
500218196,YouBike2.0_板橋國小,板橋區,文化路一段23號(前),25.01074,121.45815,18,1,16,1,2026-04-28 14:25:03,1,0
500218197,YouBike2.0_大觀路一段75巷,板橋區,大觀路一段75巷45號(對側),25.00406,121.44925,16,2,14,1,2026-04-28 14:28:03,2,0
500218198,YouBike2.0_田單北街/懷德街201巷(一川社區),板橋區,田單北街61號(斜對面),25.03025,121.48186,40,3,36,1,2026-04-28 12:08:02,3,0
500218199,YouBike2.0_板橋公車站,板橋區,縣民大道二段3號(東北側),25.01269,121.46210,60,50,9,1,2026-04-28 14:29:04,49,1
500218200,YouBike2.0_民生縣民大道口(東南側),板橋區,民生路二段/永豐街55巷口,25.01862,121.47166,22,3,19,1,2026-04-28 14:22:03,3,0
500218201,YouBike2.0_民生路二段226巷8弄,板橋區,民生路二段226巷8弄10號(旁),25.02151,121.46996,21,6,15,1,2026-04-28 14:29:04,6,0
500218202,YouBike2.0_捷運亞東醫院站(3號出口),板橋區,南雅南路二段21號前人行道,24.99821,121.45258,56,24,31,1,2026-04-28 14:28:03,18,6
500218203,YouBike2.0_光復街/中山路二段412巷口,板橋區,光復街101號(南側),25.01902,121.48399,15,3,11,1,2026-04-28 14:26:03,3,0
500218204,YouBike2.0_民治街81巷,板橋區,民治街81巷7號(南側),25.03223,121.48005,16,7,9,1,2026-04-28 14:13:02,6,1
500218205,YouBike2.0_松柏街50巷90弄口,板橋區,雙十路二段46巷21號(對側),25.02833,121.47621,12,9,3,1,2026-04-28 14:23:02,9,0
500218206,YouBike2.0_中山路二段565巷,板橋區,中山路二段565巷29號(對面),25.02263,121.48402,15,5,10,1,2026-04-28 14:25:03,5,0
500218209,YouBike2.0_致理科技大學,板橋區,漢生西路115號(東側),25.02025,121.46271,31,17,14,1,2026-04-28 14:29:04,15,2
500218210,YouBike2.0_莊敬路25巷口,板橋區,莊敬路25巷(南側路口),25.02734,121.47338,23,5,18,1,2026-04-28 14:09:03,5,0
500218211,YouBike2.0_捷運江子翠站(5號出口),板橋區,文化路二段340號,25.03046,121.47291,31,27,4,1,2026-04-28 14:29:04,25,2
500218212,YouBike2.0_浮洲合宜住宅(合宜一合宜路口),板橋區,合宜一路/合宜路(東側及西南側),24.99536,121.44602,22,4,17,1,2026-04-28 14:29:04,3,1
500218213,YouBike2.0_重慶國小(和平路101巷),板橋區,和平路101巷23號(對側),24.99537,121.46216,21,3,18,1,2026-04-28 14:22:03,1,2
500218215,YouBike2.0_中山路二段443巷口,板橋區,中山路二段443巷12號(對側),25.02051,121.48102,23,1,22,1,2026-04-28 13:46:02,0,1
500218216,YouBike2.0_捷運新埔站(3號出口),板橋區,民生路二段232號,25.02247,121.46868,20,16,4,1,2026-04-28 14:29:04,16,0
500218217,YouBike2.0_亞東醫院,板橋區,南雅南路二段21號(北側),24.99837,121.45318,61,45,16,1,2026-04-28 14:29:04,40,5
500218218,YouBike2.0_生態北公園,板橋區,遠東路8號(西側),24.99952,121.45643,18,13,5,1,2026-04-28 14:23:02,12,1
500218219,YouBike2.0_生態南公園,板橋區,高爾富路/四川路(北側),24.99602,121.45504,18,17,1,1,2026-04-28 13:49:04,15,2
500218220,YouBike2.0_大觀路二段1巷,板橋區,大觀路二段1巷8號(對側),25.00382,121.44863,24,3,21,1,2026-04-28 14:26:03,2,1
500218221,YouBike2.0_藝文一永翠路口,板橋區,藝文一街/永翠路口(東北側),25.02240,121.45268,54,13,41,1,2026-04-28 14:13:02,13,0
500218222,YouBike2.0_縣民板城路口,板橋區,縣民大道一段1號,25.00392,121.45325,40,1,39,1,2026-04-28 14:04:04,1,0
500218224,YouBike2.0_港德攤集區(中正路236巷),板橋區,中正路236巷120號,25.01975,121.45970,20,17,2,1,2026-04-28 14:22:03,16,1
500218225,YouBike2.0_華中公園,板橋區,僑中一街124巷62-21號北側,25.01890,121.44676,15,9,6,1,2026-04-28 13:08:03,9,0
500218227,YouBike2.0_板橋戶政事務所海山辦事處,板橋區,漢生東路193巷7號(對側),25.01182,121.47038,50,1,49,1,2026-04-28 14:18:17,1,0
500218228,YouBike2.0_中華電信板橋雲端資料中心,板橋區,國慶路8號,24.99530,121.45825,45,4,41,1,2026-04-28 14:07:04,4,0
500220001,YouBike2.0_楓樹腳公園,泰山區,楓江路26巷26號前人行道,25.062,121.43498,20,2,18,1,2026-04-28 13:52:03,2,0
500220002,YouBike2.0_新五泰國民運動中心,泰山區,全興路214號對面,25.05582,121.43427,28,17,11,1,2026-04-28 14:21:03,15,2
500220003,YouBike2.0_義學國小,泰山區,民生路33號對面人行道,25.05176,121.43167,25,14,11,1,2026-04-28 13:55:03,14,0
500220004,YouBike2.0_泰山國小,泰山區,泰林路2段257號旁人行道,25.06252,121.43119,20,17,3,1,2026-04-28 14:02:02,16,1
500220005,YouBike2.0_同興公園,泰山區,仁義路15號對面,25.0552,121.432,26,9,17,1,2026-04-28 14:24:04,9,0
500220006,YouBike2.0_貴和市民活動中心,泰山區,明志路三段353號旁公園,25.035,121.422,20,0,20,1,2026-04-28 13:57:17,0,0
500220007,YouBike2.0_捷運泰山站,泰山區,新北大道四段389號(捷運泰山站內廣場),25.0531,121.44,37,24,2,1,2026-04-28 13:41:02,23,1
500220008,YouBike2.0_台北花園廣場社區,泰山區,泰林路二段454號(旁),25.0641,121.426,20,10,10,1,2026-04-28 14:26:03,6,4
500220009,YouBike2.0_泰山高中,泰山區,辭修路32號(對面),25.058,121.42886,20,8,11,1,2026-04-28 13:40:03,6,2
500220010,YouBike2.0_義仁市民活動中心,泰山區,明志路二段177號,25.05048,121.42767,20,7,13,1,2026-04-28 14:07:04,7,0
500220011,YouBike2.0_捷運泰山貴和站,泰山區,新北大道六段462號(對面),25.03319,121.42222,45,8,37,1,2026-04-28 14:29:04,8,0
500220012,YouBike2.0_明志科技大學,泰山區,工專路84號(對面),25.04043,121.42255,45,11,34,1,2026-04-28 14:02:02,6,5
500220013,YouBike2.0_明志國小,泰山區,明志路二段340號(對面),25.04573,121.42627,40,3,37,1,2026-04-28 14:04:04,2,1
500220014,YouBike2.0_莊泰坡雅路口(沐光社區),泰山區,信華五街旁,25.04633,121.43938,40,7,33,1,2026-04-28 14:26:03,6,1
500220015,YouBike2.0_捷運泰山站(4號出口),泰山區,新北大道四段與泰林路二段口(東北側),25.05313,121.43909,26,11,7,1,2026-04-28 14:25:03,11,0
500220016,YouBike2.0_明志貴鳳街口,泰山區,明志路三段510號(對面),25.03124,121.42108,17,5,10,1,2026-04-28 14:22:03,5,0
500220017,YouBike2.0_台貿三村停車場,泰山區,半山雅2號(對面公園),25.06712,121.43169,15,6,9,1,2026-04-28 13:33:02,5,1
500220018,YouBike2.0_山腳停車場,泰山區,憲訓路/美寧街27巷(西側),25.06515,121.42904,15,2,13,1,2026-04-28 08:30:04,2,0
500220019,YouBike2.0_貴子路36巷3弄口,泰山區,貴子路36巷3弄口,25.04137,121.42591,12,1,11,1,2026-04-28 14:27:02,1,0
500220020,YouBike2.0_文中一平面停車場,泰山區,新生路35-2號(旁),25.04512,121.42845,20,9,11,1,2026-04-28 13:47:02,9,0
500220021,YouBike2.0_莊泰義東街口(新潤A5社區),泰山區,莊泰路/義東街口(西北側),25.05025,121.43911,40,12,28,1,2026-04-28 12:54:03,10,2
500220022,YouBike2.0_莊田信華三街口(潤見築社區),泰山區,信華三街61號(南側),25.04303,121.43981,40,5,34,1,2026-04-28 14:05:03,5,0
500220023,YouBike2.0_新北大道幸福路口(大道鎏域社區),泰山區,新北大道五段/幸福路口,25.04934,121.43671,40,7,33,1,2026-04-28 13:45:04,7,0
500220024,YouBike2.0_台麗街13巷,泰山區,台麗街13巷3號(對側),25.03829,121.42464,22,13,9,1,2026-04-28 14:29:04,13,0
500220025,YouBike2.0_泰山體育館,泰山區,公園路54號,25.05513,121.42766,15,5,10,1,2026-04-28 13:18:03,5,0
500221001,YouBike2.0_烏來老街,烏來區,烏來街45-1號(西側),24.86493,121.55168,28,11,17,1,2026-04-28 14:05:03,11,0
500221002,YouBike2.0_烏來公車總站,烏來區,烏來街47號(北側),24.86652,121.55139,15,3,11,1,2026-04-28 11:09:02,3,0
500222001,YouBike2.0_澳底公園,貢寮區,仁愛路/仁愛路62巷(北側),25.05349,121.92559,20,13,7,1,2026-04-28 11:27:04,9,4
500222002,YouBike2.0_龍門運動公園,貢寮區,龍門街74-1號(後方停車場),25.02706,121.93129,20,8,12,1,2026-04-28 10:51:04,7,1
500222003,YouBike2.0_貢寮區公所,貢寮區,長泰路20號,25.02088,121.90614,20,7,13,1,2026-04-28 13:04:03,3,4
500223001,YouBike2.0_濱海路一段111巷口(西側),淡水區,濱海路一段133號(前),25.18928,121.43945,29,17,12,1,2026-04-28 14:09:03,13,4
500223002,YouBike2.0_輕軌濱海沙崙站,淡水區,沙崙路一段/濱海路二段(東南側人行道),25.19039,121.43106,35,9,26,1,2026-04-28 14:28:03,5,4
500223003,YouBike2.0_新市二路二段,淡水區,新市二路二段98號(前),25.19524,121.42793,26,2,24,1,2026-04-28 14:14:04,2,0
500223004,YouBike2.0_輕軌淡海新市鎮站,淡水區,沙崙路二段/新市三路二段口(東北側人行道),25.19623,121.43286,25,14,11,1,2026-04-28 13:47:02,10,4
500223005,YouBike2.0_新市五義山路口,淡水區,新市五路三段312號北側,25.19783,121.43878,60,1,58,1,2026-04-28 14:23:02,0,1
500223006,YouBike2.0_義山新市一路口,淡水區,新市一路一段371號(義山路側),25.18623,121.43736,25,23,2,1,2026-04-28 14:28:03,20,3
500223007,YouBike2.0_臺北海洋科技大學,淡水區,濱海路三段138號(前),25.1912,121.42746,34,20,14,1,2026-04-28 14:26:03,16,4
500223008,YouBike2.0_竹圍公園,淡水區,民生路108號(旁公園通道),25.13823,121.4634,26,5,20,1,2026-04-28 14:23:02,5,0
500223009,YouBike2.0_捷運竹圍站,淡水區,民族路1-1號(前),25.13717,121.46023,54,20,34,1,2026-04-28 14:25:02,9,11
500223010,YouBike2.0_捷運紅樹林站,淡水區,中正東路2段68號(南側停車場出口),25.15358,121.45912,44,12,32,1,2026-04-28 13:41:02,10,2
500223011,YouBike2.0_竿蓁市民活動中心,淡水區,中正東路一段3巷6號(對面),25.16504,121.45069,25,13,12,1,2026-04-28 14:24:04,10,3
500223012,YouBike2.0_捷運淡水站,淡水區,公明街73巷6號(前淡水老街廣場),25.16883,121.44418,98,53,45,1,2026-04-28 14:28:03,32,21
500223013,YouBike2.0_文化機車立體停車場,淡水區,文化路57號(立體停車場地下一樓),25.17249,121.43881,34,0,34,1,2026-04-28 11:57:17,0,0
500223014,YouBike2.0_大庄一號公園,淡水區,沙崙路97號(前),25.18201,121.42212,35,9,26,1,2026-04-28 14:26:03,7,2
500223015,YouBike2.0_新市一路一段99巷口,淡水區,新市一路一段99巷21號(旁),25.18796,121.43109,38,4,34,1,2026-04-28 14:27:02,2,2
500223016,YouBike2.0_輕軌沙崙站,淡水區,觀海路/淡海路口(北側),25.18741,121.41696,36,19,17,1,2026-04-28 14:04:04,18,1
500223017,YouBike2.0_輕軌漁人碼頭站,淡水區,中正路二段/中正路二段51巷口(輕軌站旁),25.18209,121.41911,80,17,63,1,2026-04-28 14:26:03,17,0
500223018,YouBike2.0_輕軌淡江大學站,淡水區,淡金路二段399號(前人行道),25.17653,121.45613,40,0,40,1,2026-04-28 12:47:17,0,0
500223019,YouBike2.0_輕軌淡金北新站,淡水區,淡金路一段/北新路口(輕軌站出口旁),25.1808,121.45245,45,17,28,1,2026-04-28 14:19:02,14,3
500223020,YouBike2.0_輕軌新市一路站,淡水區,淡金路二段/新市一路口(輕軌站出口旁),25.18345,121.44837,25,3,22,1,2026-04-28 14:27:02,0,3
500223021,YouBike2.0_中山北新春街口,淡水區,中山北路一段/新春街口(公園籃球場前),25.18035,121.44474,49,21,28,1,2026-04-28 14:17:03,18,3
500223022,YouBike2.0_新市二路四段,淡水區,新市二路四段58號(前),25.19254,121.44185,25,2,23,1,2026-04-28 14:20:04,2,0
500223023,YouBike2.0_輕軌淡水行政中心站,淡水區,濱海路一段/中山北路三段口(東北側人行道),25.18916,121.44435,48,34,14,1,2026-04-28 14:21:03,19,15
500223024,YouBike2.0_淡水公23公園,淡水區,新市五路二段1號(對面),25.19985,121.42891,20,4,16,1,2026-04-28 14:24:04,0,4
500223026,YouBike2.0_正德國中,淡水區,北新路116號對面人行道(正德國中),25.17851,121.44787,40,4,35,1,2026-04-28 14:07:04,0,4
500223027,YouBike2.0_淡江大學(水源街),淡水區,水源街二段104號(對面),25.17457,121.45236,29,8,21,1,2026-04-28 13:16:03,0,8
500223028,YouBike2.0_淡水國民運動中心,淡水區,中山北路2段381巷2號(旁),25.1865,121.44326,36,18,17,1,2026-04-28 14:27:02,17,1
500223029,YouBike2.0_輕軌崁頂站,淡水區,沙崙路二段/新市六路二段(東南側人行道),25.20125,121.43502,16,4,12,1,2026-04-28 14:06:03,4,0
500223030,YouBike2.0_新市國小,淡水區,中山北路二段188巷2號(對面),25.185184906645382,121.44444643199012,29,5,24,1,2026-04-28 14:27:02,3,2
500223031,YouBike2.0_新市三義山路口,淡水區,新市三路二段217號(前),25.19569,121.4366,38,0,38,1,2026-04-28 14:22:18,0,0
500223032,YouBike2.0_漁人碼頭,淡水區,觀海路199號(旁),25.18387,121.41118,55,10,45,1,2026-04-28 14:08:02,8,2
500223033,YouBike2.0_水碓立體停車場,淡水區,中山北路一段189號(旁),25.17865,121.44423,15,1,14,1,2026-04-28 14:18:02,0,1
500223034,YouBike2.0_滬尾藝文休閒園區,淡水區,中正路一段2號(前),25.17594,121.42851,28,23,5,1,2026-04-28 14:29:04,20,3
500223035,YouBike2.0_中正淡海路口,淡水區,中正路一段/淡海路口(西北側),25.17779,121.42422,15,13,2,1,2026-04-28 14:11:03,12,1
500223036,YouBike2.0_輕軌淡金鄧公站,淡水區,鄧公路266號(前),25.16874,121.45936,24,1,23,1,2026-04-28 11:07:02,1,0
500223037,YouBike2.0_崁頂三路,淡水區,崁頂三路101-165號(旁),25.20081,121.43177,15,1,14,1,2026-04-28 13:45:04,0,1
500223038,YouBike2.0_崁頂林子福德宮,淡水區,新市五路二段51號(前),25.19959,121.43038,15,1,14,1,2026-04-28 12:53:04,0,1
500223039,YouBike2.0_新市三崁頂五路口,淡水區,新市三路一段82號(前),25.19897,121.42526,18,7,11,1,2026-04-28 12:58:02,6,1
500223040,YouBike2.0_新市二後洲路口,淡水區,新市二路一段108號(前),25.19638,121.42507,16,9,7,1,2026-04-28 13:40:03,9,0
500223041,YouBike2.0_捷運淡水站(中正鼻頭街口),淡水區,中正路/鼻頭街(東側),25.16670,121.44675,14,14,0,1,2026-04-28 14:25:18,11,3
500223042,YouBike2.0_鄧公路30巷,淡水區,鄧公路30巷/鄧公路30巷2弄口(西北側),25.16979,121.45241,15,4,10,1,2026-04-28 14:16:03,4,0
500223043,YouBike2.0_濱海路二段202巷,淡水區,濱海路二段202巷17號(前),25.19162,121.43477,15,1,14,1,2026-04-28 14:12:03,1,0
500223044,YouBike2.0_新市二路三段/濱海路二段202巷口,淡水區,新市二路三段90號(前),25.19343,121.43482,15,1,14,1,2026-04-28 14:24:20,0,1
500223045,YouBike2.0_文中四公園,淡水區,沙崙路151巷26弄/沙崙路183巷,25.1854,121.4235,20,6,14,1,2026-04-28 14:25:03,3,3
500223046,YouBike2.0_水管公園,淡水區,濱海路三段/崁頂五路(西南側),25.19366,121.42059,15,7,8,1,2026-04-28 14:18:02,6,1
500223047,YouBike2.0_淡江教會文教中心,淡水區,崁頂五路155號(公車站旁),25.19548,121.42311,15,7,8,1,2026-04-28 13:39:04,7,0
500223048,YouBike2.0_輕軌竿蓁林站,淡水區,淡金路/淡金路79巷(西北側),25.16206,121.45607,10,7,3,1,2026-04-28 13:39:04,6,1
500223049,YouBike2.0_新民街一段(台北灣社區),淡水區,新民街一段1-101號(對面),25.18536,121.43187,21,9,12,1,2026-04-28 14:23:02,6,3
500223050,YouBike2.0_民族路33巷,淡水區,民族路33巷12號(前),25.13604,121.46346,12,5,6,1,2026-04-28 14:24:04,4,1
500223051,YouBike2.0_中正東路一段81巷,淡水區,中正東路一段81巷1號(對面),25.16205,121.45311,15,2,13,1,2026-04-28 14:28:03,2,0
500223052,YouBike2.0_濱海路一段306巷60弄,淡水區,濱海路一段306巷60弄33號(前),25.19157,121.44198,14,3,11,1,2026-04-28 14:19:02,2,1
500223053,YouBike2.0_淡水行政中心,淡水區,中山北路二段375號(前),25.18696,121.44407,10,9,0,1,2026-04-28 14:23:17,9,0
500223054,YouBike2.0_淡水新市鎮兒童公園,淡水區,中山北路二段189巷100號(旁),25.18509,121.44227,15,1,14,1,2026-04-28 14:24:04,0,1
500223055,YouBike2.0_新市一中山北路口,淡水區,新市一路二段258號(前),25.18296,121.44412,14,4,10,1,2026-04-28 14:27:02,4,0
500223056,YouBike2.0_淡金路38巷尾,淡水區,淡金路38巷98號前,25.16083,121.45790,10,2,7,1,2026-04-28 14:22:03,2,0
500223057,YouBike2.0_捷運淡水站(中正東路),淡水區,中正東路二段/學府路(西南側),25.16771,121.44684,40,24,16,1,2026-04-28 14:29:04,9,15
500223058,YouBike2.0_衛教公園,淡水區,中山路158號(旁),25.17254,121.44070,14,6,8,1,2026-04-28 14:22:03,5,1
500223059,YouBike2.0_新市一路一段256巷口,淡水區,新市一路一段180號(對面),25.18665,121.43273,21,6,14,1,2026-04-28 14:12:03,4,2
500223060,YouBike2.0_新民新春街口,淡水區,新民街/新春街(西北側),25.18123,121.43567,20,5,15,1,2026-04-28 14:26:03,4,1
500223061,YouBike2.0_淡海路182巷口,淡水區,淡海路/淡海路182巷(東南側),25.18459,121.42044,15,6,9,1,2026-04-28 14:09:03,5,1
500223062,YouBike2.0_新春街125巷(樂活绽社區),淡水區,新春街125巷,25.18270,121.44155,29,4,25,1,2026-04-28 14:22:03,3,1
500223063,YouBike2.0_輕軌紅樹林站,淡水區,中正東路二段/八勢一街口(西側公車亭後),25.155053,121.458868,48,30,18,1,2026-04-28 14:28:03,26,4
500223064,YouBike2.0_新市三崁頂三路口,淡水區,崁頂三路93號(前),25.19691,121.43063,20,2,18,1,2026-04-28 14:21:03,2,0
500223065,YouBike2.0_濱海路一段306巷9弄,淡水區,義山路一段216號(東北側車彎內),25.19100,121.43858,15,5,10,1,2026-04-28 14:28:03,3,2
500223066,YouBike2.0_民權路3巷12弄口,淡水區,民權路3巷12弄2-30號(對側),25.14288,121.46151,21,12,9,1,2026-04-28 14:29:04,10,2
500223067,YouBike2.0_新市二路四段230巷,淡水區,新市二路四段230巷66號,25.19087,121.44564,22,5,16,1,2026-04-28 13:17:04,0,5
500223068,YouBike2.0_濱海路二段/濱海路二段202巷,淡水區,濱海路二段202巷口,25.19015,121.43470,15,3,12,1,2026-04-28 14:03:03,1,2
500223070,YouBike2.0_輕軌濱海義山站(西南側),淡水區,濱海路二段/義山路一段(西南側),25.18961,121.43734,30,10,20,1,2026-04-28 14:24:04,3,7
500223071,YouBike2.0_新市六後洲路口,淡水區,新市六路一段6號(前),25.20285,121.43070,15,2,11,1,2026-04-28 12:24:03,0,2
500223072,YouBike2.0_淡水老街廣場,淡水區,公明街73巷6號(前淡水老街廣場),25.16891,121.44428,28,8,20,1,2026-04-28 14:28:03,7,1
500223073,YouBike2.0_沙崙路151巷口,淡水區,沙崙路167號,25.18345,121.42386,26,4,21,1,2026-04-28 13:53:02,3,1
500223074,YouBike2.0_沙崙路216巷口,淡水區,沙崙路214號,25.18428,121.42508,20,7,12,1,2026-04-28 14:24:04,5,2
500223076,YouBike2.0_新市一路一段331巷/義山路一段163巷口(東南側),淡水區,新市一路一段331巷156號(對側),25.18731,121.43596,15,4,11,1,2026-04-28 14:29:04,4,0
500223077,YouBike2.0_聖約翰科技大學,淡水區,淡金路四段499號,25.22750,121.45166,30,18,12,1,2026-04-28 12:58:02,13,5
500223078,YouBike2.0_沙崙新民街口,淡水區,沙崙路一段1號(前),25.18832,121.42960,21,8,13,1,2026-04-28 14:29:04,5,3
500223079,YouBike2.0_程氏古厝,淡水區,沙崙路121號(旁),25.18921,121.42902,15,9,6,1,2026-04-28 12:31:03,9,0
500223080,YouBike2.0_新民街120巷,淡水區,新民街120巷23號(對側),25.17808,121.43834,15,0,15,1,2026-04-28 14:28:16,0,0
500223081,YouBike2.0_崁頂三後洲路一段路口,淡水區,崁頂三路/後洲路一段(東側),25.20158,121.42972,20,8,12,1,2026-04-28 12:28:04,6,2
500223082,YouBike2.0_崁頂市民活動中心,淡水區,新市三路一段231號(前),25.19772,121.42870,20,7,13,1,2026-04-28 13:22:03,6,1
500223083,YouBike2.0_大庄福德宮,淡水區,新民街一段127號(對側),25.18830,121.42796,15,5,10,1,2026-04-28 14:26:03,3,2
500223084,YouBike2.0_淡水中正路停車場,淡水區,中正路332號(對側),25.17308,121.43586,24,23,0,1,2026-04-28 14:16:18,20,3
500223085,YouBike2.0_輕軌崁頂站(西側),淡水區,新市六路二段/沙崙路二段(西側),25.20153,121.43419,22,7,15,1,2026-04-28 13:57:02,5,2
500223086,YouBike2.0_竹圍國小,淡水區,中正東路二段143巷2弄口,25.14638,121.45989,28,13,15,1,2026-04-28 10:04:02,12,1
500223088,YouBike2.0_新市二路三段36巷口,淡水區,新市二路三段36巷12號(前),25.19301,121.43302,22,1,21,1,2026-04-28 14:23:17,0,1
500223089,YouBike2.0_濱海路一段370號,淡水區,濱海路一段370號,25.18962,121.43942,22,7,13,1,2026-04-28 14:06:03,6,1
500224001,YouBike2.0_深坑松柏街,深坑區,松柏街24號西側,25.01096,121.63852,34,17,17,1,2026-04-28 08:34:03,8,9
500224002,YouBike2.0_深坑區公所(深坑老街),深坑區,文化街45號西側,25.0015,121.61631,30,5,24,1,2026-04-28 14:17:03,0,5
500224003,YouBike2.0_東南科技大學,深坑區,北深路三段170號南側,25.0033,121.6025,18,7,10,1,2026-04-28 14:03:03,1,6
500224004,YouBike2.0_深坑雲鄉路,深坑區,雲鄉路1號北側,24.99988,121.62101,12,3,9,1,2026-04-28 13:33:01,0,3
500224005,YouBike2.0_埔新街61巷口,深坑區,埔新街73號(對側),25.00241,121.61987,15,9,6,1,2026-04-28 14:23:02,1,8
500224006,YouBike2.0_深坑國中,深坑區,文化街56號(對側),25.00167,121.61889,13,8,5,1,2026-04-28 14:11:03,0,8
500225001,YouBike2.0_野柳地質公園,萬里區,港東路161號(對面),25.20428,121.69042,60,14,46,1,2026-04-28 13:15:03,9,5
500225002,YouBike2.0_大鵬停車場,萬里區,加投路/大鵬街口(東側),25.21194,121.64711,15,1,14,1,2026-04-28 10:42:04,1,0
500225003,YouBike2.0_萬里區行政中心,萬里區,瑪鋉路123號,25.17811,121.68907,13,11,2,1,2026-04-28 13:26:04,8,3
500225004,YouBike2.0_龜吼停車場,萬里區,漁澳路33-2號(對面),25.19560,121.68602,11,8,3,1,2026-04-28 06:01:16,8,0
500225005,YouBike2.0_獅子公園,萬里區,獅子公園,25.17489,121.70565,20,13,7,1,2026-04-28 13:59:04,12,1
500225006,YouBike2.0_翡翠灣,萬里區,瑪鋉路/玉田路口(東南側),25.18676,121.68353,38,5,33,1,2026-04-28 10:47:03,5,0
500225007,YouBike2.0_翡翠灣停車場,萬里區,石角路33號對面,25.19117,121.68493,54,4,50,1,2026-04-28 13:20:04,4,0
500226002,YouBike2.0_深澳漁港,瑞芳區,深澳路16-7號,25.12997,121.81857,30,14,16,1,2026-04-28 14:21:03,11,3
500226003,YouBike2.0_瑞峰橋,瑞芳區,三爪子坑路115號(對面汽車停車格),25.10712,121.81041,44,22,22,1,2026-04-28 14:17:03,21,1
500226005,YouBike2.0_瑞芳火車站,瑞芳區,民生街3號,25.10851,121.80650,28,20,8,1,2026-04-28 14:28:03,19,1
500226006,YouBike2.0_瑞芳運動公園,瑞芳區,員山子路23號,25.10284,121.82177,12,6,6,1,2026-04-28 14:10:04,5,1
500226007,YouBike2.0_猴硐火車站,瑞芳區,柴寮路70號,25.08647,121.82719,60,6,54,1,2026-04-28 14:23:02,4,2
500226008,YouBike2.0_三貂嶺隧道(金字橋),瑞芳區,魚寮路22號南側,25.06095,121.82316,30,18,11,1,2026-04-28 13:32:03,12,6
500226009,YouBike2.0_水湳洞停車場,瑞芳區,明里路/洞頂路(東側),25.12221,121.86443,20,3,17,1,2026-04-28 06:01:16,3,0
500226010,YouBike2.0_深澳鐵道自行車八斗子站,瑞芳區,建基路二段117號(對側),25.13417,121.80548,15,8,7,1,2026-04-28 14:21:03,8,0
500226011,YouBike2.0_瑞芳棒球場,瑞芳區,明燈路一段201巷105之14號(旁),25.10666,121.81884,25,9,16,1,2026-04-28 13:36:02,8,1
500227001,YouBike2.0_天山公園(永安街),新店區,永安街22號(對側),24.98652,121.51753,30,5,25,1,2026-04-28 14:04:04,4,1
500227002,YouBike2.0_國家人權博物館,新店區,復興路131號(旁),24.98835,121.53198,15,11,4,1,2026-04-28 13:40:03,11,0
500227003,YouBike2.0_中興寶橋路口,新店區,中興路三段1號(旁),24.97618,121.54687,61,3,58,1,2026-04-28 14:29:04,2,1
500227004,YouBike2.0_北新國小,新店區,寶橋路8號(前人行道),24.97423,121.54443,49,3,46,1,2026-04-28 14:27:02,1,2
500227005,YouBike2.0_捷運十四張站,新店區,民權路282號(旁),24.983819,121.528330,95,3,92,1,2026-04-28 14:28:03,3,0
500227006,YouBike2.0_陽光橋,新店區,中山路/央北一路口,24.97924,121.52477,76,5,71,1,2026-04-28 14:24:04,5,0
500227007,YouBike2.0_捷運小碧潭站(1號出口),新店區,環河路23號(旁捷運站內),24.97152,121.53029,29,7,22,1,2026-04-28 14:24:04,5,2
500227008,YouBike2.0_新店高中,新店區,三民路161號(旁),24.97418,121.53421,47,19,28,1,2026-04-28 14:24:04,18,1
500227009,YouBike2.0_中正國小,新店區,三民路34號(前),24.9714,121.53646,36,10,26,1,2026-04-28 14:29:04,8,2
500227010,YouBike2.0_崇光女中,新店區,三民路18號(旁),24.97156,121.53904,39,14,24,1,2026-04-28 14:29:04,11,3
500227011,YouBike2.0_寶橋路78巷,新店區,寶橋路78巷10號(旁高速公路橋下空間),24.97368,121.5476,44,16,28,1,2026-04-28 14:28:03,16,0
500227012,YouBike2.0_寶橋路235巷口,新店區,寶橋路235巷2號(旁),24.97955,121.55234,44,22,18,1,2026-04-28 14:28:03,11,11
500227013,YouBike2.0_小金門友誼公園,新店區,民族路110號東側,24.97699,121.53791,60,6,53,1,2026-04-28 14:29:04,4,2
500227014,YouBike2.0_五峰國中,新店區,行政街20號北側,24.96601,121.54311,34,5,29,1,2026-04-28 14:24:04,2,3
500227015,YouBike2.0_大鵬華城,新店區,新北市新店區中正路700巷3號,24.99116,121.53398,31,7,24,1,2026-04-28 14:28:03,4,3
500227016,YouBike2.0_捷運大坪林站(5號出口),新店區,中興路三段224號(對面),24.98288,121.54376,92,15,77,1,2026-04-28 14:26:03,14,1
500227018,YouBike2.0_忠誠里(北新路2段97巷),新店區,北新路二段/北新路二段97巷,24.97427,121.54278,40,0,40,1,2026-04-28 14:26:19,0,0
500227019,YouBike2.0_新店公有中央市場,新店區,中央四街64號對面,24.97531,121.52729,42,9,33,1,2026-04-28 14:09:03,9,0
500227020,YouBike2.0_建國民權路口,新店區,建國路259號前人行道,24.98318,121.53746,32,9,14,1,2026-04-28 14:20:04,8,1
500227021,YouBike2.0_捷運新店站,新店區,中興路一段34號前(高架橋下停車場),24.95861,121.53866,55,4,50,1,2026-04-28 14:28:03,3,1
500227022,YouBike2.0_安和市民活動中心,新店區,安興路67號對面空地 (高架橋下),24.97532,121.51569,25,4,21,1,2026-04-28 13:34:04,4,0
500227023,YouBike2.0_安和公園,新店區,新店區安和路二段163號(東南側空地),24.97411,121.51885,44,4,40,1,2026-04-28 14:16:03,3,1
500227024,YouBike2.0_綠湖公園,新店區,中興路三段6號(旁),24.97756,121.54751,44,21,23,1,2026-04-28 14:28:03,20,1
500227025,YouBike2.0_安成安德街口,新店區,安成街26號至36號對面,24.96115,121.50999,29,5,24,1,2026-04-28 14:19:02,4,1
500227026,YouBike2.0_青潭河濱公園,新店區,新烏路一段11弄11號(對面),24.95091,121.5474,20,8,12,1,2026-04-28 13:09:03,8,0
500227027,YouBike2.0_安康立體停車場,新店區,安德街2號(前),24.96261,121.51267,30,4,25,1,2026-04-28 14:11:03,2,2
500227028,YouBike2.0_中印青潭廠,新店區,北宜路二段399號(旁),24.95446,121.55947,25,8,17,1,2026-04-28 12:46:02,7,1
500227029,YouBike2.0_中正民權路口,新店區,中正路489號(旁),24.98263,121.5336,92,16,56,1,2026-04-28 14:28:03,16,0
500227030,YouBike2.0_惠國市場,新店區,中正路75巷至中正路95巷間,24.97042,121.54338,36,3,33,1,2026-04-28 14:27:02,3,0
500227031,YouBike2.0_中興中正路口,新店區,中興路二段41號(前),24.96991,121.54617,30,2,28,1,2026-04-28 14:20:04,2,0
500227032,YouBike2.0_新店行政園區,新店區,北新路一段88巷1號(對面),24.96757,121.54205,93,67,26,1,2026-04-28 14:26:03,62,5
500227033,YouBike2.0_光明街,新店區,光明街185號(對面),24.96316,121.54009,27,4,23,1,2026-04-28 14:25:02,4,0
500227034,YouBike2.0_捷運新店區公所站(1號出口),新店區,中華路3號(對面),24.96737,121.54101,42,20,15,1,2026-04-28 14:25:02,15,5
500227035,YouBike2.0_新北市立圖書館新店分館,新店區,新店區北新路三段105巷2號(路側),24.98214,121.5409,35,22,12,1,2026-04-28 14:28:03,18,4
500227036,YouBike2.0_中興寶慶街口,新店區,中興路三段/寶慶街,24.98694,121.54195,49,16,33,1,2026-04-28 14:25:02,16,0
500227037,YouBike2.0_民生路156巷,新店區,民生路156巷80號(旁),24.98202,121.52751,31,0,31,1,2026-04-28 14:02:17,0,0
500227038,YouBike2.0_新和活動中心,新店區,新和街109號,24.98677,121.52183,37,15,21,1,2026-04-28 14:07:04,13,2
500227039,YouBike2.0_新店新和國小,新店區,安和路三段100號,24.98498,121.51768,36,11,24,1,2026-04-28 14:16:03,8,3
500227040,YouBike2.0_陽光Park社區,新店區,安興路121號,24.97940,121.51555,21,12,9,1,2026-04-28 13:24:02,11,1
500227041,YouBike2.0_安康高中,新店區,安興路25號,24.96927,121.51521,75,43,32,1,2026-04-28 14:21:03,36,7
500227042,YouBike2.0_柴埕市民活動中心,新店區,安民街73號,24.96678,121.51648,30,1,29,1,2026-04-28 14:08:02,0,1
500227043,YouBike2.0_安光公園,新店區,安民街3巷25號北側,24.96423,121.51446,32,3,29,1,2026-04-28 14:15:03,2,1
500227044,YouBike2.0_安居公教住宅,新店區,安忠路52號,24.95950,121.51293,24,6,18,1,2026-04-28 13:29:02,6,0
500227045,YouBike2.0_碧潭西岸,新店區,碧潭路2號,24.95656,121.5348,37,1,36,1,2026-04-28 14:25:02,1,0
500227046,YouBike2.0_碧潭渡船頭,新店區,新店路36號西側,24.95310,121.53746,26,4,22,1,2026-04-28 14:23:02,3,1
500227047,YouBike2.0_文山國中,新店區,北宜路一段107-2號,24.95521,121.53937,25,3,22,1,2026-04-28 14:09:03,3,0
500227048,YouBike2.0_青潭國小,新店區,北宜路二段80號,24.9531,121.55181,27,9,18,1,2026-04-28 11:52:05,9,0
500227049,YouBike2.0_中正路284巷,新店區,中正路284巷4弄3號南側,24.9747,121.53842,29,0,29,1,2026-04-28 14:29:19,0,0
500227050,YouBike2.0_央北社會住宅,新店區,央北二路十四張口(西南側人行道),24.98263,121.52643,64,27,37,1,2026-04-28 14:29:04,27,0
500227051,YouBike2.0_中興路2段100巷口,新店區,五峰路63巷/中興路二段100巷口(天橋旁),24.97136,121.5475,21,0,20,1,2026-04-28 13:21:18,0,0
500227052,YouBike2.0_台北慈濟醫院,新店區,建國路289號旁空地,24.9859,121.537,40,15,24,1,2026-04-28 14:28:03,14,1
500227053,YouBike2.0_捷運七張站(1號出口),新店區,北新路二段/北新路二段121巷,24.974996,121.542767,42,2,40,1,2026-04-28 14:23:02,1,1
500227054,YouBike2.0_捷運大坪林站(1號出口),新店區,北新路三段129號(右側人行道),24.9828,121.541,47,9,38,1,2026-04-28 14:28:03,9,0
500227055,YouBike2.0_新店高中(中央路),新店區,中央路97號(對面),24.97508,121.53103,85,15,57,1,2026-04-28 14:28:03,8,7
500227056,YouBike2.0_十四張央北二路口(波爾多社區),新店區,十四張路/央北二路口(西北側人行道),24.98285,121.52635,40,17,23,1,2026-04-28 14:11:03,16,1
500227057,YouBike2.0_寶高智慧產業園區,新店區,寶高路10號(旁),24.9775,121.551,35,21,13,1,2026-04-28 14:11:03,17,4
500227058,YouBike2.0_順德街(御中央3社區),新店區,斯馨路70巷60號(旁),24.9789,121.53,36,2,34,1,2026-04-28 14:25:02,2,0
500227059,YouBike2.0_台灣科技總部,新店區,寶興路47號西側,24.97344,121.54905,11,7,4,1,2026-04-28 14:20:04,6,1
500227060,YouBike2.0_央北三中央路口(全陽大璽),新店區,中央路3號對面(西側),24.97878,121.53339,73,13,60,1,2026-04-28 14:26:03,13,0
500227061,YouBike2.0_直潭淨水廠(直潭二街),新店區,直潭路與直潭二街口,24.9431,121.53536,15,7,8,1,2026-04-26 18:30:03,5,2
500227062,YouBike2.0_直潭活動中心,新店區,直潭十街與直潭九街口,24.93893,121.53329,15,7,8,1,2026-04-27 15:17:02,6,1
500227063,YouBike2.0_永平街23巷,新店區,永平街23巷11號(旁),24.98316,121.51604,18,7,11,1,2026-04-28 14:29:04,3,4
500227064,YouBike2.0_十四張歷史公園(南側),新店區,啟文央北二路口北側,24.97900,121.52844,20,3,17,1,2026-04-28 14:25:02,3,0
500227065,YouBike2.0_大豐公園停車場,新店區,二十張路129巷2弄2號(南側),24.97875,121.53587,15,1,14,1,2026-04-28 14:15:19,1,0
500227067,YouBike2.0_寶強文化路口,新店區,寶強路23號(前),24.97914,121.54351,11,6,4,1,2026-04-28 14:25:03,1,5
500227068,YouBike2.0_北新路二段228巷口,新店區,北新路二段228巷1號,24.97775,121.54284,12,6,6,1,2026-04-28 14:26:03,6,0
500227070,YouBike2.0_寶中路97巷口,新店區,寶中路95號(前),24.98047,121.54878,13,6,1,1,2026-04-28 14:10:04,6,0
500227071,YouBike2.0_寶中寶橋路口,新店區,寶中路136號(對面),24.97862,121.55028,17,12,2,1,2026-04-28 14:25:03,7,5
500227072,YouBike2.0_寶橋路235巷,新店區,寶橋路235巷18號(旁),24.98278,121.55102,32,24,8,1,2026-04-28 14:14:04,19,5
500227073,YouBike2.0_寶橋路29巷,新店區,寶橋路29巷18號南側,24.97492,121.54389,10,1,9,1,2026-04-28 14:01:03,1,0
500227074,YouBike2.0_中興檳榔路口,新店區,中興路一段/檳榔路(西南側),24.96337,121.54185,13,3,10,1,2026-04-28 14:28:03,2,1
500227075,YouBike2.0_北新新生街口,新店區,北新路一段235號(旁),24.96561,121.54061,12,5,7,1,2026-04-28 14:28:03,5,0
500227076,YouBike2.0_中興文化路口(東南側),新店區,中興路三段138號(前),24.98037,121.5445,19,7,12,1,2026-04-28 14:23:02,6,1
500227077,YouBike2.0_雙城國小,新店區,安康路三段322號,24.95186,121.48628,15,5,10,1,2026-04-28 12:50:03,4,1
500227078,YouBike2.0_北城生活廣場(富貴街),新店區,富貴街11巷2號,24.94888,121.49409,11,4,7,1,2026-04-28 14:24:04,1,3
500227079,YouBike2.0_中華郵政玫瑰城郵局,新店區,如意街112號北側,24.94702,121.49674,16,4,12,1,2026-04-28 12:15:04,3,1
500227080,YouBike2.0_安民街35巷口,新店區,安民街21號東側,24.96484,121.51564,13,4,9,1,2026-04-28 14:22:03,3,1
500227081,YouBike2.0_廣興河濱公園,新店區,廣興路101號西側,24.91255,121.53739,16,8,8,1,2026-04-28 12:15:04,7,1
500227082,YouBike2.0_中華郵政五城郵局,新店區,錦秀路5號西側,24.94483,121.47917,15,13,2,1,2026-04-28 10:25:03,6,7
500227083,YouBike2.0_屈尺景觀公園,新店區,自強路199號西側,24.91988,121.54668,16,10,6,1,2026-04-28 13:37:04,7,3
500227084,YouBike2.0_龜山活動中心,新店區,新烏路三段136號,24.90303,121.55224,8,3,5,1,2026-04-28 13:28:03,1,2
500227085,YouBike2.0_雙城公園(安康路),新店區,安康路三段150號,24.95176,121.49035,13,2,11,1,2026-04-28 10:55:43,2,0
500227086,YouBike2.0_輕軌雙城站,新店區,和成街12巷9號南側(安一路),24.94679,121.48985,21,3,18,1,2026-04-28 10:47:03,1,2
500227087,YouBike2.0_安華公園,新店區,平等街329巷7弄/平等街48巷(西北側),24.97374,121.53538,22,4,18,1,2026-04-28 14:25:03,4,0
500227088,YouBike2.0_輕軌玫瑰中國城站,新店區,玫瑰路4-2號,24.95101,121.49418,30,9,21,1,2026-04-28 14:04:04,8,1
500227089,YouBike2.0_輕軌台北小城站(南側),新店區,安豐路66號西南側,24.95312,121.49816,15,5,10,1,2026-04-28 12:23:02,4,1
500227090,YouBike2.0_輕軌耕莘安康院區站,新店區,安一路二段200-1號,24.95453,121.50368,29,1,28,1,2026-04-28 14:17:03,1,0
500227091,YouBike2.0_輕軌景文科大站,新店區,安忠路101號,24.95474,121.50964,27,15,12,1,2026-04-28 14:23:02,11,4
500227092,YouBike2.0_輕軌安康站,新店區,安和路一段25號,24.96525,121.51717,21,9,12,1,2026-04-28 14:03:03,8,1
500227093,YouBike2.0_輕軌陽光運動公園站,新店區,安和路二段121號,24.97193,121.51928,20,6,14,1,2026-04-28 13:52:03,5,1
500227094,YouBike2.0_輕軌新和國小站,新店區,安和路三段76號,24.98338,121.51830,23,5,18,1,2026-04-28 14:18:02,4,1
500227095,YouBike2.0_輕軌台北小城站(北側),新店區,安豐路66號西北側,24.95351,121.49833,14,8,5,1,2026-04-28 12:05:03,7,1
500227096,YouBike2.0_安民街停車場,新店區,安民街172號西側,24.97077,121.51686,16,6,10,1,2026-04-28 14:20:04,6,0
500227097,YouBike2.0_三民地下停車場,新店區,三民路20-1號,24.97097,121.53718,24,7,17,1,2026-04-28 14:15:03,7,0
500227098,YouBike2.0_吉安停車場,新店區,安民街68號(旁),24.96623,121.51635,14,0,14,1,2026-04-28 13:52:17,0,0
500227099,YouBike2.0_央北新村平面停車場,新店區,央北一路/啟文路(東側),24.97752,121.52737,49,9,40,1,2026-04-28 14:22:03,9,0
500227100,YouBike2.0_安德停車場,新店區,安德街/安德街130巷(東側),24.96039,121.50882,12,2,10,1,2026-04-28 13:24:02,2,0
500227103,YouBike2.0_安興祥和路口,新店區,安興路/祥和路(東南側),24.97666,121.51546,15,3,12,1,2026-04-28 14:25:03,3,0
500227104,YouBike2.0_綠湖公園地下停車場,新店區,寶中路/品牌路口(東南側),24.97956,121.54613,27,17,10,1,2026-04-28 14:29:04,8,9
500227105,YouBike2.0_中山路31巷(波爾多2社區),新店區,中山路31巷/中山路(北側),24.98030,121.52478,40,4,36,1,2026-04-28 14:25:03,3,1
500227106,YouBike2.0_中正路399巷口,新店區,中正路389號(前),24.97710,121.53455,22,3,19,1,2026-04-28 14:29:04,3,0
500227107,YouBike2.0_永平休閒廣場,新店區,永平街53巷2號(前),24.98432,121.51610,15,4,11,1,2026-04-28 14:29:04,2,2
500227108,YouBike2.0_安和碧安街口,新店區,安和路一段/碧安街口(東側),24.96696,121.51776,20,2,17,1,2026-04-28 13:51:03,2,0
500227109,YouBike2.0_胡璉故居紀念館,新店區,莒光路12號(前),24.96171,121.52763,10,1,9,1,2026-04-28 14:09:20,1,0
500227110,YouBike2.0_十四張啓文路口,新店區,十四張路/啓文路口(西南側),24.98055,121.52978,15,2,13,1,2026-04-28 14:25:03,2,0
500227111,YouBike2.0_啟文央北二路口(中央公園社區),新店區,啟文路/央北二路(東北側),24.97976,121.52935,40,5,35,1,2026-04-28 14:23:02,5,0
500227112,YouBike2.0_安和路二段117巷口,新店區,安和路二段115號(前),24.97029,121.51883,17,7,10,1,2026-04-28 14:17:03,6,1
500227113,YouBike2.0_新北捷運環狀線南機廠,新店區,民權路280號(旁),24.98343,121.52891,21,7,14,1,2026-04-28 14:23:02,5,2
500227114,YouBike2.0_明德路65巷口,新店區,明德路65巷口,24.97670,121.54145,15,1,14,1,2026-04-28 14:27:18,1,0
500227115,YouBike2.0_中央新村(中央三街),新店區,中央三路111號(對面),24.97640,121.52488,23,2,21,1,2026-04-28 14:25:03,2,0
500227116,YouBike2.0_新安永安街口,新店區,永安街109巷2號(後方),24.98542,121.52138,20,1,17,1,2026-04-28 13:07:02,1,0
500227117,YouBike2.0_新安永安街94巷口,新店區,永安街94巷22號(西南側約百米),24.98446,121.52034,20,11,9,1,2026-04-28 13:04:03,11,0
500227118,YouBike2.0_新和街32巷口,新店區,新和街32巷1號之1(對側),24.98470,121.51920,17,8,9,1,2026-04-28 12:02:02,8,0
500227119,YouBike2.0_中央陸橋(中央一街),新店區,中央一街41號(對側),24.97371,121.52736,16,3,13,1,2026-04-28 14:25:03,3,0
500227120,YouBike2.0_大豐里(建國路),新店區,建國路178號(前),24.97991,121.53799,13,2,11,1,2026-04-28 14:10:04,0,2
500227121,YouBike2.0_寶高路120巷口,新店區,寶高路108-118號(旁),24.97622,121.55433,14,0,14,1,2026-04-28 13:18:19,0,0
500227122,YouBike2.0_民權二十張路口,新店區,民權路51號(前),24.98291,121.53966,14,6,8,1,2026-04-28 14:28:03,5,1
500227123,YouBike2.0_碧潭大橋(溪洲路6巷),新店區,安康路一段臨3-1號(西側),24.96061,121.53426,12,5,6,1,2026-04-28 14:26:03,4,1
500227124,YouBike2.0_福民市民活動中心,新店區,福園街8號之1,24.97293,121.53305,15,2,13,1,2026-04-28 14:13:02,0,2
500227125,YouBike2.0_十四張歷史公園(北側),新店區,央北二路/央北二路206巷(東側),24.97980,121.52689,24,5,19,1,2026-04-28 14:22:03,5,0
500227126,YouBike2.0_溪洲原住民族生活文化園區Cinemnemay,新店區,溪洲路226號,24.96826,121.52834,21,12,9,1,2026-04-28 14:25:03,12,0
500227127,YouBike2.0_十四張歷史建築園區(文記街),新店區,文記街/央北二路206巷口,24.98065,121.52792,49,0,49,1,2026-04-28 14:02:17,0,0
500227128,YouBike2.0_中正路144巷口,新店區,中正路140號(前),24.97148,121.54190,15,2,13,1,2026-04-28 14:12:03,0,2
500227130,YouBike2.0_央北二月記街口,新店區,央北二路108號(前),24.97763,121.53008,22,5,17,1,2026-04-28 14:03:04,5,0
500229001,YouBike2.0_捷運幸福站,新莊區,思源路292號(捷運1號出口前),25.04988,121.46018,58,2,56,1,2026-04-28 14:27:02,2,0
500229002,YouBike2.0_新莊棒球場,新莊區,和興街71號(對面),25.04138,121.44609,69,12,57,1,2026-04-28 14:24:04,11,1
500229003,YouBike2.0_新莊國民運動中心,新莊區,公園路40號(對面),25.03932,121.44898,52,5,47,1,2026-04-28 14:12:03,5,0
500229004,YouBike2.0_新莊體育館,新莊區,中華路一段118號(對面),25.04078,121.45255,47,1,46,1,2026-04-28 14:28:16,1,0
500229005,YouBike2.0_中華里(中華路二段),新莊區,中華路二段/中華路二段45巷口(東北側),25.04619,121.45367,48,8,40,1,2026-04-28 14:26:03,6,2
500229006,YouBike2.0_中華自治街口,新莊區,中華路一段118號(對面),25.04775,121.45330,46,2,44,1,2026-04-28 14:06:03,2,0
500229007,YouBike2.0_中港國小,新莊區,中和街/中港一街口(西北側),25.04563,121.44783,58,3,55,1,2026-04-28 14:27:02,3,0
500229008,YouBike2.0_捷運輔大站(4號出口),新莊區,中正路/中正路508巷口(東北側),25.03304,121.43666,52,27,25,1,2026-04-28 14:18:02,26,1
500229009,YouBike2.0_四維公園,新莊區,四維路/四維路179巷口(西側),25.0213,121.42221,27,8,19,1,2026-04-28 14:16:03,8,0
500229010,YouBike2.0_瓊林公園,新莊區,中環路一段16號(對面陸橋下),25.02629,121.44244,30,10,20,1,2026-04-28 12:23:02,10,0
500229011,YouBike2.0_宏匯廣場,新莊區,中央路558號(旁),25.05931,121.44908,51,34,17,1,2026-04-28 14:27:02,34,0
500229012,YouBike2.0_捷運新莊副都心站,新莊區,新北大道四段/中信街口(西南側),25.05914,121.4466,43,20,23,1,2026-04-28 14:25:02,19,1
500229013,YouBike2.0_行政院新莊聯合辦公大樓,新莊區,榮華路二段/中平路口(西北側),25.05595,121.44443,51,27,23,1,2026-04-28 14:24:04,26,1
500229014,YouBike2.0_中信國小,新莊區,榮華路二段/中富街口(西北側),25.05572,121.44954,58,3,55,1,2026-04-28 14:22:03,3,0
500229015,YouBike2.0_捷運新北產業園區站,新莊區,新莊區五工路55號,25.06203,121.45918,70,17,53,1,2026-04-28 14:28:03,17,0
500229016,YouBike2.0_新莊文化藝術中心,新莊區,中平路 133 號前,25.04714,121.4445,40,31,9,1,2026-04-28 14:13:02,30,1
500229017,YouBike2.0_化成公園,新莊區,思源路166巷41號(對面),25.04786,121.46160,30,4,26,1,2026-04-28 14:08:02,4,0
500229018,YouBike2.0_頭前國中,新莊區,中原路2號前,25.05444,121.45916,51,8,42,1,2026-04-28 14:26:03,8,0
500229019,YouBike2.0_福壽公園,新莊區,福壽街130號(對面),25.05151,121.45758,46,1,45,1,2026-04-28 14:29:04,1,0
500229020,YouBike2.0_中華中原路口,新莊區,中原路/中華路二段(西南側),25.05423,121.45178,64,0,64,1,2026-04-28 14:29:19,0,0
500229021,YouBike2.0_中港大排願景館,新莊區,中央路295號(對面),25.05894,121.45165,57,24,33,1,2026-04-28 14:27:02,23,1
500229022,YouBike2.0_捷運頭前庄站(1號出口),新莊區,思源路/中正路(北側),25.03953,121.4608,90,65,24,1,2026-04-28 14:27:02,63,2
500229023,YouBike2.0_中平國中,新莊區,中原路636號(對面),25.05426,121.44394,50,30,20,1,2026-04-28 13:52:03,27,3
500229024,YouBike2.0_捷運新莊站(1號出口),新莊區,中華路一段/中正路(西北側),25.03641,121.45204,69,32,37,1,2026-04-28 14:29:04,32,0
500229025,YouBike2.0_捷運新莊站(2號出口),新莊區,新莊路214巷/中正路口(南側),25.03607,121.45278,54,17,26,1,2026-04-28 14:24:04,11,6
500229026,YouBike2.0_中正仁愛街口,新莊區,中正路/仁愛街(東北側),25.03452,121.44462,48,14,34,1,2026-04-28 14:29:04,14,0
500229027,YouBike2.0_新月橋,新莊區,新泰路/瓊林路(東北側),25.03208,121.44982,60,5,54,1,2026-04-28 14:26:03,4,1
500229028,YouBike2.0_新莊田徑場,新莊區,復興路一段209號(對面),25.04341,121.45259,42,1,41,1,2026-04-28 14:27:02,1,0
500229029,YouBike2.0_豐年國小,新莊區,瓊泰路161號對面人行道,25.0307,121.44324,28,6,22,1,2026-04-28 14:00:05,6,0
500229030,YouBike2.0_後港公園,新莊區,建安街/建安街57巷,25.02536,121.42835,35,2,33,1,2026-04-28 14:16:03,2,0
500229031,YouBike2.0_福營行政中心,新莊區,四維路17號-20號,25.02413,121.42387,43,15,28,1,2026-04-28 14:27:02,13,2
500229032,YouBike2.0_黃城公園,新莊區,中信街74號旁,25.05238,121.44824,38,2,36,1,2026-04-28 14:23:02,1,1
500229033,YouBike2.0_新泰公園,新莊區,建中街116巷/建中街116巷3弄,25.0372,121.44495,30,3,27,1,2026-04-28 14:26:03,3,0
500229034,YouBike2.0_光華東帝士,新莊區,民安西路370號至376號前,25.0108,121.42784,40,11,29,1,2026-04-28 14:23:02,9,2
500229035,YouBike2.0_建福公園,新莊區,建福路/建福路49巷,25.02769,121.42669,33,10,23,1,2026-04-28 14:25:02,10,0
500229036,YouBike2.0_立泰里(中環路二段),新莊區,新莊區中環路二段423號(對面橋下),25.04568,121.44213,25,2,23,1,2026-04-28 13:51:03,2,0
500229037,YouBike2.0_伊吉邦社區,新莊區,新莊區新北大道7段312號(人行道),25.03019,121.4134,40,0,39,1,2026-04-28 14:19:17,0,0
500229038,YouBike2.0_昌隆國小,新莊區,新莊區昌平街/昌平街31巷(對面昌隆國小人行道),25.05213,121.45489,46,2,44,1,2026-04-28 14:29:04,2,0
500229039,YouBike2.0_輔仁大學附設醫院,新莊區,三泰路66號(對面人行道),25.03927,121.431,41,12,20,1,2026-04-28 14:16:03,12,0
500229040,YouBike2.0_大眾廟,新莊區,中正路82號(旁),25.0374,121.458,28,19,8,1,2026-04-28 14:03:03,18,1
500229041,YouBike2.0_遠東動力企業總部,新莊區,中正路651號(前),25.03113,121.42999,26,19,7,1,2026-04-28 14:28:03,18,1
500229042,YouBike2.0_昌平公園,新莊區,中央路/福壽街口(東南側),25.05866,121.45811,55,11,44,1,2026-04-28 14:24:04,9,2
500229043,YouBike2.0_中正新雅巷口,新莊區,中正路881號(前人行道),25.02594,121.41769,48,7,41,1,2026-04-28 14:08:02,6,1
500229044,YouBike2.0_捷運丹鳳站(1號出口),新莊區,中正路/民安路口(東北側),25.02903,121.4228,54,13,15,1,2026-04-28 14:29:04,12,1
500229045,YouBike2.0_龍鳳公園,新莊區,龍安路72號對面(公園人行道),25.021434,121.416898,52,18,34,1,2026-04-28 14:12:03,18,0
500229046,YouBike2.0_新莊勞工中心,新莊區,新樹路/新樹路293巷口(西北側),25.02033,121.43374,26,14,12,1,2026-04-28 13:48:02,13,1
500229047,YouBike2.0_民安東民全街口,新莊區,民安東路120號(前人行道),25.02077,121.42956,25,7,18,1,2026-04-28 14:22:03,7,0
500229048,YouBike2.0_興化公園,新莊區,五工二路50巷2號(對面),25.06523,121.46112,55,13,41,1,2026-04-28 14:29:04,12,1
500229049,YouBike2.0_捷運迴龍站(3號出口),新莊區,中正路758號(捷運迴龍站3號出口外自行車停放區),25.02276,121.41305,70,24,26,1,2026-04-28 14:24:04,22,2
500229050,YouBike2.0_西盛廣場,新莊區,樹新路222號(對面),25.00089,121.43149,39,11,28,1,2026-04-28 14:15:03,11,0
500229051,YouBike2.0_新樹公園,新莊區,新樹路627號(對面),25.00338,121.43315,25,5,20,1,2026-04-28 14:20:04,4,1
500229052,YouBike2.0_西盛館,新莊區,新樹路499號(旁),25.01191,121.43271,20,6,14,1,2026-04-28 13:49:04,6,0
500229053,YouBike2.0_西盛公園,新莊區,西盛街197號(對面),25.01711,121.42805,24,7,17,1,2026-04-28 14:19:02,7,0
500229054,YouBike2.0_臺北醫院,新莊區,思源路133號前,25.04358,121.45978,39,18,21,1,2026-04-28 14:29:04,18,0
500229055,YouBike2.0_新泰國中,新莊區,新泰路/新泰路376巷口(西南側),25.04316,121.44414,24,3,21,1,2026-04-28 14:19:02,3,0
500229056,YouBike2.0_福基公園,新莊區,福美街128巷12號(對面),25.05816,121.46086,40,5,35,1,2026-04-28 14:22:03,4,1
500229057,YouBike2.0_福美公園,新莊區,福美街/福美街62巷口(東北側),25.05503,121.46106,45,8,37,1,2026-04-28 14:29:04,7,1
500229058,YouBike2.0_頭前運動公園,新莊區,頭成街/思源路370巷口(東北側),25.05165,121.46211,60,4,56,1,2026-04-28 14:14:04,4,0
500229059,YouBike2.0_頭前國小,新莊區,頭前路99號(對面),25.05257,121.46506,46,5,41,1,2026-04-28 13:57:02,5,0
500229060,YouBike2.0_新泰路255巷口,新莊區,中環路二段220號(旁),25.03936,121.4427,20,6,14,1,2026-04-28 14:19:02,5,1
500229061,YouBike2.0_新泰游泳池,新莊區,中環路二段/新泰路502巷口(西南側),25.04616,121.44228,40,5,35,1,2026-04-28 14:22:03,4,1
500229062,YouBike2.0_瓊林南路101巷口,新莊區,瓊林南路133號(旁),25.01258,121.43430,33,11,22,1,2026-04-28 14:29:04,11,0
500229063,YouBike2.0_塭仔底濕地公園,新莊區,昌平街200號(對面),25.05635,121.45438,25,2,23,1,2026-04-28 14:24:04,2,0
500229064,YouBike2.0_思賢國小,新莊區,福樂街60號(對面),25.04629,121.4577,65,2,63,1,2026-04-28 14:09:03,2,0
500229065,YouBike2.0_宏匯思源廣場,新莊區,富貴路/思源路(西北側),25.05745,121.45905,30,14,16,1,2026-04-28 14:27:02,12,2
500229066,YouBike2.0_新北大道昌平街口(臨時站),新莊區,新北大道三段67號,25.06035,121.45474,16,3,12,1,2026-04-28 14:19:02,3,0
500229067,YouBike2.0_丹鳳派出所,新莊區,雙鳳路77巷2-8號(旁),25.02769,121.41466,23,6,17,1,2026-04-28 14:28:03,5,1
500229068,YouBike2.0_榮富國小,新莊區,中和街155巷24弄85號(對面),25.05172,121.44659,26,7,19,1,2026-04-28 14:29:04,7,0
500229071,YouBike2.0_國家電影及視聽文化中心,新莊區,中信街/榮華路二段口(西北側),25.05605,121.44769,20,5,14,1,2026-04-28 14:10:04,4,1
500229072,YouBike2.0_昌平國小,新莊區,昌學街/榮華路一段口(西北側),25.05658,121.45685,18,5,13,1,2026-04-28 14:24:04,5,0
500229073,YouBike2.0_幸福中環路口,新莊區,幸福路/中環路三段口(東北側),25.04903,121.44289,12,7,5,1,2026-04-28 14:21:03,5,2
500229074,YouBike2.0_雙鳳公園,新莊區,雙鳳路77巷2-8號(旁),25.02644,121.41398,11,1,10,1,2026-04-28 14:29:04,1,0
500229075,YouBike2.0_新莊國民運動中心(和興街),新莊區,新莊區和興街3號對側,25.03891,121.44759,12,11,1,1,2026-04-28 14:24:04,11,0
500229076,YouBike2.0_建中街90巷口,新莊區,建中街92號對側,25.03659,121.4469,12,9,3,1,2026-04-28 14:11:03,7,2
500229077,YouBike2.0_中正路347巷口,新莊區,中正路347巷27號前,25.03403,121.44718,13,8,4,1,2026-04-28 14:01:03,6,2
500229078,YouBike2.0_覺明寺(豐年街53巷),新莊區,豐年街53巷28-1號對側,25.03172,121.44721,11,2,9,1,2026-04-28 14:25:02,2,0
500229079,YouBike2.0_中正雙鳳路口,新莊區,中正路700-28號,25.0272,121.41803,16,7,9,1,2026-04-28 13:52:03,6,1
500229080,YouBike2.0_龍安成德街口,新莊區,龍安路450號,25.01910,121.42267,12,6,6,1,2026-04-28 14:08:02,3,3
500229081,YouBike2.0_民安西路252巷,新莊區,民安西路252巷37號南側,25.01372,121.42485,15,3,12,1,2026-04-28 14:29:04,1,2
500229082,YouBike2.0_思賢國小(自由街),新莊區,自由街/自立街(東北側),25.04551,121.45587,21,0,21,1,2026-04-28 14:27:18,0,0
500229083,YouBike2.0_中興中正路口(泰坤建設),新莊區,中興街2號對面(西側),25.03564,121.44933,50,5,45,1,2026-04-28 14:18:02,5,0
500229084,YouBike2.0_福德二街35號,新莊區,福德二街35號,25.05719,121.4623,15,4,11,1,2026-04-28 14:25:02,4,0
500229085,YouBike2.0_塭仔底濕地公園(中華路),新莊區,昌和街61號(對面),25.05645,121.45222,24,2,22,1,2026-04-28 14:27:02,2,0
500229086,YouBike2.0_頭前國小(化成路),新莊區,化成路540號(對面),25.0535,121.46624,12,5,7,1,2026-04-28 14:27:02,2,3
500229087,YouBike2.0_中誠立體停車場,新莊區,中誠街53巷1號(旁),25.04757,121.45137,10,9,1,1,2026-04-28 14:26:03,9,0
500229088,YouBike2.0_丹鳳國小,新莊區,新北大道七段792號,25.02460,121.41336,15,11,4,1,2026-04-28 14:12:03,11,0
500229089,YouBike2.0_中正路883巷口,新莊區,中正路708號前,25.02491,121.41682,14,1,13,1,2026-04-28 14:13:02,1,0
500229090,YouBike2.0_思賢公園(北側),新莊區,福樂街73號,25.04792,121.45672,18,1,17,1,2026-04-28 14:27:02,1,0
500229091,YouBike2.0_福壽昌智路口,新莊區,福壽街/昌智路東南側,25.05614,121.45804,30,1,29,1,2026-04-28 14:20:04,1,0
500229092,YouBike2.0_台電台北西區營業處,新莊區,化成路135號旁,25.04765,121.46560,13,6,6,1,2026-04-28 14:15:19,5,1
500229093,YouBike2.0_福祿1號公園,新莊區,福慧路2號(對面),25.06386,121.4638,15,2,13,1,2026-04-28 14:24:04,2,0
500229094,YouBike2.0_台北醫院(民樂街),新莊區,長青街6號東側,25.04267,121.45788,11,10,1,1,2026-04-28 14:16:18,10,0
500229095,YouBike2.0_捷運輔大站(1號出口),新莊區,中正路510-1號,25.03285,121.43548,31,13,18,1,2026-04-28 14:28:03,13,0
500229096,YouBike2.0_捷運迴龍站(2號出口),新莊區,中正路913號(旁),25.02110,121.41100,11,7,4,1,2026-04-28 14:25:03,5,2
500229097,YouBike2.0_國泰國小,新莊區,中正路386號,25.03398,121.44186,14,1,13,1,2026-04-28 14:23:02,0,1
500229098,YouBike2.0_潭底溝休憩廣場,新莊區,民安西路2號旁廣場,25.02191,121.42636,10,3,7,1,2026-04-28 14:24:04,3,0
500229099,YouBike2.0_廣停一機車停車場,新莊區,福慧路/新知六路口,25.06209,121.45766,15,9,6,1,2026-04-28 12:59:04,8,1
500229100,YouBike2.0_中港平面停車場,新莊區,中港路302號前,25.04485,121.45271,21,2,19,1,2026-04-28 14:04:04,2,0
500229101,YouBike2.0_建國一路平面停車場,新莊區,建國二路1號對側停車場(日月亭停車場),25.02394,121.43491,18,9,9,1,2026-04-28 14:20:04,7,2
500229102,YouBike2.0_八德立體停車場,新莊區,八德街12巷口,25.02271,121.42532,14,2,12,1,2026-04-28 14:25:03,2,0
500229103,YouBike2.0_中央昌仁路口,新莊區,中央路/昌仁路(北側),25.05895,121.45355,14,5,9,1,2026-04-28 14:15:03,5,0
500229104,YouBike2.0_五工路68巷口,新莊區,五工路58號旁,25.062942,121.458836,25,4,21,1,2026-04-28 13:48:02,4,0
500229105,YouBike2.0_遠東動力企業總部(福營路),新莊區,中正路651-8號(前),25.03033,121.43045,30,19,11,1,2026-04-28 14:14:04,18,1
500229106,YouBike2.0_復興化成路口,新莊區,復興路三段115號(對側),25.04457,121.46453,15,8,7,1,2026-04-28 14:15:03,7,1
500229107,YouBike2.0_新北市立圖書館新莊中港分館,新莊區,中港路360-6號(對面),25.04643,121.45222,13,6,7,1,2026-04-28 14:29:04,6,0
500229108,YouBike2.0_登龍平面停車場,新莊區,登龍街/中正路口(東南側),25.03662,121.45654,32,11,21,1,2026-04-28 13:46:02,11,0
500229109,YouBike2.0_麗水富貴路口(聯合公園社區),新莊區,麗水街/富貴路(西南側),25.05697,121.45162,50,4,46,1,2026-04-28 14:18:02,4,0
500229110,YouBike2.0_新莊運動公園地下停車場,新莊區,復興路一段113號對面,25.04300,121.44941,14,0,14,1,2026-04-28 13:47:17,0,0
500229111,YouBike2.0_民安國小(東側),新莊區,民安路285-6號(對側),25.02259,121.42873,17,1,16,1,2026-04-28 14:09:03,1,0
500229112,YouBike2.0_長青公園,新莊區,博愛路2巷3號(對側),25.04246,121.45662,11,1,10,1,2026-04-28 12:50:04,1,0
500229113,YouBike2.0_思源路192巷口,新莊區,思源路/思源路192巷口,25.04823,121.46010,23,7,16,1,2026-04-28 14:12:03,7,0
500229114,YouBike2.0_頭前運動公園(頭前路),新莊區,頭前路/福前街口,25.05237,121.46362,22,2,20,1,2026-04-28 14:18:02,2,0
500229115,YouBike2.0_黃城公園(中榮街),新莊區,中榮街62號(對側),25.05277,121.44883,11,4,7,1,2026-04-28 14:14:04,4,0
500229116,YouBike2.0_瓊泰市民活動中心,新莊區,瓊泰路85號(旁),25.02926,121.44312,15,9,6,1,2026-04-28 14:22:03,9,0
500229117,YouBike2.0_龍安福營路口,新莊區,龍安路/福營路口(東南側),25.02022,121.41931,15,1,14,1,2026-04-28 13:22:03,1,0
500229118,YouBike2.0_文中三平面停車場,新莊區,三泰路56-7號(旁),25.03739,121.43473,42,22,20,1,2026-04-28 13:50:03,21,1
500229119,YouBike2.0_福慧新知八路口,新莊區,福慧路/新知八路口(東南側),25.06204,121.45519,20,13,7,1,2026-04-28 14:12:03,11,2
500229120,YouBike2.0_捷運幸福站(2號出口),新莊區,幸福東路149號(對側),25.04955,121.46028,35,4,30,1,2026-04-28 14:28:03,3,1
500229121,YouBike2.0_幸福路753巷口,新莊區,幸福路738號(前),25.04914,121.44834,19,5,14,1,2026-04-28 14:15:03,4,1
500229122,YouBike2.0_幸福路678巷口,新莊區,幸福路680號(前),25.04920,121.45063,13,11,2,1,2026-04-28 14:12:03,11,0
500229124,YouBike2.0_中正思源路口(東北側),新莊區,思源路/中正路(東北側),25.03938,121.46103,45,31,13,1,2026-04-28 14:25:03,29,2
500229125,YouBike2.0_台水新莊服務所,新莊區,思源路34號(前),25.04152,121.46019,36,18,18,1,2026-04-28 14:20:04,16,2
500229126,YouBike2.0_中正思源路口(西南側),新莊區,中正思源路口(西南側),25.03821,121.45950,46,10,36,1,2026-04-28 14:12:03,10,0
500229127,YouBike2.0_塭仔圳十米園道(新莊歐洲村),新莊區,中平路377巷17弄48號(中環路側),25.05186,121.44247,35,4,31,1,2026-04-28 13:52:03,4,0
500229128,YouBike2.0_塭仔圳十米園道(幸福路口),新莊區,立信一街59號(中環路側),25.04972,121.44247,35,4,31,1,2026-04-28 13:04:03,4,0
500229129,YouBike2.0_昌盛橋,新莊區,中華路二段/昌盛街2巷1弄口,25.04973,121.45317,20,4,16,1,2026-04-28 14:29:04,4,0
500229130,YouBike2.0_中平中榮街口,新莊區,中平路348號(對側),25.05307,121.44464,17,4,13,1,2026-04-28 14:20:04,4,0
500229131,YouBike2.0_豐年陸橋,新莊區,瓊林路42號(對側),25.02967,121.44754,18,2,16,1,2026-04-28 14:20:04,2,0
500229132,YouBike2.0_新莊棒球場(和興街),新莊區,和興街49號(對側),25.04069,121.44654,37,5,32,1,2026-04-28 14:21:03,5,0
500229133,YouBike2.0_民安西路88巷口,新莊區,民安西路89號,25.01912,121.42703,18,7,11,1,2026-04-28 13:08:03,7,0
500229134,YouBike2.0_民安西路468巷口,新莊區,民安西路468號(對側),25.00796,121.43176,25,6,19,1,2026-04-28 14:07:04,5,1
500229135,YouBike2.0_新莊快樂公園,新莊區,瓊泰路115號(對側),25.03033,121.44355,27,11,16,1,2026-04-28 13:06:03,11,0
500229136,YouBike2.0_五權一五工三路口,新莊區,五權一路50號(前),25.06593,121.45797,20,10,9,1,2026-04-28 13:57:02,9,1
500229138,YouBike2.0_新樹路258巷口,新莊區,新樹路258巷口(公車站旁),25.01525,121.43269,19,7,12,1,2026-04-28 13:51:03,5,2
500229139,YouBike2.0_思源路593巷口,新莊區,思源路591號,25.05954,121.45962,16,1,15,1,2026-04-28 14:19:17,0,1
500231001,YouBike2.0_三多第1市民活動中心,樹林區,福興街17號,25.01637,121.40426,27,13,14,1,2026-04-28 14:00:05,13,0
500231002,YouBike2.0_俊興三龍街口,樹林區,俊興街263號,25.01713,121.41828,21,5,16,1,2026-04-28 14:02:02,5,0
500231003,YouBike2.0_全球傳動科技公司,樹林區,三多路123號對側,25.0073,121.41496,20,10,10,1,2026-04-28 11:39:03,8,2
500231004,YouBike2.0_光華公園,樹林區,保安街二段269號對側,25.00557,121.41306,25,7,18,1,2026-04-28 13:31:03,7,0
500231005,YouBike2.0_樹林工業區,樹林區,保安街二段6號前,25.00088,121.41608,33,3,28,1,2026-04-28 13:48:02,2,1
500231006,YouBike2.0_樹林大安站,樹林區,大安路118-1號前,24.99738,121.42181,66,24,42,1,2026-04-28 14:24:04,23,1
500231007,YouBike2.0_文林國小(潭興街),樹林區,潭興街65號斜對面,24.99828,121.42462,44,2,42,1,2026-04-28 14:17:03,1,1
500231008,YouBike2.0_樹林國民運動中心,樹林區,中正路188-6號,25.0042,121.42285,25,10,15,1,2026-04-28 14:10:04,10,0
500231009,YouBike2.0_俊英俊保路口,樹林區,俊保路12號,25.0091,121.42487,20,9,11,1,2026-04-28 14:22:03,9,0
500231010,YouBike2.0_柑園國小,樹林區,柑園街一段353號(前),24.95615,121.38966,14,9,5,1,2026-04-28 13:35:03,7,2
500231011,YouBike2.0_樹林藝文綜合行政大樓,樹林區,保安街一段14巷53號對側,24.99602,121.42949,39,16,23,1,2026-04-28 14:26:03,16,0
500231012,YouBike2.0_民生親子公園,樹林區,保安街一段與14巷口,24.99298,121.42819,20,3,17,1,2026-04-28 14:23:02,3,0
500231013,YouBike2.0_長壽親子公園,樹林區,樹德街33之2號,24.9917,121.42203,26,10,16,1,2026-04-28 14:08:02,9,1
500231014,YouBike2.0_三鶯分區區務辦公室,樹林區,文化街112巷6號(旁),24.99007,121.41691,15,2,13,1,2026-04-28 12:26:02,2,0
500231015,YouBike2.0_樹林國小,樹林區,啟智街與文化街口,24.98886,121.41765,24,4,20,1,2026-04-28 14:04:04,3,1
500231016,YouBike2.0_樹林火車站(後站),樹林區,後站街6巷11號斜對面,24.9917,121.42417,65,14,30,1,2026-04-28 14:29:04,8,6
500231017,YouBike2.0_中山新興街口,樹林區,中山路三段71號對側,24.97512,121.40049,30,22,8,1,2026-04-28 14:04:04,20,2
500231018,YouBike2.0_育德國小,樹林區,佳園路一段34號,24.97062,121.3925,20,4,16,1,2026-04-28 14:07:04,3,1
500231019,YouBike2.0_文林國小,樹林區,千歲街59號,24.9979,121.426,23,1,22,1,2026-04-28 14:28:16,1,0
500231020,YouBike2.0_南樹林火車站,樹林區,中山路二段東興路口(火車站右側人行道),24.9802,121.409,20,19,1,1,2026-04-28 14:22:03,19,0
500231021,YouBike2.0_味王街,樹林區,樹林區味王街3號(馬路側),24.9747,121.404,26,9,17,1,2026-04-28 14:15:03,8,1
500231022,YouBike2.0_中山八德街口,樹林區,中山路二段10號對側,24.98511,121.41761,20,2,18,1,2026-04-28 13:31:03,2,0
500231023,YouBike2.0_中山大安路口,樹林區,中山路二段89號(前人行道),24.98286,121.41182,30,6,24,1,2026-04-28 14:01:03,4,2
500231024,YouBike2.0_彭福國小,樹林區,國凱街/國凱街136巷口(東北側),24.9804,121.4233,40,5,35,1,2026-04-28 13:41:02,4,1
500231025,YouBike2.0_大同國小,樹林區,大元街2巷11號西北側,24.98114,121.41683,30,5,25,1,2026-04-28 14:21:03,5,0
500231026,YouBike2.0_東陽市民活動中心,樹林區,鎮前街467號(前),24.98205,121.41224,30,5,25,1,2026-04-28 13:57:02,4,1
500231027,YouBike2.0_山佳火車站,樹林區,山佳街47號(對面),24.97271,121.39317,25,10,15,1,2026-04-28 14:27:02,7,3
500231028,YouBike2.0_學成大成路口,樹林區,大成路與學成路口,24.94587,121.38236,37,17,20,1,2026-04-28 14:24:04,15,2
500231029,YouBike2.0_學成大義路口,樹林區,大義路182號,24.9453,121.37838,33,8,25,1,2026-04-28 14:19:02,7,1
500231030,YouBike2.0_森林公園,樹林區,學勤路382號對側,24.94819,121.37975,30,3,27,1,2026-04-28 14:16:03,2,1
500231031,YouBike2.0_中山立仁街口,樹林區,中山路一段177-1號(旁),24.9886,121.42178,21,2,19,1,2026-04-28 14:23:02,2,0
500231032,YouBike2.0_俊英街219巷口,樹林區,俊英街/俊英街219巷口,25.01294,121.42365,17,7,10,1,2026-04-28 14:03:03,6,1
500231033,YouBike2.0_柑園街一段51巷口,樹林區,柑園街一段45號(對面),24.96029,121.40316,18,11,7,1,2026-04-28 14:20:04,6,5
500231034,YouBike2.0_八德街東豐街口,樹林區,八德街/東豐街口(東南側),24.97427,121.41946,12,6,6,1,2026-04-28 14:28:03,5,1
500231035,YouBike2.0_學勤大有路口,樹林區,學勤路/大有路口(東南側),24.94864,121.38399,18,9,9,1,2026-04-28 14:15:03,6,3
500231036,YouBike2.0_三多國小,樹林區,三福街89號北側,25.01638,121.40701,26,7,19,1,2026-04-28 14:21:03,7,0
500231037,YouBike2.0_樹林區公所,樹林區,博愛街198-5號對側,24.98976,121.42477,37,16,20,1,2026-04-28 14:24:04,16,0
500231038,YouBike2.0_樹林大安活動中心,樹林區,復興路372巷24號,24.98636,121.41489,44,0,44,1,2026-04-28 13:59:23,0,0
500231039,YouBike2.0_新北市立圖書館樹林東昇分館,樹林區,中山路二段80號(對面),24.98379,121.41503,20,9,11,1,2026-04-28 14:01:03,9,0
500231040,YouBike2.0_億光電子(樹林高中),樹林區,中華路與樹中二街口,24.98356,121.4236,41,28,13,1,2026-04-28 14:28:03,28,0
500231041,YouBike2.0_四維國凱街口(立天下社區),樹林區,四維路與國凱街口,24.97934,121.42241,44,5,39,1,2026-04-28 14:27:02,5,0
500231042,YouBike2.0_柑園五里聯合活動中心,樹林區,佳園路三段128號(前),24.95096,121.38646,25,7,18,1,2026-04-28 13:59:03,3,4
500231043,YouBike2.0_中正保安街三段口,樹林區,中正路/保安街三段口(西南側),25.01239,121.41274,11,0,11,1,2026-04-28 14:09:20,0,0
500231044,YouBike2.0_大安文化街口,樹林區,大安文化街口南側,24.98962,121.41595,21,4,17,1,2026-04-28 13:53:02,4,0
500231045,YouBike2.0_中正千歲街口,樹林區,中正路/千歲街(東北側),24.99948,121.42756,17,3,14,1,2026-04-28 14:25:03,2,1
500231046,YouBike2.0_中華路12巷口,樹林區,中華路/中華路12巷(東北側),24.982608838794,121.42111571570142,20,14,6,1,2026-04-28 12:55:03,13,1
500231047,YouBike2.0_鹿角溪公園,樹林區,鹿角溪公園(東南側),24.97151,121.39591,13,2,11,1,2026-04-28 12:26:02,0,2
500231048,YouBike2.0_東興街,樹林區,東興街12號(對面),24.97872,121.40999,15,8,7,1,2026-04-28 12:34:02,7,1
500231049,YouBike2.0_東大街,樹林區,東大街162號(對面),24.97563,121.40947,15,12,3,1,2026-04-28 11:59:02,12,0
500231050,YouBike2.0_東順街36巷口,樹林區,東順街23號(對面),24.97831,121.41149,11,9,2,1,2026-04-28 10:45:02,9,0
500231051,YouBike2.0_中華路379巷口,樹林區,中華路379巷2號(旁),24.97986,121.41239,14,6,8,1,2026-04-28 12:37:02,6,0
500231052,YouBike2.0_俊英街125巷口,樹林區,俊英街250號(對面),25.01080,121.42446,15,6,9,1,2026-04-28 14:14:04,3,3
500231053,YouBike2.0_中正路248巷口,樹林區,中正路246號(對面),25.00717,121.41774,10,6,4,1,2026-04-28 12:57:04,6,0
500231054,YouBike2.0_俊英大安路口,樹林區,俊英街/大安路(西北側),25.00379,121.42818,14,5,9,1,2026-04-28 14:25:18,0,5
500231055,YouBike2.0_柑園街二段363巷口,樹林區,柑園街二段357號對面(西側),24.94909,121.36809,12,9,3,1,2026-04-28 13:56:04,7,2
500231056,YouBike2.0_獇寮公園,樹林區,保安街二段327號東側,25.00694,121.41264,12,10,2,1,2026-04-28 12:25:04,9,1
500231057,YouBike2.0_三俊街65巷口,樹林區,三俊街63號(對面),25.01585,121.41359,15,4,11,1,2026-04-28 14:13:02,4,0
500231058,YouBike2.0_俊興俊安街口,樹林區,俊興街148號(旁),25.01187,121.41691,15,5,10,1,2026-04-28 12:30:04,5,0
500231059,YouBike2.0_樹林藝文綜合行政大樓停車場,樹林區,樹新路135號(對面),24.99636,121.42853,18,7,11,1,2026-04-28 14:17:03,7,0
500231060,YouBike2.0_保安立體停車場,樹林區,保安街一段7號(旁),24.99334,121.42652,12,10,2,1,2026-04-28 14:19:02,10,0
500231061,YouBike2.0_大雅佳園路口,樹林區,大雅路1號,24.94447,121.38067,14,4,9,1,2026-04-28 14:23:02,3,1
500231062,YouBike2.0_樹林區第三平面停車場,樹林區,光明街9號(對面),24.98928,121.41107,13,3,10,1,2026-04-28 11:53:03,1,2
500231063,YouBike2.0_學府大雅路口,樹林區,學府路298號,24.95041,121.37901,15,6,9,1,2026-04-28 14:03:03,6,0
500231064,YouBike2.0_彭厝市場,樹林區,太平路122號後方,24.97848,121.41828,22,3,19,1,2026-04-28 14:25:03,2,1
500231065,YouBike2.0_福順街,樹林區,福順街27號(對面),24.97913,121.41555,13,3,10,1,2026-04-28 14:19:02,2,1
500231066,YouBike2.0_佳園學成路口,樹林區,佳園路三段260號(前),24.94695,121.38500,22,5,17,1,2026-04-28 14:28:03,4,1
500231067,YouBike2.0_東豐街85巷口,樹林區,東豐街83-1號(前),24.97375,121.41016,12,7,5,1,2026-04-28 09:34:03,6,1
500231068,YouBike2.0_八德中華路口,樹林區,八德街87號(前),24.98144,121.42002,15,13,2,1,2026-04-28 14:14:04,12,1
500231069,YouBike2.0_佳園路三段101巷80弄口,樹林區,佳園路三段101巷80弄1號(旁),24.94984,121.39488,15,8,7,1,2026-04-28 10:13:04,4,4
500231070,YouBike2.0_大成學士路口,樹林區,大成路/學士路(北側),24.94768,121.38196,17,4,13,1,2026-04-28 14:07:04,2,2
500231071,YouBike2.0_學府大成路口,樹林區,學府路/大成路(東側),24.95090,121.38139,14,0,14,1,2026-04-28 14:11:17,0,0
500231072,YouBike2.0_彭厝里(福順街),樹林區,福順街83號(西側),24.97757,121.41641,15,0,15,1,2026-04-28 14:10:21,0,0
500231073,YouBike2.0_佳園大成路口,樹林區,佳園路三段412號(西南側),24.94487,121.38362,14,6,8,1,2026-04-28 13:38:02,5,1
500231075,YouBike2.0_四維八德街口,樹林區,四維路/八德街口,24.98018,121.42107,15,3,12,1,2026-04-28 14:06:03,3,0
500231076,YouBike2.0_鎮前街347巷口,樹林區,鎮前街345號北側,24.98419,121.41638,16,1,15,1,2026-04-28 14:01:18,0,1
500231077,YouBike2.0_臺鐵樹林車站(後站停車場),樹林區,後站街3巷2號(對側),24.99089,121.42384,64,18,46,1,2026-04-28 13:56:04,18,0
500232001,YouBike2.0_牡丹車站,雙溪區,牡丹里牡丹路51號,25.0590226,121.8518644,60,46,14,1,2026-04-28 13:11:03,43,3
500232002,YouBike2.0_雙溪車站,雙溪區,朝陽街1號北側,25.03914,121.86650,55,17,37,1,2026-04-28 14:02:02,8,9
500233001,YouBike2.0_捷運徐匯中學站(1號出口),蘆洲區,中山一路12號(對面),25.080312,121.479941,38,13,25,1,2026-04-28 14:26:03,9,4
500233002,YouBike2.0_溪墘公園,蘆洲區,信義路73巷6號(對面),25.07997,121.47621,43,7,36,1,2026-04-28 14:23:02,3,4
500233003,YouBike2.0_蘆洲中路公園,蘆洲區,正和街72巷16號(對面),25.0818,121.46822,49,1,48,1,2026-04-28 14:28:03,1,0
500233004,YouBike2.0_蘆洲李宅古蹟,蘆洲區,中正路185巷68弄9號(對面人行道),25.08496,121.46655,30,5,25,1,2026-04-28 14:28:03,5,0
500233005,YouBike2.0_永安南路九芎街71巷口,蘆洲區,永安南路二段40-3號(斜對面),25.07756,121.46607,29,3,26,1,2026-04-28 14:25:02,3,0
500233006,YouBike2.0_永安圖書館,蘆洲區,永安南路二段152號(對面),25.07860,121.46223,31,6,25,1,2026-04-28 13:54:03,5,1
500233007,YouBike2.0_蘆洲中原公園,蘆洲區,光華路186巷31-45號(公園側人行道),25.08332,121.46389,45,0,45,1,2026-04-28 14:29:19,0,0
500233008,YouBike2.0_鴨母港抽水站,蘆洲區,永安南路二段342號(對面),25.08294,121.45673,30,1,28,1,2026-04-28 13:57:02,1,0
500233009,YouBike2.0_永康公園,蘆洲區,長安街220巷3號(對面公園人行道),25.08492,121.45821,39,1,38,1,2026-04-28 14:26:03,1,0
500233010,YouBike2.0_三民高中(民權路),蘆洲區,民權路90號(對面),25.08802,121.47393,45,1,43,1,2026-04-28 14:24:20,1,0
500233011,YouBike2.0_捷運三民高中站(1號出口),蘆洲區,三民路105號(旁),25.08582,121.47272,12,0,0,0,2025-07-17 13:33:03,0,0
500233012,YouBike2.0_永平公園,蘆洲區,永平街1號(旁),25.08999,121.45942,26,1,25,1,2026-04-28 14:29:19,1,0
500233013,YouBike2.0_林建生紀念圖書館,蘆洲區,三民路178號(前),25.08843,121.46988,37,2,35,1,2026-04-28 14:18:02,1,1
500233014,YouBike2.0_捷運蘆洲站,蘆洲區,三民路503號(對面),25.09164,121.46403,92,46,35,1,2026-04-28 14:28:03,27,19
500233015,YouBike2.0_柳堤公園,蘆洲區,長樂路/光明路口(東北側),25.08799,121.46219,41,2,39,1,2026-04-28 14:21:03,2,0
500233016,YouBike2.0_彩虹兒童公園,蘆洲區,光榮路120巷8弄23-41號(對面),25.08871,121.46460,22,8,14,1,2026-04-28 14:23:02,8,0
500233017,YouBike2.0_蘆洲三民公園,蘆洲區,三民路615號(對面),25.09431,121.46013,33,5,28,1,2026-04-28 14:14:04,5,0
500233018,YouBike2.0_仁愛廣場,蘆洲區,民權路141號(旁),25.09057,121.47162,44,1,43,1,2026-04-28 14:27:02,1,0
500233019,YouBike2.0_蘆洲延平派出所,蘆洲區,長安街102巷5弄6號(對面),25.08162,121.46162,38,1,37,1,2026-04-28 14:29:04,1,0
500233020,YouBike2.0_蘆洲國民運動中心,蘆洲區,長興路397號(對面),25.09195,121.46161,55,3,52,1,2026-04-28 14:29:04,2,1
500233021,YouBike2.0_三民中山一路口,蘆洲區,三民路8號前,25.08223,121.476,29,2,27,1,2026-04-28 14:24:04,1,1
500233022,YouBike2.0_永安兒童公園,蘆洲區,永安北路2段/永安北路2段35巷,25.08227,121.48224,40,15,24,1,2026-04-28 14:28:03,10,5
500233023,YouBike2.0_鷺江廣場,蘆洲區,信義路319巷22號(旁邊機車格前),25.08562,121.47769,32,5,26,1,2026-04-28 14:07:04,5,0
500233024,YouBike2.0_仁愛街70巷口,蘆洲區,仁愛街95號(對面),25.09398,121.47126,32,2,30,1,2026-04-28 14:20:04,1,1
500233025,YouBike2.0_水河里活動中心,蘆洲區,民族路408巷22-3號(前),25.09345,121.47448,31,0,31,1,2026-04-28 14:14:19,0,0
500233026,YouBike2.0_蘆洲重陽大樓,蘆洲區,集賢路245號(後方),25.08506,121.48189,28,1,27,1,2026-04-28 14:26:03,1,0
500233027,YouBike2.0_重陽公園,蘆洲區,集賢路221巷重陽活動中心,25.0857,121.484,41,1,40,1,2026-04-28 14:16:03,1,0
500233028,YouBike2.0_中山二永安南路口,蘆洲區,中山二路290號(前),25.07744,121.46868,14,6,7,1,2026-04-28 13:08:03,5,1
500233029,YouBike2.0_捷運三民高中站(2號出口),蘆洲區,復興路58號(旁),25.08577,121.47374,55,13,11,1,2026-04-28 14:26:03,13,0
500233030,YouBike2.0_鷺江國中(長興路298巷),蘆洲區,長興路298巷2-20號(對面),25.09005,121.46106,15,4,10,1,2026-04-28 14:28:03,3,1
500233031,YouBike2.0_三民長榮路口,蘆洲區,長榮路792號(對面),25.09328,121.4616,15,3,12,1,2026-04-28 14:23:02,2,1
500233032,YouBike2.0_捷運蘆洲站(1號出口),蘆洲區,三民路362-1號(前),25.09113,121.4651,48,31,14,1,2026-04-28 14:27:02,17,14
500233033,YouBike2.0_中山一和平路口,蘆洲區,中山一路293號(前),25.07919,121.47162,18,2,16,1,2026-04-28 14:01:03,2,0
500233034,YouBike2.0_永安南路二段16巷口,蘆洲區,永安南路二段18號(旁),25.07702,121.46765,10,1,9,1,2026-04-28 13:38:39,1,0
500233035,YouBike2.0_光華長榮路口,蘆洲區,光華路192號(前),25.08188,121.46407,16,0,16,1,2026-04-28 14:20:21,0,0
500233036,YouBike2.0_長榮路211巷口,蘆洲區,長榮路197號(前),25.08478,121.46108,17,1,16,1,2026-04-28 14:27:18,1,0
500233038,YouBike2.0_正和中正路口,蘆洲區,中正路69號(正和街側),25.08287,121.47059,12,0,12,1,2026-04-28 14:10:21,0,0
500233039,YouBike2.0_蘆洲兒五公園,蘆洲區,民族路236巷/復興路258巷(東北側),25.08858,121.48056,19,0,19,1,2026-04-28 14:09:20,0,0
500233040,YouBike2.0_普庵寺,蘆洲區,中興街79號(斜前方),25.08801,121.48214,23,0,22,1,2026-04-28 14:26:19,0,0
500233041,YouBike2.0_蘆洲鷺江停車場,蘆洲區,民權路26號,25.08619,121.47693,12,3,9,1,2026-04-28 14:23:02,3,0
500233042,YouBike2.0_中興復興路口,蘆洲區,復興路322號(旁),25.09016,121.48182,12,0,12,1,2026-04-28 11:43:16,0,0
500233043,YouBike2.0_鴨母港停車場,蘆洲區,環堤大道2號西側,25.08283,121.45584,14,3,11,1,2026-04-28 14:19:02,3,0
500233044,YouBike2.0_蘆洲中山立體停車場,蘆洲區,得勝街107號(旁),25.08355,121.47325,15,2,13,1,2026-04-28 14:29:04,0,2
500233045,YouBike2.0_民族路314巷口,蘆洲區,民族路245號(前),25.09020,121.47707,14,0,14,1,2026-04-28 14:11:17,0,0
500233046,YouBike2.0_永安長安街131巷口,蘆洲區,永安南路二段252號(對側),25.08033,121.45960,14,1,13,1,2026-04-28 14:28:03,1,0
500233047,YouBike2.0_國立空中大學(中正路174巷口),蘆洲區,中正路174巷1號(對面),25.08782,121.46720,15,3,12,1,2026-04-28 14:20:04,2,1
500233048,YouBike2.0_國道路二段88號,蘆洲區,國道路二段88號(東側),25.07455,121.47198,17,11,6,1,2026-04-28 14:14:04,8,3
500233049,YouBike2.0_蘆洲兒四公園,蘆洲區,民族路227巷24弄1號旁,25.08871,121.47625,17,3,14,1,2026-04-28 13:58:04,3,0
500233050,YouBike2.0_九芎街90巷口,蘆洲區,九芎街90巷6號(前),25.08024,121.46567,15,8,7,1,2026-04-28 14:29:04,5,3
500233051,YouBike2.0_民族路257巷/民族路327巷,蘆洲區,民族路257巷17號(對面),25.09021,121.47515,39,4,35,1,2026-04-28 14:19:02,4,0
500233052,YouBike2.0_三民民族路口,蘆洲區,三民路71號(旁),25.08367,121.47494,40,26,14,1,2026-04-28 14:20:04,25,1
500233053,YouBike2.0_永平公園(東南側),蘆洲區,長榮路395號(旁),25.08985,121.45909,21,0,21,1,2026-04-28 14:07:16,0,0
500233054,YouBike2.0_蘆洲仁愛國小(水湳街),蘆洲區,水湳街115-1號(旁),25.09209,121.46947,16,5,11,1,2026-04-28 14:18:02,5,0
500233055,YouBike2.0_捷運蘆洲站(蘆洲捷運公園),蘆洲區,三民路503號(對面),25.09165,121.46358,19,15,4,1,2026-04-28 14:29:04,7,8
500233056,YouBike2.0_蘆洲環河公園,蘆洲區,中正路513巷21弄口,25.09516,121.46046,16,4,12,1,2026-04-28 14:06:03,3,1
500233057,YouBike2.0_長興光華路186巷口,蘆洲區,長興路5號(對側),25.08285,121.46429,13,0,13,1,2026-04-28 14:23:17,0,0
500234001,YouBike2.0_鶯歌火車站(仁愛路),鶯歌區,仁愛路55號對側,24.95559,121.35441,59,44,14,1,2026-04-28 14:24:04,44,0
500234002,YouBike2.0_新北市立圖書館鶯歌分館,鶯歌區,中山路150號,24.9572,121.34946,20,4,16,1,2026-04-28 14:29:04,4,0
500234003,YouBike2.0_文化館前路口,鶯歌區,文化路407號旁,24.94948,121.35291,44,15,29,1,2026-04-28 14:17:03,15,0
500234004,YouBike2.0_鶯歌國民運動中心,鶯歌區,館前路250號運動中心前,24.95139,121.35733,38,19,19,1,2026-04-28 14:24:04,19,0
500234005,YouBike2.0_尖山國中,鶯歌區,國中街1號,24.94381,121.34207,20,6,14,1,2026-04-28 13:54:03,6,0
500234006,YouBike2.0_新北市立鶯歌高級工商職業學校,鶯歌區,中正三路154號,24.93923,121.33488,56,39,14,1,2026-04-28 14:27:02,26,13
500234007,YouBike2.0_鶯歌國中,鶯歌區,鶯桃路39-5號對側,24.95119,121.34256,30,20,9,1,2026-04-28 13:46:02,18,2
500234008,YouBike2.0_永吉國小,鶯歌區,德昌二街39號對側,24.95865,121.33308,20,7,13,1,2026-04-28 14:21:03,5,2
500234009,YouBike2.0_鳳祥公園,鶯歌區,鶯桃路365巷130號對側,24.96283,121.33025,20,6,14,1,2026-04-28 14:26:03,3,3
500234010,YouBike2.0_鳳鳴國小,鶯歌區,永和街120號,24.9692,121.3347,20,14,6,1,2026-04-28 14:09:03,13,1
500234011,YouBike2.0_國際二國際一路口,鶯歌區,國際二路與國際一路口,24.97577,121.3353,20,6,14,1,2026-04-28 11:08:03,4,2
500234012,YouBike2.0_鳳福公園,鶯歌區,鳳吉一街186號(對面),24.97572,121.32938,20,7,13,1,2026-04-28 14:21:03,6,1
500234013,YouBike2.0_尖山公園,鶯歌區,鶯歌區尖山路161號對面,24.9482,121.346,29,17,12,1,2026-04-28 13:47:02,17,0
500234014,YouBike2.0_永昌里兒一公園,鶯歌區,鶯桃路182巷96弄36-38號對側,24.956649374562204,121.33959628800724,20,7,13,1,2026-04-28 14:08:02,6,1
500234015,YouBike2.0_南雅育智路口,鶯歌區,南雅路491號(對面),24.954,121.346,22,8,14,1,2026-04-28 14:03:03,8,0
500234016,YouBike2.0_國中二甲路口,鶯歌區,國中街175號(前),24.939489067109363,121.33868650698287,20,8,12,1,2026-04-28 14:16:03,7,1
500234017,YouBike2.0_鶯歌永利街,鶯歌區,永利街16號(對面),24.95495,121.33911,15,5,10,1,2026-04-28 14:24:04,5,0
500234018,YouBike2.0_二橋虹橋公園,鶯歌區,中正三路400號(對面),24.93453,121.32595,10,5,5,1,2026-04-28 11:03:19,1,4
500234021,YouBike2.0_鳳吉四鳳七路口(捷士匯社區),鶯歌區,鳳吉四街57-75號(旁),24.97383,121.32769,40,8,31,1,2026-04-28 12:11:03,8,0
500234022,YouBike2.0_鶯歌老街第二停車場,鶯歌區,尖山埔路27-31號(對面),24.94895,121.34227,20,7,10,1,2026-04-28 12:21:03,7,0
500234023,YouBike2.0_建國中正一路口(北鶯社區),鶯歌區,建國路6號(對面空地),24.95658,121.35692,20,6,14,1,2026-04-28 14:18:02,5,1
500234024,YouBike2.0_三鶯水資源回收中心,鶯歌區,館前路360號(旁),24.95535,121.35996,14,5,9,1,2026-04-28 14:14:04,3,2
500234025,YouBike2.0_永和街65巷口,鶯歌區,永和街75號,24.96798,121.3331413,37,10,27,1,2026-04-28 14:20:04,4,6
500234026,YouBike2.0_鶯歌陶瓷博物館,鶯歌區,文化路200號(旁),24.95012,121.35245,22,5,16,1,2026-04-28 13:17:04,4,1
500234028,YouBike2.0_礫間停車場,鶯歌區,礫間停車場,24.95180,121.35445,20,12,8,1,2026-04-28 14:04:04,12,0
500234029,YouBike2.0_北鶯停車場,鶯歌區,北鶯停車場,24.95567,121.35992,20,15,5,1,2026-04-28 11:38:02,15,0
500234030,YouBike2.0_育英建國路口,鶯歌區,建國路280號(旁),24.95356,121.34693,12,2,8,1,2026-04-28 14:18:02,2,0
500234031,YouBike2.0_中正一仁愛路口,鶯歌區,中正一路181號(對面),24.95672,121.3532,15,8,7,1,2026-04-28 13:09:03,7,1
500234032,YouBike2.0_建國國小,鶯歌區,育英街19號(旁),24.95521,121.34727,15,2,13,1,2026-04-28 12:44:03,0,2
500234033,YouBike2.0_光明橋,鶯歌區,永明街78號(旁),24.95577,121.34128,14,5,9,1,2026-04-28 14:08:02,5,0
500234034,YouBike2.0_二橋派出所,鶯歌區,高職西街/中正三路口(西北側),24.94216,121.33884,11,6,5,1,2026-04-28 13:50:03,3,3
500234035,YouBike2.0_國中高職東街口,鶯歌區,國中路113至117-3號(對面),24.94117,121.34116,15,4,6,1,2026-04-28 14:05:03,4,0
500234036,YouBike2.0_尖山路高厝巷口,鶯歌區,尖山路276-5號(旁),24.94495,121.34102,15,5,10,1,2026-04-28 13:58:04,4,1
500234037,YouBike2.0_公八停車場,鶯歌區,國華路53號(對面),24.95515,121.34285,15,3,12,1,2026-04-28 13:07:02,3,0
500234038,YouBike2.0_龍三鳳鳴路口,鶯歌區,鳳鳴路541號,24.97286,121.33137,18,1,17,1,2026-04-28 14:29:04,0,1
500234039,YouBike2.0_鳳福鳳三路口,鶯歌區,鳳三路360號,24.97567,121.33143,22,8,14,1,2026-04-28 13:28:03,8,0
500234040,YouBike2.0_北鶯公園,鶯歌區,成功街20巷19號(旁),24.95777,121.35942,15,1,14,1,2026-04-28 14:13:02,1,0
500234041,YouBike2.0_鶯歌火車站(文化路),鶯歌區,文化路/文化路115巷(北側),24.95536,121.35697,25,7,16,1,2026-04-28 13:04:03,5,2
500234042,YouBike2.0_鳳七鶯歌路口,鶯歌區,鶯歌路101-107號(旁),24.96916,121.33193,11,2,9,1,2026-04-28 14:04:04,1,1
500234043,YouBike2.0_國際一路112巷口,鶯歌區,國際一路167號(前),24.97667,121.33579,15,5,10,1,2026-04-28 14:24:04,1,4
500234044,YouBike2.0_臺鐵鳳鳴站,鶯歌區,鳳一路/鶯歌路口,24.97227,121.33674,40,2,12,1,2026-04-28 14:29:04,0,2
500234045,YouBike2.0_鶯歌陶瓷老街,鶯歌區,重慶街/國慶街(西南側),24.95219,121.35100,33,11,22,1,2026-04-28 13:37:04,11,0
500234046,YouBike2.0_鶯歌火車站(仁愛路62號),鶯歌區,仁愛路62號(東側),24.95505,121.35407,42,22,19,1,2026-04-28 14:28:03,19,3
500234047,YouBike2.0_臺鐵鳳鳴站(鶯歌路),鶯歌區,鶯歌路276號(對面),24.97189,121.33651,20,13,4,1,2026-04-28 14:20:04,9,4
500234048,YouBike2.0_光明育智路口,鶯歌區,光明街126號(東南側),24.95587,121.34560,14,5,9,1,2026-04-28 14:05:03,4,1
500234049,YouBike2.0_新鳳公園,鶯歌區,鶯桃路二段60號(對側),24.97320,121.32474,14,4,10,1,2026-04-28 14:19:02,3,1
500234050,YouBike2.0_鳳鳴機器人公園,鶯歌區,鳳鳴路/福安街7巷24弄口,24.96618,121.33465,17,4,13,1,2026-04-28 13:31:03,4,0
500234051,YouBike2.0_龍五鳳七路口,鶯歌區,龍五路/鳳七路口,24.97043,121.33101,30,14,16,1,2026-04-28 13:24:02,12,2
500234052,YouBike2.0_龍鳳夜市,鶯歌區,鳳三路/龍三路(東南側),24.97329,121.33331,30,13,16,1,2026-04-28 13:55:03,13,0
500234053,YouBike2.0_中湖市民活動中心,鶯歌區,中湖街21號,24.97298,121.34720,20,7,13,1,2026-04-28 12:16:03,2,5
500234054,YouBike2.0_鳳一鳳吉一街口,鶯歌區,鳳吉一街259號(旁),24.97677,121.33170,20,6,14,1,2026-04-28 14:09:03,6,0
500234055,YouBike2.0_鳳五路122號前,鶯歌區,鳳五路122號前,24.97316,121.32991,18,4,14,1,2026-04-28 13:46:02,4,0
500234058,YouBike2.0_鳳三龍七路口,鶯歌區,鳳三路68號,24.97204,121.33467,18,8,10,1,2026-04-28 14:25:03,8,0
