稽查日期,city,district,檢驗點,normalized_check_point,大腸桿菌群,ecoli_value_type,ecoli_numeric_value,ecoli_gt_1,總菌落數,自由有效餘氯（數值）,氫離子濃度指數（數值）
110年1月,臺北市,中山區,新生北路三段101號,新生北路3段101號,<1,less_than,1,0,<1,0.56,7.4
110年1月,臺北市,內湖區,內溝里康樂街206-4號旁附近,內溝里康樂街206-4號旁附近,<1,less_than,1,0,<1,0.65,7.4
110年1月,臺北市,內湖區,康寧路3段99巷17弄26號旁,康寧路3段99巷17弄26號旁,<1,less_than,1,0,<1,0.56,7.5
110年1月,臺北市,松山區,民權東路5段41-1號,民權東路5段41-1號,<1,less_than,1,0,<1,0.58,7.5
110年1月,臺北市,松山區,臺北市松山區南京東路4段52巷16弄口,南京東路4段52巷16弄口,<1,less_than,1,0,<1,0.58,7.4
110年1月,臺北市,南港區,中坡南路51號,中坡南路51號,<1,less_than,1,0,<1,0.49,7.5
110年1月,臺北市,大安區,建國南路1段354號,建國南路1段354號,<1,less_than,1,0,<1,0.66,7.4
110年1月,臺北市,大安區,師大路107號,師大路107號,<1,less_than,1,0,<1,0.68,7.4
110年1月,臺北市,文山區,木柵路1段280號,木柵路1段280號,<1,less_than,1,0,<1,0.6,7.3
110年1月,臺北市,文山區,景福街19號1樓,景福街19號1樓,<1,less_than,1,0,<1,0.62,7.3
110年1月,臺北市,文山區,興隆路2段234號,興隆路2段234號,<1,less_than,1,0,<1,0.63,7.3
110年1月,臺北市,信義區,莊敬路393號,莊敬路393號,<1,less_than,1,0,<1,0.65,7.4
110年1月,臺北市,萬華區,西園路1段127號,西園路1段127號,<1,less_than,1,0,<1,0.59,7.5
110年1月,臺北市,萬華區,西寧南路124號,西寧南路124號,<1,less_than,1,0,<1,0.55,7.5
110年1月,臺北市,萬華區,西藏路171號,西藏路171號,<1,less_than,1,0,<1,0.66,7.5
110年1月,臺北市,萬華區,長泰街8號,長泰街8號,<1,less_than,1,0,<1,0.62,7.5
110年1月,臺北市,萬華區,莒光路176號,莒光路176號,<1,less_than,1,0,<1,0.66,7.6
110年1月,臺北市,萬華區,萬大路423巷115號,萬大路423巷115號,<1,less_than,1,0,<1,0.59,7.5
110年1月,臺北市,大同區,大龍街126號,大龍街126號,<1,less_than,1,0,<1,0.47,7.2
110年1月,臺北市,大同區,延平北路2段61巷16號,延平北路2段61巷16號,<1,less_than,1,0,<1,0.39,7.2
110年1月,臺北市,大同區,昌吉街118號,昌吉街118號,<1,less_than,1,0,<1,0.45,7.2
110年1月,臺北市,大同區,哈密街59巷﹝龍塘綠地﹞,哈密街59巷﹝龍塘綠地﹞,<1,less_than,1,0,<1,0.39,7.2
110年1月,臺北市,大同區,迪化街1段268號,迪化街1段268號,<1,less_than,1,0,<1,0.41,7.2
110年1月,臺北市,中山區,長安西路36號,長安西路36號,<1,less_than,1,0,<1,0.49,7.1
110年1月,臺北市,士林區,後港街38巷臨5之1號,後港街38巷臨5之1號,<1,less_than,1,0,<1,0.4,7.2
110年1月,臺北市,士林區,天母東路69巷30號,天母東路69巷30號,<1,less_than,1,0,<1,0.46,7
110年1月,臺北市,士林區,至善路2段322巷口,至善路2段322巷口,<1,less_than,1,0,<1,0.49,7.5
110年1月,臺北市,士林區,華齡街2巷口,華齡街2巷口,<1,less_than,1,0,<1,0.37,7.4
110年1月,臺北市,士林區,中山北路5段460巷1號,中山北路5段460巷1號,<1,less_than,1,0,<1,0.6,7
110年1月,臺北市,北投區,行義路一段五福宮旁,行義路1段五福宮旁,<1,less_than,1,0,<1,0.52,7
110年1月,臺北市,內湖區,大湖街116巷內,大湖街116巷內,<1,less_than,1,0,<1,0.54,7.6
110年1月,臺北市,信義區,永吉路120巷92號,永吉路120巷92號,<1,less_than,1,0,<1,0.61,7.6
110年1月,臺北市,南港區,研究院路二段1號,研究院路2段1號,<1,less_than,1,0,<1,0.59,7.6
110年1月,臺北市,北投區,興東街1號對面,興東街1號對面,<1,less_than,1,0,<1,0.55,7.7
110年1月,臺北市,中山區,民族東路臨41號,民族東路臨41號,<1,less_than,1,0,<1,0.62,7.5
110年1月,臺北市,松山區,延壽街373號,延壽街373號,<1,less_than,1,0,<1,0.61,7.5
110年1月,臺北市,松山區,臺北市松山區八德路2段364巷5弄29號對面,八德路2段364巷5弄29號對面,<1,less_than,1,0,<1,0.5,7.7
110年1月,臺北市,萬華區,桂林路167巷14號（三清宮）,桂林路167巷14號（三清宮）,<1,less_than,1,0,<1,0.64,7.7
110年1月,臺北市,大安區,辛亥路二段171巷21號對面,辛亥路2段171巷21號對面,<1,less_than,1,0,<1,0.62,7.6
110年1月,臺北市,大安區,和平東路三段308巷15弄涼亭旁,和平東路3段308巷15弄涼亭旁,<1,less_than,1,0,<1,0.46,7.7
110年1月,臺北市,中正區,思源街1號,思源街1號,<1,less_than,1,0,<1,0.63,7.5
110年1月,臺北市,文山區,木新路3段55號,木新路3段55號,<1,less_than,1,0,<1,0.54,7.7
110年1月,臺北市,文山區,羅斯福路六段268號,羅斯福路6段268號,<1,less_than,1,0,<1,0.64,7.7
110年1月,臺北市,士林區,至善路二段449號,至善路2段449號,<1,less_than,1,0,<1,0.58,7.5
110年1月,臺北市,士林區,格致路198號,格致路198號,<1,less_than,1,0,<1,0.65,7.2
110年1月,臺北市,中山區,中山北路1段110-7號,中山北路1段110-7號,<1,less_than,1,0,<1,0.55,7.3
110年1月,臺北市,北投區,承德路七段388號對面﹝北投加壓站﹞,承德路7段388號對面﹝北投加壓站﹞,<1,less_than,1,0,<1,0.61,7.6
110年2月,臺北市,中山區,新生北路三段101號,新生北路3段101號,<1,less_than,1,0,<1,0.61,7.3
110年2月,臺北市,內湖區,康寧路3段99巷17弄26號旁,康寧路3段99巷17弄26號旁,<1,less_than,1,0,<1,0.5,7.3
110年2月,臺北市,內湖區,康樂街236-5號附近（公車站旁）,康樂街236-5號附近（公車站旁）,<1,less_than,1,0,<1,0.5,7.3
110年2月,臺北市,松山區,民權東路5段41-1號,民權東路5段41-1號,<1,less_than,1,0,<1,0.62,7.4
110年2月,臺北市,松山區,臺北市松山區南京東路4段52巷16弄口,南京東路4段52巷16弄口,<1,less_than,1,0,<1,0.61,7.3
110年2月,臺北市,南港區,中坡南路51號,中坡南路51號,<1,less_than,1,0,<1,0.5,7.2
110年2月,臺北市,萬華區,西園路1段127號,西園路1段127號,<1,less_than,1,0,<1,0.7,7.4
110年2月,臺北市,萬華區,西寧南路124號,西寧南路124號,<1,less_than,1,0,<1,0.51,7.4
110年2月,臺北市,萬華區,西藏路171號,西藏路171號,<1,less_than,1,0,<1,0.64,7.4
110年2月,臺北市,萬華區,長泰街8號,長泰街8號,<1,less_than,1,0,<1,0.6,7.3
110年2月,臺北市,萬華區,莒光路176號,莒光路176號,<1,less_than,1,0,<1,0.58,7.4
110年2月,臺北市,萬華區,萬大路423巷115號,萬大路423巷115號,<1,less_than,1,0,<1,0.59,7.2
110年2月,臺北市,大同區,大龍街126號,大龍街126號,<1,less_than,1,0,<1,0.6,7.5
110年2月,臺北市,大同區,延平北路2段61巷16號,延平北路2段61巷16號,<1,less_than,1,0,<1,0.47,7.5
110年2月,臺北市,大同區,昌吉街118號,昌吉街118號,<1,less_than,1,0,<1,0.6,7.5
110年2月,臺北市,大同區,哈密街59巷﹝龍塘綠地﹞,哈密街59巷﹝龍塘綠地﹞,<1,less_than,1,0,<1,0.5,7.4
110年2月,臺北市,大同區,迪化街1段268號,迪化街1段268號,<1,less_than,1,0,<1,0.47,7.5
110年2月,臺北市,大安區,建國南路1段354號,建國南路1段354號,<1,less_than,1,0,<1,0.61,7.5
110年2月,臺北市,大安區,師大路107號,師大路107號,<1,less_than,1,0,<1,0.58,7.5
110年2月,臺北市,中山區,長安西路36號,長安西路36號,<1,less_than,1,0,<1,0.58,7.5
110年2月,臺北市,文山區,木柵路1段280號,木柵路1段280號,<1,less_than,1,0,<1,0.59,7.4
110年2月,臺北市,文山區,景福街19號1樓,景福街19號1樓,<1,less_than,1,0,<1,0.62,7.4
110年2月,臺北市,文山區,興隆路2段234號,興隆路2段234號,<1,less_than,1,0,<1,0.62,7.5
110年2月,臺北市,信義區,莊敬路393號,莊敬路393號,<1,less_than,1,0,<1,0.63,7.5
110年2月,臺北市,士林區,中山北路5段320號,中山北路5段320號,<1,less_than,1,0,<1,0.59,7
110年2月,臺北市,士林區,天母東路69巷30號,天母東路69巷30號,<1,less_than,1,0,<1,0.62,7.4
110年2月,臺北市,士林區,至善路2段322巷口,至善路2段322巷口,<1,less_than,1,0,<1,0.5,7.5
110年2月,臺北市,士林區,後港街38巷臨5之1號,後港街38巷臨5之1號,<1,less_than,1,0,<1,0.61,7.3
110年2月,臺北市,士林區,華齡街2巷口,華齡街2巷口,<1,less_than,1,0,<1,0.58,7.4
110年2月,臺北市,北投區,行義路1號,行義路1號,<1,less_than,1,0,<1,0.61,7.1
110年2月,臺北市,內湖區,大湖街116巷內,大湖街116巷內,<1,less_than,1,0,<1,0.56,7.8
110年2月,臺北市,信義區,永吉路120巷92號,永吉路120巷92號,<1,less_than,1,0,<1,0.51,7.3
110年2月,臺北市,南港區,研究院路二段1號,研究院路2段1號,<1,less_than,1,0,<1,0.5,7.5
110年2月,臺北市,北投區,興東街1號對面,興東街1號對面,,missing,,0,,0.54,7.7
110年2月,臺北市,中山區,民族東路臨41號,民族東路臨41號,<1,less_than,1,0,<1,0.58,7.3
110年2月,臺北市,松山區,延壽街373號,延壽街373號,<1,less_than,1,0,<1,0.58,7.7
110年2月,臺北市,松山區,臺北市松山區八德路2段364巷5弄29號對面,八德路2段364巷5弄29號對面,<1,less_than,1,0,<1,0.55,7.8
110年2月,臺北市,萬華區,桂林路167巷14號（三清宮）,桂林路167巷14號（三清宮）,<1,less_than,1,0,<1,0.61,7.6
110年2月,臺北市,大安區,辛亥路二段171巷21號對面,辛亥路2段171巷21號對面,<1,less_than,1,0,<1,0.48,7.3
110年2月,臺北市,大安區,和平東路三段308巷15弄涼亭旁,和平東路3段308巷15弄涼亭旁,<1,less_than,1,0,<1,0.51,7.6
110年2月,臺北市,中正區,思源路1號,思源路1號,<1,less_than,1,0,<1,0.69,7.6
110年2月,臺北市,文山區,木新路3段55號,木新路3段55號,<1,less_than,1,0,<1,0.52,7.6
110年2月,臺北市,文山區,羅斯福路六段268號,羅斯福路6段268號,<1,less_than,1,0,<1,0.62,7.6
110年2月,臺北市,士林區,至善路二段449號,至善路2段449號,<1,less_than,1,0,<1,0.56,7.6
110年2月,臺北市,士林區,格致路198號,格致路198號,<1,less_than,1,0,<1,0.58,7.2
110年2月,臺北市,中山區,中山北路1段110-7號,中山北路1段110-7號,<1,less_than,1,0,<1,0.56,7.6
110年2月,臺北市,北投區,承德路七段388號對面﹝北投加壓站﹞,承德路7段388號對面﹝北投加壓站﹞,<1,less_than,1,0,<1,0.51,7.6
110年3月,臺北市,內湖區,大湖街116巷內,大湖街116巷內,<1,less_than,1,0,<1,0.6,7.5
110年3月,臺北市,信義區,永吉路120巷92號,永吉路120巷92號,<1,less_than,1,0,<1,0.6,7.2
110年3月,臺北市,南港區,研究院路二段1號,研究院路2段1號,<1,less_than,1,0,<1,0.4,7.4
110年3月,臺北市,北投區,興東街1號對面,興東街1號對面,<1,less_than,1,0,<1,0.5,7.5
110年3月,臺北市,大安區,長興街131號,長興街131號,<1,less_than,1,0,<1,0.59,7.3
110年3月,臺北市,中正區,思源街1號,思源街1號,<1,less_than,1,0,<1,0.67,7.3
110年3月,新北市,新店區,新北市新店區直潭路127號,直潭路127號,<1,less_than,1,0,<1,0.67,7.2
110年3月,臺北市,士林區,至善路3段110號,至善路3段110號,<1,less_than,1,0,<1,0.65,7.3
110年3月,臺北市,士林區,菁山路101巷79號,菁山路101巷79號,<1,less_than,1,0,<1,0.63,7.4
110年3月,臺北市,北投區,泉源路260號,泉源路260號,<1,less_than,1,0,<1,0.67,7.5
110年3月,臺北市,北投區,鹿角坑加壓站 竹子湖路75-1號對面,鹿角坑加壓站 竹子湖路75-1號對面,<1,less_than,1,0,<1,0.69,7.9
110年3月,臺北市,中山區,民族東路臨41號,民族東路臨41號,<1,less_than,1,0,<1,0.56,7.5
110年3月,臺北市,松山區,延壽街373號,延壽街373號,<1,less_than,1,0,<1,0.57,7.6
110年3月,臺北市,松山區,臺北市松山區八德路2段364巷5弄29號對面,八德路2段364巷5弄29號對面,<1,less_than,1,0,<1,0.51,7.5
110年3月,臺北市,萬華區,桂林路167巷14號（三清宮）,桂林路167巷14號（三清宮）,<1,less_than,1,0,<1,0.53,7.2
110年3月,臺北市,大安區,辛亥路二段171巷21號對面,辛亥路2段171巷21號對面,<1,less_than,1,0,<1,0.58,7.3
110年3月,臺北市,大安區,和平東路三段308巷15弄涼亭旁,和平東路3段308巷15弄涼亭旁,<1,less_than,1,0,<1,0.5,7.7
110年3月,臺北市,中正區,思源街1號,思源街1號,<1,less_than,1,0,<1,0.52,7.7
110年3月,臺北市,文山區,木新路3段55號,木新路3段55號,<1,less_than,1,0,<1,0.53,7.7
110年3月,臺北市,文山區,羅斯福路六段268號,羅斯福路6段268號,<1,less_than,1,0,<1,0.53,7.7
110年3月,臺北市,士林區,至善路二段449號,至善路2段449號,<1,less_than,1,0,<1,0.55,7.4
110年3月,臺北市,士林區,格致路198號,格致路198號,<1,less_than,1,0,<1,0.66,7.1
110年3月,臺北市,中山區,中山北路1段110-7號,中山北路1段110-7號,<1,less_than,1,0,<1,0.49,7.4
110年3月,臺北市,北投區,承德路七段388號對面﹝北投加壓站﹞,承德路7段388號對面﹝北投加壓站﹞,<1,less_than,1,0,<1,0.58,7.4
110年3月,臺北市,中山區,新生北路三段101號,新生北路3段101號,<1,less_than,1,0,<1,0.54,7.4
110年3月,臺北市,內湖區,內溝里康樂街206-4號旁附近,內溝里康樂街206-4號旁附近,<1,less_than,1,0,<1,0.56,7.4
110年3月,臺北市,內湖區,康寧路3段99巷17弄26號旁,康寧路3段99巷17弄26號旁,<1,less_than,1,0,<1,0.55,7.3
110年3月,臺北市,松山區,八德路3段99巷12號前,八德路3段99巷12號前,<1,less_than,1,0,<1,0.55,7.3
110年3月,臺北市,松山區,民權東路5段41-1號,民權東路5段41-1號,<1,less_than,1,0,<1,0.55,7.3
110年3月,臺北市,南港區,中坡南路51號,中坡南路51號,<1,less_than,1,0,<1,0.4,7.3
110年3月,臺北市,大安區,建國南路1段354號,建國南路1段354號,<1,less_than,1,0,<1,0.57,7.4
110年3月,臺北市,大安區,師大路107號,師大路107號,<1,less_than,1,0,<1,0.59,7.4
110年3月,臺北市,文山區,木柵路1段280號,木柵路1段280號,<1,less_than,1,0,<1,0.53,7.3
110年3月,臺北市,文山區,景福街19號1樓,景福街19號1樓,<1,less_than,1,0,<1,0.56,7.3
110年3月,臺北市,文山區,興隆路2段234號,興隆路2段234號,<1,less_than,1,0,<1,0.52,7.3
110年3月,臺北市,信義區,莊敬路393號,莊敬路393號,<1,less_than,1,0,<1,0.58,7.4
110年3月,臺北市,萬華區,西園路1段127號,西園路1段127號,<1,less_than,1,0,<1,0.56,7.4
110年3月,臺北市,萬華區,西寧南路124號,西寧南路124號,<1,less_than,1,0,<1,0.58,7.5
110年3月,臺北市,萬華區,西藏路171號,西藏路171號,<1,less_than,1,0,<1,0.61,7.4
110年3月,臺北市,萬華區,長泰街8號,長泰街8號,<1,less_than,1,0,<1,0.55,7.4
110年3月,臺北市,萬華區,莒光路176號,莒光路176號,<1,less_than,1,0,<1,0.6,7.5
110年3月,臺北市,萬華區,萬大路423巷115號,萬大路423巷115號,<1,less_than,1,0,<1,0.57,7.4
110年3月,臺北市,大同區,大龍街126號,大龍街126號,<1,less_than,1,0,<1,0.48,7.3
110年3月,臺北市,大同區,延平北路2段61巷16號,延平北路2段61巷16號,<1,less_than,1,0,<1,0.39,7.2
110年3月,臺北市,大同區,昌吉街118號,昌吉街118號,<1,less_than,1,0,<1,0.56,7.3
110年3月,臺北市,大同區,哈密街49巷口,哈密街49巷口,<1,less_than,1,0,<1,0.44,7.3
110年3月,臺北市,大同區,迪化街1段268號,迪化街1段268號,<1,less_than,1,0,<1,0.46,7.3
110年3月,臺北市,中山區,長安西路36號,長安西路36號,<1,less_than,1,0,<1,0.32,7.3
110年3月,臺北市,士林區,天母東路69巷30號,天母東路69巷30號,<1,less_than,1,0,<1,0.55,7.3
110年3月,臺北市,士林區,至善路2段322巷口,至善路2段322巷口,<1,less_than,1,0,<1,0.3,7.3
110年3月,臺北市,士林區,後港街38巷臨5之1號,後港街38巷臨5之1號,<1,less_than,1,0,<1,0.55,7.5
110年3月,臺北市,士林區,華齡街2巷口,華齡街2巷口,<1,less_than,1,0,<1,0.52,7.2
110年3月,臺北市,士林區,中山北路5段460巷1號,中山北路5段460巷1號,<1,less_than,1,0,<1,0.55,7.1
110年3月,臺北市,北投區,行義路一段五福宮旁,行義路1段五福宮旁,<1,less_than,1,0,<1,0.4,7
110年4月,臺北市,中山區,新生北路三段101號,新生北路3段101號,<1,less_than,1,0,<1,0.53,7.3
110年4月,臺北市,內湖區,康寧路3段99巷17弄26號旁,康寧路3段99巷17弄26號旁,<1,less_than,1,0,<1,0.53,7.3
110年4月,臺北市,內湖區,康樂街206號附近,康樂街206號附近,<1,less_than,1,0,<1,0.57,7.3
110年4月,臺北市,松山區,八德路3段99巷12號前,八德路3段99巷12號前,<1,less_than,1,0,<1,0.51,7.3
110年4月,臺北市,松山區,民權東路5段41-1號,民權東路5段41-1號,<1,less_than,1,0,<1,0.54,7.4
110年4月,臺北市,南港區,中坡南路51號,中坡南路51號,<1,less_than,1,0,<1,0.58,7.5
110年4月,臺北市,大安區,建國南路1段354號,建國南路1段354號,<1,less_than,1,0,<1,0.59,7.5
110年4月,臺北市,大安區,羅斯福路3段197號,羅斯福路3段197號,<1,less_than,1,0,<1,0.63,7.5
110年4月,臺北市,文山區,木柵路1段280號,木柵路1段280號,<1,less_than,1,0,<1,0.62,7.4
110年4月,臺北市,文山區,景福街19號1樓,景福街19號1樓,<1,less_than,1,0,<1,0.59,7.4
110年4月,臺北市,文山區,興隆路2段234號,興隆路2段234號,<1,less_than,1,0,<1,0.67,7.4
110年4月,臺北市,信義區,莊敬路393號,莊敬路393號,<1,less_than,1,0,<1,0.6,7.4
110年4月,臺北市,萬華區,西園路1段127號,西園路1段127號,<1,less_than,1,0,<1,0.57,7.4
110年4月,臺北市,萬華區,西寧南路124號,西寧南路124號,<1,less_than,1,0,<1,0.59,7.4
110年4月,臺北市,萬華區,西藏路171號,西藏路171號,<1,less_than,1,0,<1,0.63,7.3
110年4月,臺北市,萬華區,長泰街8號,長泰街8號,<1,less_than,1,0,<1,0.64,7.3
110年4月,臺北市,萬華區,莒光路176號,莒光路176號,<1,less_than,1,0,<1,0.6,7.4
110年4月,臺北市,萬華區,萬大路423巷115號,萬大路423巷115號,<1,less_than,1,0,<1,0.59,7.3
110年4月,臺北市,大同區,大龍街126號,大龍街126號,<1,less_than,1,0,<1,0.51,7.4
110年4月,臺北市,大同區,延平北路2段61巷16號,延平北路2段61巷16號,<1,less_than,1,0,<1,0.5,7.3
110年4月,臺北市,大同區,昌吉街118號,昌吉街118號,<1,less_than,1,0,<1,0.58,7.3
110年4月,臺北市,大同區,哈密街59巷﹝龍塘綠地﹞,哈密街59巷﹝龍塘綠地﹞,<1,less_than,1,0,<1,0.54,7.3
110年4月,臺北市,大同區,迪化街1段268號,迪化街1段268號,<1,less_than,1,0,<1,0.5,7.3
110年4月,臺北市,中山區,長安西路36號,長安西路36號,<1,less_than,1,0,<1,0.57,7.3
110年4月,臺北市,士林區,中山北路5段320號,中山北路5段320號,<1,less_than,1,0,<1,0.63,7.2
110年4月,臺北市,士林區,天母東路69巷30號,天母東路69巷30號,<1,less_than,1,0,<1,0.61,7.2
110年4月,臺北市,士林區,至善路2段322巷口,至善路2段322巷口,<1,less_than,1,0,<1,0.34,7.4
110年4月,臺北市,士林區,後港街38巷臨5之1號,後港街38巷臨5之1號,<1,less_than,1,0,<1,0.54,7.1
110年4月,臺北市,士林區,華齡街2巷口,華齡街2巷口,<1,less_than,1,0,<1,0.52,7.2
110年4月,臺北市,北投區,行義路一段五福宮旁,行義路1段五福宮旁,<1,less_than,1,0,<1,0.58,7.1
110年4月,臺北市,內湖區,臺北市內湖區大湖街166巷大湖公園入口旁,大湖街166巷大湖公園入口旁,<1,less_than,1,0,<1,0.44,7.7
110年4月,臺北市,信義區,永吉路120巷92號,永吉路120巷92號,<1,less_than,1,0,<1,0.62,7.5
110年4月,臺北市,南港區,研究院路二段1號,研究院路2段1號,<1,less_than,1,0,<1,0.41,7.8
110年4月,臺北市,北投區,興東街1號對面,興東街1號對面,<1,less_than,1,0,<1,0.55,7.8
110年4月,臺北市,中山區,民族東路臨41號,民族東路臨41號,<1,less_than,1,0,<1,0.54,7.5
110年4月,臺北市,松山區,延壽街373號,延壽街373號,<1,less_than,1,0,<1,0.63,7.4
110年4月,臺北市,松山區,臺北市松山區八德路2段364巷5弄29號對面,八德路2段364巷5弄29號對面,<1,less_than,1,0,<1,0.62,7.5
110年4月,臺北市,萬華區,桂林路167巷14號（三清宮）,桂林路167巷14號（三清宮）,<1,less_than,1,0,<1,0.58,7.5
110年4月,臺北市,大安區,大安區四維路52巷1號對面,四維路52巷1號對面,<1,less_than,1,0,<1,0.64,7.3
110年4月,臺北市,大安區,和平東路三段308巷15弄涼亭旁,和平東路3段308巷15弄涼亭旁,<1,less_than,1,0,<1,0.68,7.3
110年4月,臺北市,中正區,思源街1號,思源街1號,<1,less_than,1,0,<1,0.67,7.1
110年4月,臺北市,文山區,木新路3段55號,木新路3段55號,<1,less_than,1,0,<1,0.53,7.2
110年4月,臺北市,文山區,羅斯福路六段268號,羅斯福路6段268號,<1,less_than,1,0,<1,0.65,7.4
110年4月,臺北市,士林區,至善路二段449號,至善路2段449號,<1,less_than,1,0,<1,0.58,7.3
110年4月,臺北市,士林區,格致路198號,格致路198號,<1,less_than,1,0,<1,0.61,6.9
110年4月,臺北市,中山區,中山北路1段110-7號,中山北路1段110-7號,<1,less_than,1,0,<1,0.59,7.3
110年4月,臺北市,北投區,承德路七段388號對面﹝北投加壓站﹞,承德路7段388號對面﹝北投加壓站﹞,<1,less_than,1,0,<1,0.57,7.3
110年5月,臺北市,中山區,新生北路三段101號,新生北路3段101號,<1,less_than,1,0,<1,0.56,7.2
110年5月,臺北市,內湖區,康寧路3段99巷17弄26號旁,康寧路3段99巷17弄26號旁,<1,less_than,1,0,<1,0.52,7.2
110年5月,臺北市,內湖區,康樂街236-5號附近（公車站旁）,康樂街236-5號附近（公車站旁）,<1,less_than,1,0,<1,0.56,7.2
110年5月,臺北市,松山區,民權東路5段41-1號,民權東路5段41-1號,<1,less_than,1,0,<1,0.6,7.2
110年5月,臺北市,松山區,臺北市松山區南京東路4段52巷16弄口,南京東路4段52巷16弄口,<1,less_than,1,0,<1,0.54,7.1
110年5月,臺北市,南港區,中坡南路51號,中坡南路51號,<1,less_than,1,0,<1,0.51,7.2
110年5月,臺北市,大安區,建國南路1段354號,建國南路1段354號,<1,less_than,1,0,<1,0.62,7.3
110年5月,臺北市,大安區,師大路107號,師大路107號,<1,less_than,1,0,<1,0.61,7.3
110年5月,臺北市,文山區,木柵路1段280號,木柵路1段280號,<1,less_than,1,0,<1,0.65,7.2
110年5月,臺北市,文山區,景福街19號1樓,景福街19號1樓,<1,less_than,1,0,<1,0.61,7.2
110年5月,臺北市,文山區,興隆路2段234號,興隆路2段234號,<1,less_than,1,0,<1,0.62,7.2
110年5月,臺北市,信義區,莊敬路393號,莊敬路393號,<1,less_than,1,0,<1,0.65,7.3
110年5月,臺北市,萬華區,西園路1段127號,西園路1段127號,<1,less_than,1,0,<1,0.57,7.4
110年5月,臺北市,萬華區,西寧南路124號,西寧南路124號,<1,less_than,1,0,<1,0.57,7.4
110年5月,臺北市,萬華區,西藏路171號,西藏路171號,<1,less_than,1,0,<1,0.63,7.4
110年5月,臺北市,萬華區,長泰街8號,長泰街8號,<1,less_than,1,0,<1,0.67,7.3
110年5月,臺北市,萬華區,莒光路176號,莒光路176號,<1,less_than,1,0,<1,0.62,7.4
110年5月,臺北市,萬華區,萬大路423巷115號,萬大路423巷115號,<1,less_than,1,0,<1,0.56,7.3
110年5月,臺北市,大安區,長興街131號,長興街131號,<1,less_than,1,0,<1,0.65,7.4
110年5月,臺北市,中正區,思源街1號,思源街1號,<1,less_than,1,0,<1,0.62,7.4
110年5月,新北市,新店區,直潭路127號(直潭淨水場),直潭路127號(直潭淨水場),<1,less_than,1,0,<1,0.62,7.1
110年5月,臺北市,士林區,至善路3段110號,至善路3段110號,<1,less_than,1,0,<1,0.62,7.4
110年5月,臺北市,士林區,菁山路101巷79號,菁山路101巷79號,<1,less_than,1,0,<1,0.67,7.5
110年5月,臺北市,北投區,泉源路260號,泉源路260號,<1,less_than,1,0,<1,0.64,7.9
110年5月,臺北市,北投區,泉源路260號,泉源路260號,<1,less_than,1,0,<1,0.58,7.4
110年5月,臺北市,士林區,天母東路69巷30號,天母東路69巷30號,<1,less_than,1,0,<1,0.47,7.2
110年5月,臺北市,士林區,至善路2段322巷口,至善路2段322巷口,<1,less_than,1,0,<1,0.25,7.4
110年5月,臺北市,士林區,後港街38巷臨5之1號,後港街38巷臨5之1號,<1,less_than,1,0,<1,0.47,7.1
110年5月,臺北市,士林區,華齡街2巷口,華齡街2巷口,<1,less_than,1,0,<1,0.47,7.2
110年5月,臺北市,士林區,中山北路5段460巷1號,中山北路5段460巷1號,<1,less_than,1,0,<1,0.42,7
110年5月,臺北市,北投區,行義路一段五福宮旁,行義路1段五福宮旁,<1,less_than,1,0,<1,0.58,7
110年5月,臺北市,中山區,民族東路臨41號,民族東路臨41號,<1,less_than,1,0,<1,0.37,7.2
110年5月,臺北市,內湖區,臺北市內湖區大湖街166巷大湖公園入口旁,大湖街166巷大湖公園入口旁,<1,less_than,1,0,<1,0.51,7.2
110年5月,臺北市,松山區,延壽街373號,延壽街373號,<1,less_than,1,0,<1,0.5,7.2
110年5月,臺北市,松山區,臺北市松山區八德路2段364巷5弄29號對面,八德路2段364巷5弄29號對面,<1,less_than,1,0,<1,0.58,7.2
110年5月,臺北市,信義區,永吉路120巷92號,永吉路120巷92號,<1,less_than,1,0,<1,0.62,7.4
110年5月,臺北市,南港區,研究院路二段1號,研究院路2段1號,<1,less_than,1,0,<1,0.42,7.2
110年5月,臺北市,北投區,興東街1號對面,興東街1號對面,<1,less_than,1,0,<1,0.47,7.4
110年5月,臺北市,士林區,至善路二段449號,至善路2段449號,<1,less_than,1,0,<1,0.39,7.2
110年5月,臺北市,士林區,格致路198號,格致路198號,<1,less_than,1,0,<1,0.52,6.8
110年5月,臺北市,大安區,大安區四維路52巷1號對面,四維路52巷1號對面,<1,less_than,1,0,<1,0.62,7.3
110年5月,臺北市,大安區,和平東路三段308巷15弄涼亭旁,和平東路3段308巷15弄涼亭旁,<1,less_than,1,0,<1,0.46,7.3
110年5月,臺北市,中山區,中山北路1段110-7號,中山北路1段110-7號,<1,less_than,1,0,<1,0.54,7.3
110年5月,臺北市,中正區,思源街1號,思源街1號,<1,less_than,1,0,<1,0.63,7.1
110年5月,臺北市,文山區,木新路3段55號,木新路3段55號,<1,less_than,1,0,<1,0.59,7.2
110年5月,臺北市,文山區,羅斯福路六段268號,羅斯福路6段268號,<1,less_than,1,0,<1,0.55,7.4
110年5月,臺北市,北投區,承德路七段388號對面﹝北投加壓站﹞,承德路7段388號對面﹝北投加壓站﹞,<1,less_than,1,0,<1,0.48,7.2
110年5月,臺北市,大同區,大龍街126號,大龍街126號,<1,less_than,1,0,<1,0.41,7.1
110年5月,臺北市,大同區,延平北路2段61巷16號,延平北路2段61巷16號,<1,less_than,1,0,<1,0.43,7.1
110年5月,臺北市,大同區,昌吉街118號,昌吉街118號,<1,less_than,1,0,<1,0.43,7
110年5月,臺北市,大同區,哈密街59巷﹝龍塘綠地﹞,哈密街59巷﹝龍塘綠地﹞,<1,less_than,1,0,<1,0.52,7
110年5月,臺北市,大同區,迪化街1段268號,迪化街1段268號,<1,less_than,1,0,<1,0.43,7.1
110年5月,臺北市,中山區,長安西路36號,長安西路36號,<1,less_than,1,0,<1,0.35,7.1
110年6月,臺北市,士林區,至善路3段110號,至善路3段110號,<1,less_than,1,0,<1,0.66,7.2
110年6月,臺北市,士林區,菁山路101巷79號,菁山路101巷79號,<1,less_than,1,0,4,0.65,6.8
110年6月,臺北市,北投區,泉源路260號,泉源路260號,<1,less_than,1,0,<1,0.64,7
110年6月,臺北市,北投區,鹿角坑加壓站 竹子湖路75-1號對面,鹿角坑加壓站 竹子湖路75-1號對面,<1,less_than,1,0,<1,0.62,7.6
110年6月,臺北市,內湖區,大湖街116巷內,大湖街116巷內,<1,less_than,1,0,<1,0.57,7.3
110年6月,臺北市,北投區,承德路七段388號對面﹝北投加壓站﹞,承德路7段388號對面﹝北投加壓站﹞,<1,less_than,1,0,<1,0.54,7.3
110年6月,臺北市,信義區,永吉路120巷92號,永吉路120巷92號,<1,less_than,1,0,<1,0.53,7.4
110年6月,臺北市,南港區,研究院路二段1號,研究院路2段1號,<1,less_than,1,0,<1,0.49,7.1
110年6月,臺北市,北投區,興東街1號對面,興東街1號對面,<1,less_than,1,0,<1,0.52,7.3
110年6月,臺北市,大同區,哈密街49巷口,哈密街49巷口,<1,less_than,1,0,<1,0.56,7.2
110年6月,臺北市,大安區,大安區四維路52巷1號對面,四維路52巷1號對面,<1,less_than,1,0,<1,0.52,7.5
110年6月,臺北市,大安區,和平東路三段308巷15弄涼亭旁,和平東路3段308巷15弄涼亭旁,<1,less_than,1,0,<1,0.48,7.4
110年6月,臺北市,中山區,中山北路1段110-7號,中山北路1段110-7號,<1,less_than,1,0,<1,0.58,7.4
110年6月,臺北市,中山區,民族東路臨41號,民族東路臨41號,<1,less_than,1,0,<1,0.55,7.4
110年6月,臺北市,中正區,思源街1號,思源街1號,<1,less_than,1,0,<1,0.61,7.3
110年6月,臺北市,文山區,木新路3段55號,木新路3段55號,<1,less_than,1,0,<1,0.58,7.3
110年6月,臺北市,文山區,羅斯福路六段268號,羅斯福路6段268號,<1,less_than,1,0,<1,0.6,7.5
110年6月,臺北市,松山區,延壽街373號,延壽街373號,<1,less_than,1,0,<1,0.59,7.2
110年6月,臺北市,松山區,臺北市松山區八德路2段364巷5弄29號對面,八德路2段364巷5弄29號對面,<1,less_than,1,0,<1,0.52,7.4
110年6月,臺北市,大安區,長興街131號,長興街131號,,missing,,0,,,7.6
110年6月,臺北市,大安區,長興街131號,長興街131號,<1,less_than,1,0,<1,0.54,7.5
110年6月,臺北市,中正區,公館淨水場思源街1號,公館淨水場思源街1號,<1,less_than,1,0,<1,0.61,7.4
110年6月,新北市,新店區,直潭路127號(直潭淨水場),直潭路127號(直潭淨水場),<1,less_than,1,0,<1,0.59,7.1
110年7月,臺北市,中山區,民族東路臨41號,民族東路臨41號,<1,less_than,1,0,<1,0.51,7.4
110年7月,臺北市,內湖區,臺北市內湖區大湖街166巷大湖公園入口旁,大湖街166巷大湖公園入口旁,<1,less_than,1,0,<1,0.6,7.3
110年7月,臺北市,文山區,羅斯福路六段268號,羅斯福路6段268號,<1,less_than,1,0,<1,0.61,7.4
110年7月,臺北市,松山區,延壽街373號,延壽街373號,<1,less_than,1,0,<1,0.53,7.3
110年7月,臺北市,松山區,臺北市松山區八德路2段364巷5弄29號對面,八德路2段364巷5弄29號對面,<1,less_than,1,0,<1,0.52,7.3
110年7月,臺北市,信義區,永吉路120巷92號,永吉路120巷92號,<1,less_than,1,0,<1,0.47,7.3
110年7月,臺北市,南港區,研究院路二段1號,研究院路2段1號,<1,less_than,1,0,<1,0.46,7.2
110年7月,臺北市,北投區,興東街1號對面,興東街1號對面,<1,less_than,1,0,<1,0.53,7.6
110年7月,臺北市,大安區,大安區四維路52巷1號對面,四維路52巷1號對面,<1,less_than,1,0,<1,0.55,7.2
110年7月,臺北市,大安區,和平東路三段308巷15弄涼亭旁,和平東路3段308巷15弄涼亭旁,<1,less_than,1,0,<1,0.41,7.4
110年7月,臺北市,中正區,思源街1號,思源街1號,<1,less_than,1,0,<1,0.61,7.2
110年7月,臺北市,文山區,木新路3段55號,木新路3段55號,<1,less_than,1,0,<1,0.5,7.3
110年7月,臺北市,文山區,羅斯福路六段268號,羅斯福路6段268號,<1,less_than,1,0,<1,0.56,7.4
110年7月,臺北市,士林區,至善路二段449號,至善路2段449號,<1,less_than,1,0,<1,0.47,7.3
110年7月,臺北市,士林區,格致路198號,格致路198號,<1,less_than,1,0,<1,0.58,7.1
110年7月,臺北市,中山區,中山北路1段110-7號,中山北路1段110-7號,<1,less_than,1,0,<1,0.56,7.3
110年7月,臺北市,北投區,承德路七段388號對面﹝北投加壓站﹞,承德路7段388號對面﹝北投加壓站﹞,<1,less_than,1,0,<1,0.57,7.2
110年7月,臺北市,大安區,長興街131號,長興街131號,<1,less_than,1,0,<1,0.51,7.5
110年7月,臺北市,中正區,思源街1號,思源街1號,<1,less_than,1,0,<1,0.61,7.2
110年7月,新北市,新店區,直潭路127號(直潭淨水場),直潭路127號(直潭淨水場),<1,less_than,1,0,<1,0.59,7.1
110年7月,臺北市,士林區,至善路3段110號,至善路3段110號,<1,less_than,1,0,<1,0.6,7.3
110年7月,臺北市,士林區,菁山路101巷79號,菁山路101巷79號,<1,less_than,1,0,<1,0.61,7.2
110年7月,臺北市,北投區,泉源路260號,泉源路260號,<1,less_than,1,0,<1,0.59,7.4
110年7月,臺北市,北投區,鹿角坑加壓站 竹子湖路75-1號對面,鹿角坑加壓站 竹子湖路75-1號對面,<1,less_than,1,0,<1,0.59,7.7
110年7月,臺北市,中山區,新生北路三段101號,新生北路3段101號,<1,less_than,1,0,<1,0.59,7
110年7月,臺北市,內湖區,康寧路3段99巷17弄26號旁,康寧路3段99巷17弄26號旁,<1,less_than,1,0,<1,0.52,7.2
110年7月,臺北市,內湖區,康樂街206號附近,康樂街206號附近,<1,less_than,1,0,<1,0.55,7.1
110年7月,臺北市,松山區,民權東路5段41-1號,民權東路5段41-1號,<1,less_than,1,0,<1,0.57,7.1
110年7月,臺北市,松山區,臺北市松山區南京東路4段52巷16弄口,南京東路4段52巷16弄口,<1,less_than,1,0,<1,0.56,7.1
110年7月,臺北市,南港區,中坡南路51號,中坡南路51號,<1,less_than,1,0,<1,0.48,7
110年7月,臺北市,大同區,大龍街126號,大龍街126號,<1,less_than,1,0,<1,0.54,7.1
110年7月,臺北市,大同區,延平北路2段61巷16號,延平北路2段61巷16號,<1,less_than,1,0,<1,0.67,7
110年7月,臺北市,大同區,昌吉街118號,昌吉街118號,<1,less_than,1,0,<1,0.63,7
110年7月,臺北市,大同區,哈密街49巷口,哈密街49巷口,<1,less_than,1,0,<1,0.6,7.2
110年7月,臺北市,大同區,迪化街1段268號,迪化街1段268號,<1,less_than,1,0,<1,0.62,7
110年7月,臺北市,大安區,建國南路1段354號,建國南路1段354號,<1,less_than,1,0,<1,0.49,7
110年7月,臺北市,大安區,師大路107號,師大路107號,<1,less_than,1,0,<1,0.52,7
110年7月,臺北市,中山區,長安西路36號,長安西路36號,<1,less_than,1,0,<1,0.62,7
110年7月,臺北市,文山區,木柵路1段280號,木柵路1段280號,<1,less_than,1,0,<1,0.56,7
110年7月,臺北市,文山區,景福街19號1樓,景福街19號1樓,<1,less_than,1,0,<1,0.63,8
110年7月,臺北市,文山區,興隆路2段234號,興隆路2段234號,<1,less_than,1,0,<1,0.65,7
110年7月,臺北市,信義區,莊敬路393號,莊敬路393號,<1,less_than,1,0,<1,0.53,7
110年7月,臺北市,萬華區,西園路1段127號,西園路1段127號,<1,less_than,1,0,<1,0.58,7.2
110年7月,臺北市,萬華區,西寧南路124號,西寧南路124號,<1,less_than,1,0,<1,0.58,7.2
110年7月,臺北市,萬華區,西藏路171號,西藏路171號,<1,less_than,1,0,<1,0.64,7.1
110年7月,臺北市,萬華區,長泰街8號,長泰街8號,<1,less_than,1,0,<1,0.62,7.1
110年7月,臺北市,萬華區,莒光路176號,莒光路176號,<1,less_than,1,0,<1,0.63,7.1
110年7月,臺北市,萬華區,萬大路423巷115號,萬大路423巷115號,<1,less_than,1,0,<1,0.59,7
110年7月,臺北市,士林區,天母東路69巷30號,天母東路69巷30號,<1,less_than,1,0,<1,0.6,7.3
110年7月,臺北市,士林區,至善路2段322巷口,至善路2段322巷口,<1,less_than,1,0,<1,0.27,7.3
110年7月,臺北市,士林區,後港街38巷臨5之1號,後港街38巷臨5之1號,<1,less_than,1,0,<1,0.49,7
110年7月,臺北市,士林區,華齡街2巷口,華齡街2巷口,<1,less_than,1,0,<1,0.5,7.1
110年7月,臺北市,士林區,中山北路5段460巷1號,中山北路5段460巷1號,<1,less_than,1,0,<1,0.54,6.9
110年7月,臺北市,北投區,行義路1號,行義路1號,<1,less_than,1,0,<1,0.7,7.1
110年8月,臺北市,內湖區,臺北市內湖區大湖街166巷大湖公園入口旁,大湖街166巷大湖公園入口旁,<1,less_than,1,0,<1,0.58,7
110年8月,臺北市,信義區,永吉路120巷92號,永吉路120巷92號,<1,less_than,1,0,<1,0.55,7.2
110年8月,臺北市,南港區,研究院路二段1號,研究院路2段1號,<1,less_than,1,0,<1,0.48,7
110年8月,臺北市,北投區,興東街1號對面,興東街1號對面,<1,less_than,1,0,<1,0.6,7.2
110年8月,臺北市,中山區,民族東路臨41號,民族東路臨41號,<1,less_than,1,0,<1,0.54,7.1
110年8月,臺北市,松山區,延壽街373號,延壽街373號,<1,less_than,1,0,<1,0.59,7.2
110年8月,臺北市,松山區,臺北市松山區八德路2段364巷5弄29號對面,八德路2段364巷5弄29號對面,<1,less_than,1,0,<1,0.51,7.2
110年8月,臺北市,萬華區,桂林路167巷14號（三清宮）,桂林路167巷14號（三清宮）,<1,less_than,1,0,<1,0.58,7.1
110年8月,臺北市,大安區,大安區四維路52巷1號對面,四維路52巷1號對面,<1,less_than,1,0,<1,0.55,7
110年8月,臺北市,大安區,和平東路三段308巷15弄涼亭旁,和平東路3段308巷15弄涼亭旁,<1,less_than,1,0,<1,0.53,7.1
110年8月,臺北市,中正區,思源街1號,思源街1號,<1,less_than,1,0,<1,0.72,6.9
110年8月,臺北市,文山區,木新路3段55號,木新路3段55號,<1,less_than,1,0,<1,0.55,7.1
110年8月,臺北市,文山區,羅斯福路六段268號,羅斯福路6段268號,<1,less_than,1,0,<1,0.57,7.2
110年8月,臺北市,士林區,至善路二段449號,至善路2段449號,<1,less_than,1,0,<1,0.56,7.1
110年8月,臺北市,士林區,格致路198號,格致路198號,<1,less_than,1,0,<1,0.72,6.7
110年8月,臺北市,中山區,中山北路1段110-7號,中山北路1段110-7號,<1,less_than,1,0,<1,0.51,6.7
110年8月,臺北市,北投區,承德路七段388號對面﹝北投加壓站﹞,承德路7段388號對面﹝北投加壓站﹞,<1,less_than,1,0,<1,0.39,7
110年8月,臺北市,大安區,長興街131號,長興街131號,<1,less_than,1,0,<1,0.59,7.2
110年8月,臺北市,中正區,思源街1號,思源街1號,<1,less_than,1,0,<1,0.59,7.1
110年8月,新北市,新店區,直潭路127號(直潭淨水場),直潭路127號(直潭淨水場),<1,less_than,1,0,<1,0.61,6.9
110年8月,臺北市,士林區,至善路3段110號,至善路3段110號,<1,less_than,1,0,<1,0.64,7.1
110年8月,臺北市,士林區,菁山路101巷79號,菁山路101巷79號,<1,less_than,1,0,<1,0.64,7.3
110年8月,臺北市,北投區,泉源路260號,泉源路260號,<1,less_than,1,0,<1,0.59,7.4
110年8月,臺北市,北投區,鹿角坑加壓站 竹子湖路75-1號對面,鹿角坑加壓站 竹子湖路75-1號對面,<1,less_than,1,0,<1,0.65,7.2
110年8月,臺北市,中山區,新生北路三段101號,新生北路3段101號,<1,less_than,1,0,<1,0.58,7
110年8月,臺北市,內湖區,康寧路3段99巷17弄26號旁,康寧路3段99巷17弄26號旁,<1,less_than,1,0,<1,0.58,7.1
110年8月,臺北市,內湖區,康樂街206號附近,康樂街206號附近,<1,less_than,1,0,<1,0.54,7.1
110年8月,臺北市,松山區,民權東路5段41-1號,民權東路5段41-1號,<1,less_than,1,0,<1,0.63,7.1
110年8月,臺北市,松山區,臺北市松山區南京東路4段52巷16弄口,南京東路4段52巷16弄口,<1,less_than,1,0,<1,0.55,7.1
110年8月,臺北市,南港區,中坡南路51號,中坡南路51號,<1,less_than,1,0,<1,0.6,7
110年8月,臺北市,萬華區,西園路1段127號,西園路1段127號,<1,less_than,1,0,<1,0.5,7.2
110年8月,臺北市,萬華區,西寧南路124號,西寧南路124號,<1,less_than,1,0,<1,0.57,7.2
110年8月,臺北市,萬華區,西藏路171號,西藏路171號,<1,less_than,1,0,<1,0.61,7.2
110年8月,臺北市,萬華區,長泰街8號,長泰街8號,<1,less_than,1,0,<1,0.62,7.2
110年8月,臺北市,萬華區,莒光路176號,莒光路176號,<1,less_than,1,0,<1,0.57,7.2
110年8月,臺北市,萬華區,萬大路423巷115號,萬大路423巷115號,<1,less_than,1,0,<1,0.52,7
110年8月,臺北市,大同區,大龍街126號,大龍街126號,<1,less_than,1,0,<1,0.57,7.2
110年8月,臺北市,大同區,延平北路2段61巷16號,延平北路2段61巷16號,<1,less_than,1,0,<1,0.49,7.1
110年8月,臺北市,大同區,昌吉街118號,昌吉街118號,<1,less_than,1,0,<1,0.57,7.2
110年8月,臺北市,大同區,哈密街59巷﹝龍塘綠地﹞,哈密街59巷﹝龍塘綠地﹞,<1,less_than,1,0,<1,0.57,7.3
110年8月,臺北市,大同區,迪化街1段268號,迪化街1段268號,<1,less_than,1,0,<1,0.52,7.2
110年8月,臺北市,大安區,建國南路1段354號,建國南路1段354號,<1,less_than,1,0,<1,0.54,7.2
110年8月,臺北市,大安區,師大路107號,師大路107號,<1,less_than,1,0,<1,0.56,7.2
110年8月,臺北市,中山區,長安西路36號,長安西路36號,<1,less_than,1,0,<1,0.55,7.2
110年8月,臺北市,文山區,木柵路1段280號,木柵路1段280號,<1,less_than,1,0,<1,0.53,7.1
110年8月,臺北市,文山區,景福街19號1樓,景福街19號1樓,<1,less_than,1,0,<1,0.55,7.1
110年8月,臺北市,文山區,興隆路2段234號,興隆路2段234號,<1,less_than,1,0,<1,0.54,7.2
110年8月,臺北市,信義區,莊敬路393號,莊敬路393號,<1,less_than,1,0,<1,0.54,7.2
110年8月,臺北市,士林區,天母東路69巷30號,天母東路69巷30號,<1,less_than,1,0,3,0.33,7.2
110年8月,臺北市,士林區,至善路2段322巷口,至善路2段322巷口,<1,less_than,1,0,<1,0.33,7
110年8月,臺北市,士林區,後港街38巷臨5之1號,後港街38巷臨5之1號,<1,less_than,1,0,<1,0.47,7.2
110年8月,臺北市,士林區,華齡街2巷口,華齡街2巷口,<1,less_than,1,0,<1,0.41,7.3
110年8月,臺北市,士林區,中山北路5段460巷1號,中山北路5段460巷1號,<1,less_than,1,0,<1,0.55,6.9
110年8月,臺北市,北投區,行義路1號,行義路1號,<1,less_than,1,0,<1,0.6,7.1
110年8月,臺北市,中山區,民族東路臨41號,民族東路臨41號,<1,less_than,1,0,<1,0.49,7.2
110年8月,臺北市,內湖區,大湖街116巷內,大湖街116巷內,<1,less_than,1,0,<1,0.56,7.1
110年8月,臺北市,松山區,延壽街373號,延壽街373號,<1,less_than,1,0,<1,0.57,7.2
110年8月,臺北市,松山區,臺北市松山區八德路2段364巷5弄29號對面,八德路2段364巷5弄29號對面,<1,less_than,1,0,<1,0.52,7.2
110年8月,臺北市,信義區,永吉路120巷92號,永吉路120巷92號,<1,less_than,1,0,<1,0.55,7.1
110年8月,臺北市,南港區,研究院路二段1號,研究院路2段1號,<1,less_than,1,0,<1,0.48,7
110年8月,臺北市,北投區,興東街1號對面,興東街1號對面,<1,less_than,1,0,<1,0.43,7.2
110年8月,臺北市,萬華區,桂林路167巷14號（三清宮）,桂林路167巷14號（三清宮）,<1,less_than,1,0,<1,0.51,7
110年8月,臺北市,士林區,至善路二段449號,至善路2段449號,<1,less_than,1,0,<1,0.49,7.3
110年8月,臺北市,士林區,格致路198號,格致路198號,<1,less_than,1,0,<1,0.57,6.9
110年8月,臺北市,大安區,大安區四維路52巷1號對面,四維路52巷1號對面,<1,less_than,1,0,<1,0.6,7.2
110年8月,臺北市,大安區,和平東路三段308巷15弄涼亭旁,和平東路3段308巷15弄涼亭旁,<1,less_than,1,0,<1,0.6,7.2
110年8月,臺北市,中山區,中山北路1段110-7號,中山北路1段110-7號,<1,less_than,1,0,<1,0.57,7.2
110年8月,臺北市,中正區,思源街1號,思源街1號,<1,less_than,1,0,<1,0.65,7.2
110年8月,臺北市,文山區,木新路三段13號,木新路3段13號,<1,less_than,1,0,<1,0.61,7.2
110年8月,臺北市,文山區,羅斯福路六段268號,羅斯福路6段268號,<1,less_than,1,0,<1,0.6,7.3
110年8月,臺北市,北投區,承德路七段388號對面﹝北投加壓站﹞,承德路7段388號對面﹝北投加壓站﹞,<1,less_than,1,0,<1,0.57,7.2
110年9月,臺北市,大安區,長興街131號,長興街131號,<1,less_than,1,0,<1,0.61,7.3
110年9月,臺北市,中正區,思源街1號,思源街1號,<1,less_than,1,0,<1,0.6,7.3
110年9月,新北市,新店區,新北市新店區直潭路127號,直潭路127號,<1,less_than,1,0,<1,0.57,7.3
110年9月,臺北市,士林區,至善路3段110號,至善路3段110號,<1,less_than,1,0,<1,0.61,7.3
110年9月,臺北市,士林區,菁山路101巷79號,菁山路101巷79號,<1,less_than,1,0,<1,0.72,7.5
110年9月,臺北市,北投區,泉源路260號,泉源路260號,<1,less_than,1,0,<1,0.6,7.5
110年9月,臺北市,北投區,鹿角坑加壓站 竹子湖路75-1號對面,鹿角坑加壓站 竹子湖路75-1號對面,<1,less_than,1,0,<1,0.54,7.9
110年9月,臺北市,中山區,新生北路三段101號,新生北路3段101號,<1,less_than,1,0,<1,0.6,7.3
110年9月,臺北市,內湖區,內溝里康樂街206-4號旁附近,內溝里康樂街206-4號旁附近,<1,less_than,1,0,<1,0.5,7.2
110年9月,臺北市,內湖區,康寧路3段99巷17弄26號旁,康寧路3段99巷17弄26號旁,<1,less_than,1,0,<1,0.6,7.3
110年9月,臺北市,松山區,民權東路5段41-1號,民權東路5段41-1號,<1,less_than,1,0,<1,0.7,7.3
110年9月,臺北市,松山區,臺北市松山區南京東路4段52巷16弄口,南京東路4段52巷16弄口,<1,less_than,1,0,<1,0.6,7.3
110年9月,臺北市,南港區,中坡南路51號,中坡南路51號,<1,less_than,1,0,<1,0.5,7.2
110年9月,臺北市,萬華區,西園路1段127號,西園路1段127號,<1,less_than,1,0,<1,0.6,7.4
110年9月,臺北市,萬華區,西寧南路124號,西寧南路124號,<1,less_than,1,0,<1,0.6,7.3
110年9月,臺北市,萬華區,西藏路171號,西藏路171號,<1,less_than,1,0,<1,0.6,7.3
110年9月,臺北市,萬華區,長泰街8號,長泰街8號,<1,less_than,1,0,<1,0.6,7.3
110年9月,臺北市,萬華區,莒光路176號,莒光路176號,<1,less_than,1,0,<1,0.6,7.4
110年9月,臺北市,萬華區,萬大路423巷115號,萬大路423巷115號,<1,less_than,1,0,<1,0.6,7.3
110年9月,臺北市,大同區,大龍街126號,大龍街126號,<1,less_than,1,0,<1,0.56,7.4
110年9月,臺北市,大同區,延平北路2段61巷16號,延平北路2段61巷16號,<1,less_than,1,0,<1,0.52,7.3
110年9月,臺北市,大同區,昌吉街118號,昌吉街118號,<1,less_than,1,0,<1,0.61,7.3
110年9月,臺北市,大同區,哈密街49巷口,哈密街49巷口,<1,less_than,1,0,<1,0.52,7.5
110年9月,臺北市,大同區,迪化街1段268號,迪化街1段268號,<1,less_than,1,0,<1,0.5,7.3
110年9月,臺北市,大安區,建國南路1段354號,建國南路1段354號,<1,less_than,1,0,<1,0.52,7.4
110年9月,臺北市,大安區,師大路107號,師大路107號,<1,less_than,1,0,<1,0.56,7.4
110年9月,臺北市,中山區,長安西路36號,長安西路36號,<1,less_than,1,0,<1,0.51,7.5
110年9月,臺北市,文山區,木柵路1段280號,木柵路1段280號,<1,less_than,1,0,<1,0.58,7.3
110年9月,臺北市,文山區,景福街19號1樓,景福街19號1樓,<1,less_than,1,0,<1,0.55,7.4
110年9月,臺北市,文山區,興隆路2段234號,興隆路2段234號,<1,less_than,1,0,<1,0.58,7.3
110年9月,臺北市,信義區,莊敬路393號,莊敬路393號,<1,less_than,1,0,<1,0.56,7.3
110年9月,臺北市,士林區,天母東路69巷30號,天母東路69巷30號,<1,less_than,1,0,<1,0.56,7.3
110年9月,臺北市,士林區,至善路2段322巷口,至善路2段322巷口,<1,less_than,1,0,<1,0.28,7.5
110年9月,臺北市,士林區,後港街38巷臨5之1號,後港街38巷臨5之1號,<1,less_than,1,0,<1,0.55,7.2
110年9月,臺北市,士林區,華齡街2巷口,華齡街2巷口,<1,less_than,1,0,<1,0.46,7.3
110年9月,臺北市,士林區,中山北路5段460巷1號,中山北路5段460巷1號,<1,less_than,1,0,<1,0.59,7
110年9月,臺北市,北投區,行義路1號,行義路1號,<1,less_than,1,0,<1,0.58,7.1
110年10月,臺北市,中山區,新生北路三段101號,新生北路3段101號,<1,less_than,1,0,<1,0.57,7.2
110年10月,臺北市,內湖區,內溝里康樂街206-4號旁附近,內溝里康樂街206-4號旁附近,<1,less_than,1,0,<1,0.5,7.2
110年10月,臺北市,內湖區,康寧路3段99巷17弄26號旁,康寧路3段99巷17弄26號旁,<1,less_than,1,0,<1,0.53,7.3
110年10月,臺北市,松山區,民權東路5段41-1號,民權東路5段41-1號,<1,less_than,1,0,<1,0.64,7.2
110年10月,臺北市,松山區,臺北市松山區南京東路4段52巷16弄口,南京東路4段52巷16弄口,<1,less_than,1,0,<1,0.55,7.2
110年10月,臺北市,南港區,中坡南路51號,中坡南路51號,<1,less_than,1,0,<1,0.42,7.1
110年10月,臺北市,士林區,至善路3段110號,至善路3段110號,<1,less_than,1,0,<1,0.64,7.4
110年10月,臺北市,士林區,菁山路101巷79號,菁山路101巷79號,<1,less_than,1,0,<1,0.66,7.4
110年10月,臺北市,北投區,泉源路260號,泉源路260號,<1,less_than,1,0,<1,0.69,7.6
110年10月,臺北市,北投區,鹿角坑加壓站 竹子湖路75-1號對面,鹿角坑加壓站 竹子湖路75-1號對面,<1,less_than,1,0,<1,0.72,8
110年10月,臺北市,大安區,長興街131號,長興街131號,<1,less_than,1,0,<1,0.58,7.3
110年10月,臺北市,中正區,思源街1號,思源街1號,<1,less_than,1,0,<1,0.59,7.2
110年10月,新北市,新店區,新北市新店區直潭路127號,直潭路127號,<1,less_than,1,0,<1,0.59,7.3
110年10月,臺北市,大安區,建國南路1段354號,建國南路1段354號,<1,less_than,1,0,<1,0.62,7.2
110年10月,臺北市,大安區,師大路107號,師大路107號,<1,less_than,1,0,<1,0.51,7.3
110年10月,臺北市,文山區,木柵路1段280號,木柵路1段280號,<1,less_than,1,0,<1,0.6,7.2
110年10月,臺北市,文山區,景福街19號1樓,景福街19號1樓,<1,less_than,1,0,<1,0.48,7.3
110年10月,臺北市,文山區,興隆路2段234號,興隆路2段234號,<1,less_than,1,0,<1,0.57,7.1
110年10月,臺北市,信義區,莊敬路393號,莊敬路393號,<1,less_than,1,0,<1,0.44,7.2
110年10月,臺北市,中山區,民族東路臨41號,民族東路臨41號,<1,less_than,1,0,<1,0.61,7.2
110年10月,臺北市,中山區,新生北路三段101號,新生北路3段101號,<1,less_than,1,0,<1,0.55,7
110年10月,臺北市,內湖區,康寧路3段99巷17弄26號旁,康寧路3段99巷17弄26號旁,<1,less_than,1,0,<1,0.56,7
110年10月,臺北市,內湖區,康樂街236-5號附近（公車站旁）,康樂街236-5號附近（公車站旁）,<1,less_than,1,0,<1,0.51,7
110年10月,臺北市,內湖區,臺北市內湖區大湖街166巷大湖公園入口旁,大湖街166巷大湖公園入口旁,<1,less_than,1,0,<1,0.54,7.2
110年10月,臺北市,松山區,民權東路5段41-1號,民權東路5段41-1號,<1,less_than,1,0,<1,0.6,7
110年10月,臺北市,松山區,延壽街373號,延壽街373號,<1,less_than,1,0,<1,0.55,7.1
110年10月,臺北市,松山區,臺北市松山區八德路2段364巷5弄29號對面,八德路2段364巷5弄29號對面,<1,less_than,1,0,<1,0.53,7.2
110年10月,臺北市,松山區,臺北市松山區南京東路4段52巷16弄口,南京東路4段52巷16弄口,<1,less_than,1,0,<1,0.57,7
110年10月,臺北市,信義區,永吉路120巷92號,永吉路120巷92號,<1,less_than,1,0,<1,0.54,7.1
110年10月,臺北市,南港區,中坡南路51號,中坡南路51號,<1,less_than,1,0,<1,0.44,7
110年10月,臺北市,南港區,研究院路二段1號,研究院路2段1號,<1,less_than,1,0,<1,0.38,7.3
110年10月,臺北市,北投區,興東街1號對面,興東街1號對面,<1,less_than,1,0,<1,0.41,7.3
110年10月,臺北市,萬華區,西園路1段127號,西園路1段127號,<1,less_than,1,0,<1,0.51,7.2
110年10月,臺北市,萬華區,西寧南路124號,西寧南路124號,<1,less_than,1,0,<1,0.56,7.2
110年10月,臺北市,萬華區,西藏路171號,西藏路171號,<1,less_than,1,0,<1,0.63,7
110年10月,臺北市,萬華區,長泰街8號,長泰街8號,<1,less_than,1,0,<1,0.63,7.1
110年10月,臺北市,萬華區,桂林路167巷14號（三清宮）,桂林路167巷14號（三清宮）,<1,less_than,1,0,<1,0.52,7.2
110年10月,臺北市,萬華區,莒光路176號,莒光路176號,<1,less_than,1,0,<1,0.63,7.1
110年10月,臺北市,萬華區,萬大路423巷115號,萬大路423巷115號,<1,less_than,1,0,<1,0.62,7
110年10月,臺北市,大同區,大龍街126號,大龍街126號,<1,less_than,1,0,<1,0.61,7.1
110年10月,臺北市,大同區,延平北路2段61巷16號,延平北路2段61巷16號,<1,less_than,1,0,<1,0.59,7
110年10月,臺北市,大同區,昌吉街118號,昌吉街118號,<1,less_than,1,0,<1,0.67,7.1
110年10月,臺北市,大同區,哈密街59巷﹝龍塘綠地﹞,哈密街59巷﹝龍塘綠地﹞,<1,less_than,1,0,<1,0.62,7.2
110年10月,臺北市,大同區,迪化街1段268號,迪化街1段268號,<1,less_than,1,0,<1,0.58,7
110年10月,臺北市,大安區,建國南路1段354號,建國南路1段354號,<1,less_than,1,0,<1,0.6,7.1
110年10月,臺北市,大安區,師大路107號,師大路107號,<1,less_than,1,0,<1,0.6,7.1
110年10月,臺北市,中山區,長安西路36號,長安西路36號,<1,less_than,1,0,<1,0.64,7
110年10月,臺北市,文山區,木柵路1段280號,木柵路1段280號,<1,less_than,1,0,<1,0.62,7
110年10月,臺北市,文山區,景福街19號1樓,景福街19號1樓,<1,less_than,1,0,<1,0.54,7
110年10月,臺北市,文山區,興隆路2段234號,興隆路2段234號,<1,less_than,1,0,<1,0.63,7
110年10月,臺北市,信義區,莊敬路393號,莊敬路393號,<1,less_than,1,0,<1,0.62,7.1
110年10月,臺北市,士林區,中山北路5段320號,中山北路5段320號,<1,less_than,1,0,<1,0.53,6.8
110年10月,臺北市,士林區,天母東路69巷30號,天母東路69巷30號,<1,less_than,1,0,<1,0.63,7.1
110年10月,臺北市,士林區,至善路二段449號,至善路2段449號,<1,less_than,1,0,<1,0.72,7.3
110年10月,臺北市,士林區,至善路二段449號,至善路2段449號,<1,less_than,1,0,<1,0.22,7.3
110年10月,臺北市,士林區,後港街38巷臨5之1號,後港街38巷臨5之1號,<1,less_than,1,0,<1,0.56,7
110年10月,臺北市,士林區,格致路198號,格致路198號,<1,less_than,1,0,<1,0.6,7
110年10月,臺北市,士林區,華齡街2巷口,華齡街2巷口,<1,less_than,1,0,<1,0.45,7
110年10月,臺北市,大安區,大安區四維路52巷1號對面,四維路52巷1號對面,<1,less_than,1,0,<1,0.59,7.2
110年10月,臺北市,大安區,和平東路三段308巷15弄涼亭旁,和平東路3段308巷15弄涼亭旁,<1,less_than,1,0,<1,0.43,7.1
110年10月,臺北市,中山區,中山北路1段110-7號,中山北路1段110-7號,<1,less_than,1,0,<1,0.64,7.1
110年10月,臺北市,中正區,思源街1號,思源街1號,<1,less_than,1,0,<1,0.61,7
110年10月,臺北市,文山區,木新路3段55號,木新路3段55號,<1,less_than,1,0,<1,0.5,7.2
110年10月,臺北市,文山區,羅斯福路六段268號,羅斯福路6段268號,<1,less_than,1,0,<1,0.6,7.3
110年10月,臺北市,北投區,行義路1號,行義路1號,<1,less_than,1,0,<1,0.59,7
110年10月,臺北市,北投區,承德路七段388號對面﹝北投加壓站﹞,承德路7段388號對面﹝北投加壓站﹞,<1,less_than,1,0,<1,0.58,7.1
110年11月,臺北市,大安區,長興街131號,長興街131號,<1,less_than,1,0,<1,0.57,7.4
110年11月,臺北市,中正區,思源街1號,思源街1號,<1,less_than,1,0,<1,0.61,7.4
110年11月,新北市,新店區,新北市新店區直潭路127號,直潭路127號,<1,less_than,1,0,<1,0.65,7.1
110年11月,臺北市,士林區,至善路3段110號,至善路3段110號,<1,less_than,1,0,<1,0.64,7.4
110年11月,臺北市,士林區,菁山路101巷79號,菁山路101巷79號,<1,less_than,1,0,<1,0.69,7.4
110年11月,臺北市,北投區,泉源路260號,泉源路260號,<1,less_than,1,0,<1,0.62,7.8
110年11月,臺北市,北投區,鹿角坑加壓站 竹子湖路75-1號對面,鹿角坑加壓站 竹子湖路75-1號對面,<1,less_than,1,0,<1,0.72,7.8
110年11月,臺北市,內湖區,臺北市內湖區大湖街166巷大湖公園入口旁,大湖街166巷大湖公園入口旁,<1,less_than,1,0,<1,0.62,7.3
110年11月,臺北市,信義區,永吉路120巷92號,永吉路120巷92號,<1,less_than,1,0,<1,0.59,7.5
110年11月,臺北市,南港區,研究院路二段1號,研究院路2段1號,<1,less_than,1,0,<1,0.5,7.2
110年11月,臺北市,北投區,興東街1號對面,興東街1號對面,<1,less_than,1,0,<1,0.47,7.4
110年11月,臺北市,中山區,民族東路臨41號,民族東路臨41號,<1,less_than,1,0,<1,0.59,7.5
110年11月,臺北市,松山區,延壽街373號,延壽街373號,<1,less_than,1,0,<1,0.6,7.5
110年11月,臺北市,松山區,臺北市松山區八德路2段364巷5弄29號對面,八德路2段364巷5弄29號對面,<1,less_than,1,0,<1,0.62,7.5
110年11月,臺北市,萬華區,桂林路167巷14號（三清宮）,桂林路167巷14號（三清宮）,<1,less_than,1,0,<1,0.59,7.6
110年11月,臺北市,大安區,大安區四維路52巷1號對面,四維路52巷1號對面,<1,less_than,1,0,<1,0.51,7.5
110年11月,臺北市,大安區,和平東路三段308巷15弄涼亭旁,和平東路3段308巷15弄涼亭旁,<1,less_than,1,0,<1,0.58,7.5
110年11月,臺北市,文山區,木新路3段55號,木新路3段55號,<1,less_than,1,0,<1,0.54,7.5
110年11月,臺北市,文山區,羅斯福路六段268號,羅斯福路6段268號,<1,less_than,1,0,<1,0.61,7.3
110年11月,臺北市,文山區,羅斯福路六段268號,羅斯福路6段268號,<1,less_than,1,0,<1,0.63,7.5
110年11月,臺北市,士林區,至善路2段322巷口,至善路2段322巷口,<1,less_than,1,0,<1,0.58,7.3
110年11月,臺北市,士林區,格致路198號,格致路198號,<1,less_than,1,0,<1,0.66,6.9
110年11月,臺北市,中山區,中山北路1段110-7號,中山北路1段110-7號,<1,less_than,1,0,<1,0.58,7.3
110年11月,臺北市,北投區,承德路七段388號對面﹝北投加壓站﹞,承德路7段388號對面﹝北投加壓站﹞,<1,less_than,1,0,<1,0.62,7.4
110年11月,臺北市,中山區,新生北路三段101號,新生北路3段101號,<1,less_than,1,0,<1,0.64,7.3
110年11月,臺北市,內湖區,內溝里康樂街206-4號旁附近,內溝里康樂街206-4號旁附近,<1,less_than,1,0,<1,0.61,7.4
110年11月,臺北市,內湖區,康寧路3段99巷17弄26號旁,康寧路3段99巷17弄26號旁,<1,less_than,1,0,<1,0.62,7.4
110年11月,臺北市,松山區,民權東路5段41-1號,民權東路5段41-1號,<1,less_than,1,0,<1,0.66,7.4
110年11月,臺北市,松山區,臺北市松山區南京東路4段52巷16弄口,南京東路4段52巷16弄口,<1,less_than,1,0,<1,0.63,7.4
110年11月,臺北市,南港區,中坡南路51號,中坡南路51號,<1,less_than,1,0,<1,0.56,7.3
110年11月,臺北市,大安區,建國南路1段354號,建國南路1段354號,<1,less_than,1,0,<1,0.59,7.5
110年11月,臺北市,大安區,師大路107號,師大路107號,<1,less_than,1,0,<1,0.58,7.5
110年11月,臺北市,文山區,木柵路1段280號,木柵路1段280號,<1,less_than,1,0,<1,0.58,7.3
110年11月,臺北市,文山區,景福街19號1樓,景福街19號1樓,<1,less_than,1,0,<1,0.57,7.4
110年11月,臺北市,文山區,興隆路2段234號,興隆路2段234號,<1,less_than,1,0,<1,0.59,7.3
110年11月,臺北市,信義區,莊敬路393號,莊敬路393號,<1,less_than,1,0,<1,0.57,7.5
110年11月,臺北市,萬華區,西園路1段127號,西園路1段127號,<1,less_than,1,0,<1,0.64,7.6
110年11月,臺北市,萬華區,西寧南路124號,西寧南路124號,<1,less_than,1,0,<1,0.65,7.5
110年11月,臺北市,萬華區,西藏路171號,西藏路171號,<1,less_than,1,0,<1,0.67,7.6
110年11月,臺北市,萬華區,長泰街8號,長泰街8號,<1,less_than,1,0,<1,0.64,7.7
110年11月,臺北市,萬華區,莒光路176號,莒光路176號,<1,less_than,1,0,<1,0.68,7.6
110年11月,臺北市,萬華區,萬大路423巷115號,萬大路423巷115號,<1,less_than,1,0,<1,0.64,7.7
110年11月,臺北市,大同區,大龍街126號,大龍街126號,<1,less_than,1,0,<1,0.56,7.6
110年11月,臺北市,大同區,延平北路2段61巷16號,延平北路2段61巷16號,<1,less_than,1,0,<1,0.6,7.6
110年11月,臺北市,大同區,昌吉街118號,昌吉街118號,<1,less_than,1,0,<1,0.61,7.5
110年11月,臺北市,大同區,迪化街1段268號,迪化街1段268號,<1,less_than,1,0,<1,0.58,7.4
110年11月,臺北市,中山區,中山北路1段110-7號,中山北路1段110-7號,<1,less_than,1,0,<1,0.52,7.6
110年11月,臺北市,中山區,臺北市中山區長安西路38號,長安西路38號,<1,less_than,1,0,<1,0.59,7.4
110年11月,臺北市,士林區,中山北路5段320號,中山北路5段320號,<1,less_than,1,0,<1,0.56,7.1
110年11月,臺北市,士林區,天母東路69巷30號,天母東路69巷30號,<1,less_than,1,0,<1,0.57,7.3
110年11月,臺北市,士林區,至善路2段322巷口,至善路2段322巷口,<1,less_than,1,0,<1,0.52,7.5
110年11月,臺北市,士林區,後港街38巷臨5之1號,後港街38巷臨5之1號,<1,less_than,1,0,<1,0.53,7.4
110年11月,臺北市,士林區,華齡街2巷口,華齡街2巷口,<1,less_than,1,0,<1,0.51,7.4
110年11月,臺北市,北投區,行義路1號,行義路1號,<1,less_than,1,0,<1,0.57,7.2
110年12月,臺北市,中山區,民族東路臨41號,民族東路臨41號,<1,less_than,1,0,<1,0.55,7.2
110年12月,臺北市,中山區,民族東路臨41號,民族東路臨41號,<1,less_than,1,0,<1,0.57,7.1
110年12月,臺北市,內湖區,臺北市內湖區大湖街166巷大湖公園入口旁,大湖街166巷大湖公園入口旁,<1,less_than,1,0,<1,0.54,7.1
110年12月,臺北市,松山區,臺北市松山區八德路2段364巷5弄29號對面,八德路2段364巷5弄29號對面,<1,less_than,1,0,<1,0.56,7.2
110年12月,臺北市,信義區,永吉路120巷92號,永吉路120巷92號,<1,less_than,1,0,<1,0.53,7.2
110年12月,臺北市,南港區,研究院路二段1號,研究院路2段1號,<1,less_than,1,0,<1,0.42,7.2
110年12月,臺北市,北投區,興東街1號對面,興東街1號對面,<1,less_than,1,0,<1,0.41,7.3
110年12月,臺北市,萬華區,桂林路167巷14號（三清宮）,桂林路167巷14號（三清宮）,<1,less_than,1,0,<1,0.6,7.5
110年12月,臺北市,中山區,新生北路三段101號,新生北路3段101號,<1,less_than,1,0,<1,0.66,7.3
110年12月,臺北市,內湖區,內溝里康樂街206-4號旁附近,內溝里康樂街206-4號旁附近,<1,less_than,1,0,<1,0.6,7.4
110年12月,臺北市,內湖區,康寧路3段99巷17弄26號旁,康寧路3段99巷17弄26號旁,<1,less_than,1,0,<1,0.58,7.4
110年12月,臺北市,松山區,民權東路5段41-1號,民權東路5段41-1號,<1,less_than,1,0,<1,0.6,7.3
110年12月,臺北市,松山區,臺北市松山區南京東路4段52巷16弄口,南京東路4段52巷16弄口,<1,less_than,1,0,<1,0.63,7.3
110年12月,臺北市,南港區,中坡南路51號,中坡南路51號,<1,less_than,1,0,<1,0.6,7.4
110年12月,臺北市,北投區,鹿角坑加壓站 竹子湖路75-1號對面,鹿角坑加壓站 竹子湖路75-1號對面,<10,less_than,10,0,<1,0.72,7.9
110年12月,臺北市,大安區,長興街131號,長興街131號,<10,less_than,10,0,<1,0.59,7.4
110年12月,臺北市,中正區,思源街1號,思源街1號,<10,less_than,10,0,<1,0.6,7.3
110年12月,新北市,新店區,直潭路127號(直潭淨水場),直潭路127號(直潭淨水場),<10,less_than,10,0,<1,0.57,7.1
110年12月,臺北市,士林區,至善路3段110號,至善路3段110號,<10,less_than,10,0,<1,0.63,7.2
110年12月,臺北市,士林區,菁山路101巷79號,菁山路101巷79號,<10,less_than,10,0,<1,0.63,7.7
110年12月,臺北市,北投區,泉源路260號,泉源路260號,<10,less_than,10,0,<1,0.66,7.5
110年12月,臺北市,大安區,建國南路1段354號,建國南路1段354號,<1,less_than,1,0,<1,0.64,7.3
110年12月,臺北市,大安區,師大路107號,師大路107號,<1,less_than,1,0,<1,0.6,7.4
110年12月,臺北市,文山區,木柵路1段280號,木柵路1段280號,<1,less_than,1,0,<1,0.6,7.2
110年12月,臺北市,文山區,景福街19號1樓,景福街19號1樓,<1,less_than,1,0,<1,0.57,7.2
110年12月,臺北市,文山區,興隆路2段234號,興隆路2段234號,<1,less_than,1,0,<1,0.58,7.3
110年12月,臺北市,信義區,莊敬路393號,莊敬路393號,<1,less_than,1,0,<1,0.62,7.3
110年12月,臺北市,大安區,大安區四維路52巷1號對面,四維路52巷1號對面,<1,less_than,1,0,<1,0.58,7.7
110年12月,臺北市,大安區,和平東路三段308巷15弄涼亭旁,和平東路3段308巷15弄涼亭旁,<1,less_than,1,0,<1,0.54,7.5
110年12月,臺北市,中正區,思源街1號,思源街1號,<1,less_than,1,0,<1,0.62,7.4
110年12月,臺北市,文山區,木新路3段55號,木新路3段55號,<1,less_than,1,0,<1,0.53,7.5
110年12月,臺北市,文山區,羅斯福路六段268號,羅斯福路6段268號,<1,less_than,1,0,<1,0.59,7.7
110年12月,臺北市,士林區,至善路二段449號,至善路2段449號,<1,less_than,1,0,<1,0.59,7.4
110年12月,臺北市,士林區,格致路198號,格致路198號,<1,less_than,1,0,<1,0.64,7
110年12月,臺北市,中山區,中山北路1段110-7號,中山北路1段110-7號,<1,less_than,1,0,<1,0.59,7.4
110年12月,臺北市,北投區,承德路七段388號對面﹝北投加壓站﹞,承德路7段388號對面﹝北投加壓站﹞,<1,less_than,1,0,<1,0.6,7.5
110年12月,臺北市,萬華區,西園路1段127號,西園路1段127號,<1,less_than,1,0,<1,0.51,7.5
110年12月,臺北市,萬華區,西寧南路124號,西寧南路124號,<1,less_than,1,0,<1,0.61,7.5
110年12月,臺北市,萬華區,西藏路171號,西藏路171號,<1,less_than,1,0,<1,0.64,7.4
110年12月,臺北市,萬華區,長泰街8號,長泰街8號,<1,less_than,1,0,<1,0.6,7.5
110年12月,臺北市,萬華區,莒光路176號,莒光路176號,<1,less_than,1,0,<1,0.62,7.5
110年12月,臺北市,萬華區,萬大路423巷115號,萬大路423巷115號,<1,less_than,1,0,<1,0.6,7.6
110年12月,臺北市,士林區,天母東路69巷30號,天母東路69巷30號,<1,less_than,1,0,<1,0.58,7.2
110年12月,臺北市,士林區,至善路2段322巷口,至善路2段322巷口,<1,less_than,1,0,<1,0.56,7.2
110年12月,臺北市,士林區,後港街38巷臨5之1號,後港街38巷臨5之1號,<1,less_than,1,0,<1,0.57,7.1
110年12月,臺北市,士林區,華齡街2巷口,華齡街2巷口,<1,less_than,1,0,<1,0.52,6.9
110年12月,臺北市,大同區,大龍街126號,大龍街126號,<1,less_than,1,0,<1,0.62,7.3
110年12月,臺北市,大同區,延平北路2段61巷16號,延平北路2段61巷16號,<1,less_than,1,0,<1,0.57,7.2
110年12月,臺北市,大同區,昌吉街118號,昌吉街118號,<1,less_than,1,0,<1,0.63,7.3
110年12月,臺北市,大同區,哈密街49巷口,哈密街49巷口,<1,less_than,1,0,<1,0.49,7.3
110年12月,臺北市,大同區,迪化街1段268號,迪化街1段268號,<1,less_than,1,0,<1,0.49,7.1
110年12月,臺北市,士林區,中山北路5段460巷1號,中山北路5段460巷1號,<1,less_than,1,0,<1,0.62,6.9
110年12月,臺北市,中山區,長安西路36號,長安西路36號,<1,less_than,1,0,<1,0.59,7.1
110年12月,臺北市,北投區,行義路1號,行義路1號,<1,less_than,1,0,<1,0.62,7.1
111年1月,臺北市,中山區,新生北路三段101號,新生北路3段101號,<1,less_than,1,0,<1,0.6,7.2
111年1月,臺北市,內湖區,內溝里康樂街206-4號旁附近,內溝里康樂街206-4號旁附近,<1,less_than,1,0,<1,0.58,7.2
111年1月,臺北市,內湖區,康寧路3段99巷17弄26號旁,康寧路3段99巷17弄26號旁,<1,less_than,1,0,<1,0.58,7.2
111年1月,臺北市,松山區,民權東路5段41-1號,民權東路5段41-1號,<1,less_than,1,0,<1,0.61,7.2
111年1月,臺北市,松山區,臺北市松山區南京東路4段52巷16弄口,南京東路4段52巷16弄口,<1,less_than,1,0,<1,0.64,7.2
111年1月,臺北市,南港區,中坡南路51號,中坡南路51號,<1,less_than,1,0,<1,0.54,7.2
111年1月,臺北市,大安區,建國南路1段354號,建國南路1段354號,<1,less_than,1,0,<1,0.58,7.5
111年1月,臺北市,大安區,師大路107號,師大路107號,<1,less_than,1,0,<1,0.57,7.4
111年1月,臺北市,文山區,木柵路1段280號,木柵路1段280號,<1,less_than,1,0,<1,0.63,7.4
111年1月,臺北市,文山區,景福街19號1樓,景福街19號1樓,<1,less_than,1,0,<1,0.54,7.4
111年1月,臺北市,文山區,興隆路2段234號,興隆路2段234號,<1,less_than,1,0,<1,0.64,7.4
111年1月,臺北市,信義區,莊敬路393號,莊敬路393號,<1,less_than,1,0,<1,0.57,7.4
111年1月,臺北市,大安區,長興街131號,長興街131號,<1,less_than,1,0,<1,0.59,7.5
111年1月,臺北市,中正區,思源街1號,思源街1號,<1,less_than,1,0,<1,0.6,7.4
111年1月,新北市,新店區,直潭路127號(直潭淨水場),直潭路127號(直潭淨水場),<1,less_than,1,0,<1,0.65,7.2
111年1月,臺北市,士林區,至善路3段110號,至善路3段110號,<1,less_than,1,0,<1,0.64,7.3
111年1月,臺北市,士林區,菁山路101巷79號,菁山路101巷79號,<1,less_than,1,0,<1,0.64,7.7
111年1月,臺北市,北投區,泉源路260號,泉源路260號,<1,less_than,1,0,<1,0.64,7.7
111年1月,臺北市,北投區,鹿角坑加壓站 竹子湖路75-1號對面,鹿角坑加壓站 竹子湖路75-1號對面,<1,less_than,1,0,<1,0.67,8
111年1月,臺北市,萬華區,西園路1段127號,西園路1段127號,<1,less_than,1,0,<1,0.57,7.5
111年1月,臺北市,萬華區,西寧南路124號,西寧南路124號,<1,less_than,1,0,<1,0.57,7.5
111年1月,臺北市,萬華區,西藏路171號,西藏路171號,<1,less_than,1,0,<1,0.58,7.4
111年1月,臺北市,萬華區,長泰街8號,長泰街8號,<1,less_than,1,0,<1,0.58,7.4
111年1月,臺北市,萬華區,莒光路176號,莒光路176號,<1,less_than,1,0,<1,0.58,7.5
111年1月,臺北市,萬華區,萬大路423巷115號,萬大路423巷115號,<1,less_than,1,0,<1,0.58,7.4
111年1月,臺北市,大同區,大龍街126號,大龍街126號,<1,less_than,1,0,<1,0.56,7.3
111年1月,臺北市,大同區,延平北路2段61巷16號,延平北路2段61巷16號,<1,less_than,1,0,<1,0.43,7.2
111年1月,臺北市,大同區,昌吉街118號,昌吉街118號,<1,less_than,1,0,<1,0.6,7.2
111年1月,臺北市,大同區,哈密街59巷﹝龍塘綠地﹞,哈密街59巷﹝龍塘綠地﹞,<1,less_than,1,0,<1,0.55,7.3
111年1月,臺北市,大同區,迪化街1段268號,迪化街1段268號,<1,less_than,1,0,<1,0.51,7.2
111年1月,臺北市,中山區,長安西路38號,長安西路38號,<1,less_than,1,0,<1,0.51,7.2
111年1月,臺北市,士林區,天母東路69巷30號,天母東路69巷30號,<1,less_than,1,0,<1,0.55,7.4
111年1月,臺北市,士林區,至善路2段322巷口,至善路2段322巷口,<1,less_than,1,0,<1,0.51,7.4
111年1月,臺北市,士林區,後港街38巷臨5之1號,後港街38巷臨5之1號,<1,less_than,1,0,<1,0.57,7.3
111年1月,臺北市,士林區,華齡街2巷口,華齡街2巷口,<1,less_than,1,0,<1,0.5,7.2
111年1月,臺北市,士林區,中山北路5段460巷1號,中山北路5段460巷1號,<1,less_than,1,0,<1,0.58,7.1
111年1月,臺北市,北投區,行義路1號,行義路1號,<1,less_than,1,0,<1,0.58,7.2
111年1月,臺北市,中山區,民族東路臨41號,民族東路臨41號,<1,less_than,1,0,<1,0.59,7.5
111年1月,臺北市,內湖區,臺北市內湖區大湖街166巷大湖公園入口旁,大湖街166巷大湖公園入口旁,<1,less_than,1,0,<1,0.62,7.5
111年1月,臺北市,松山區,延壽街373號,延壽街373號,<1,less_than,1,0,<1,0.6,7.4
111年1月,臺北市,松山區,臺北市松山區八德路2段364巷5弄29號對面,八德路2段364巷5弄29號對面,<1,less_than,1,0,<1,0.57,7.5
111年1月,臺北市,信義區,永吉路120巷92號,永吉路120巷92號,<1,less_than,1,0,<1,0.57,7.4
111年1月,臺北市,南港區,研究院路二段1號,研究院路2段1號,<1,less_than,1,0,<1,0.47,7.3
111年1月,臺北市,北投區,興東街1號對面,興東街1號對面,<1,less_than,1,0,<1,0.55,7.6
111年1月,臺北市,萬華區,桂林路167巷14號（三清宮）,桂林路167巷14號（三清宮）,<1,less_than,1,0,<1,0.61,7.5
111年1月,臺北市,大安區,大安區四維路52巷1號對面,四維路52巷1號對面,<1,less_than,1,0,<1,0.51,7.1
111年1月,臺北市,大安區,和平東路三段308巷15弄涼亭旁,和平東路3段308巷15弄涼亭旁,<1,less_than,1,0,<1,0.47,7.4
111年1月,臺北市,中正區,思源街1號,思源街1號,<1,less_than,1,0,<1,0.47,7.2
111年1月,臺北市,文山區,木新路3段55號,木新路3段55號,<1,less_than,1,0,<1,0.49,7.3
111年1月,臺北市,文山區,羅斯福路六段268號,羅斯福路6段268號,<1,less_than,1,0,<1,0.45,7.4
111年1月,臺北市,士林區,至善路二段449號,至善路2段449號,<1,less_than,1,0,<1,0.59,7.3
111年1月,臺北市,士林區,格致路198號,格致路198號,<1,less_than,1,0,<1,0.59,7
111年1月,臺北市,中山區,中山北路1段110-7號,中山北路1段110-7號,<1,less_than,1,0,<1,0.59,7.3
111年1月,臺北市,北投區,承德路七段388號對面﹝北投加壓站﹞,承德路7段388號對面﹝北投加壓站﹞,<1,less_than,1,0,<1,0.58,7.3
111年2月,臺北市,中山區,新生北路三段101號,新生北路3段101號,<1,less_than,1,0,<1,0.62,7.2
111年2月,臺北市,內湖區,內溝里康樂街206-4號旁附近,內溝里康樂街206-4號旁附近,<1,less_than,1,0,<1,0.46,7.3
111年2月,臺北市,內湖區,內溝里康樂街206-4號旁附近,內溝里康樂街206-4號旁附近,<1,less_than,1,0,<1,0.58,7.3
111年2月,臺北市,松山區,民權東路5段41-1號,民權東路5段41-1號,<1,less_than,1,0,<1,0.55,7.3
111年2月,臺北市,松山區,臺北市松山區南京東路4段52巷16弄口,南京東路4段52巷16弄口,<1,less_than,1,0,<1,0.4,7.3
111年2月,臺北市,南港區,中坡南路51號,中坡南路51號,<1,less_than,1,0,<1,0.51,7.3
111年2月,臺北市,萬華區,西園路1段127號,西園路1段127號,<1,less_than,1,0,<1,0.51,7.4
111年2月,臺北市,萬華區,西寧南路124號,西寧南路124號,<1,less_than,1,0,<1,0.57,7.4
111年2月,臺北市,萬華區,西藏路171號,西藏路171號,<1,less_than,1,0,<1,0.61,7.4
111年2月,臺北市,萬華區,長泰街8號,長泰街8號,<1,less_than,1,0,<1,0.61,7.5
111年2月,臺北市,萬華區,莒光路176號,莒光路176號,<1,less_than,1,0,<1,0.55,7.4
111年2月,臺北市,萬華區,萬大路423巷115號,萬大路423巷115號,<1,less_than,1,0,<1,0.61,7.4
111年2月,臺北市,大安區,建國南路1段354號,建國南路1段354號,<1,less_than,1,0,<1,0.62,7.3
111年2月,臺北市,大安區,師大路107號,師大路107號,<1,less_than,1,0,<1,0.66,7.3
111年2月,臺北市,文山區,木柵路1段280號,木柵路1段280號,<1,less_than,1,0,<1,0.6,7.2
111年2月,臺北市,文山區,景福街19號1樓,景福街19號1樓,<1,less_than,1,0,<1,0.55,7.3
111年2月,臺北市,文山區,興隆路2段234號,興隆路2段234號,<1,less_than,1,0,<1,0.56,7.3
111年2月,臺北市,信義區,莊敬路393號,莊敬路393號,<1,less_than,1,0,<1,0.61,7.3
111年2月,臺北市,大安區,長興街131號,長興街131號,<1,less_than,1,0,<1,0.6,7.4
111年2月,臺北市,中正區,思源街1號,思源街1號,<1,less_than,1,0,<1,0.6,7.4
111年2月,新北市,新店區,新北市新店區直潭路127號,直潭路127號,<1,less_than,1,0,<1,0.58,7.3
111年2月,臺北市,士林區,至善路3段110號,至善路3段110號,<1,less_than,1,0,<1,0.62,7.2
111年2月,臺北市,士林區,菁山路101巷79號,菁山路101巷79號,<1,less_than,1,0,<1,0.62,7.8
111年2月,臺北市,北投區,泉源路260號,泉源路260號,<1,less_than,1,0,<1,0.62,7.8
111年2月,臺北市,北投區,鹿角坑加壓站 竹子湖路75-1號對面,鹿角坑加壓站 竹子湖路75-1號對面,<1,less_than,1,0,<1,0.67,7.9
111年2月,臺北市,大同區,大龍街126號,大龍街126號,<1,less_than,1,0,<1,0.61,7.3
111年2月,臺北市,大同區,延平北路2段61巷16號,延平北路2段61巷16號,<1,less_than,1,0,<1,0.54,7.3
111年2月,臺北市,大同區,昌吉街118號,昌吉街118號,<1,less_than,1,0,<1,0.63,7.2
111年2月,臺北市,大同區,哈密街59巷﹝龍塘綠地﹞,哈密街59巷﹝龍塘綠地﹞,<1,less_than,1,0,<1,0.6,7.3
111年2月,臺北市,大同區,迪化街1段268號,迪化街1段268號,<1,less_than,1,0,<1,0.58,7.2
111年2月,臺北市,中山區,長安西路38號,長安西路38號,<1,less_than,1,0,<1,0.57,7.2
111年2月,臺北市,士林區,天母東路69巷30號,天母東路69巷30號,<1,less_than,1,0,<1,0.56,7.2
111年2月,臺北市,士林區,至善路2段322巷口,至善路2段322巷口,<1,less_than,1,0,<1,0.51,7.2
111年2月,臺北市,士林區,後港街38巷臨5之1號,後港街38巷臨5之1號,<1,less_than,1,0,<1,0.56,7.2
111年2月,臺北市,士林區,華齡街2巷口,華齡街2巷口,<1,less_than,1,0,<1,0.43,7.2
111年2月,臺北市,士林區,中山北路5段460巷1號,中山北路5段460巷1號,<1,less_than,1,0,<1,0.57,6.9
111年2月,臺北市,北投區,行義路一段五福宮旁,行義路1段五福宮旁,<1,less_than,1,0,<1,0.62,7.2
111年2月,臺北市,中山區,民族東路臨41號,民族東路臨41號,<1,less_than,1,0,<1,0.51,7.5
111年2月,臺北市,內湖區,臺北市內湖區大湖街166巷大湖公園入口旁,大湖街166巷大湖公園入口旁,<1,less_than,1,0,<1,0.58,7.6
111年2月,臺北市,松山區,延壽街373號,延壽街373號,<1,less_than,1,0,<1,0.63,7.5
111年2月,臺北市,松山區,臺北市松山區八德路2段364巷5弄29號對面,八德路2段364巷5弄29號對面,<1,less_than,1,0,<1,0.62,7.5
111年2月,臺北市,信義區,永吉路120巷92號,永吉路120巷92號,<1,less_than,1,0,<1,0.57,7.8
111年2月,臺北市,南港區,研究院路二段1號,研究院路2段1號,<1,less_than,1,0,<1,0.56,7.6
111年2月,臺北市,北投區,興東街1號對面,興東街1號對面,<1,less_than,1,0,<1,0.6,7.7
111年2月,臺北市,萬華區,桂林路167巷14號（三清宮）,桂林路167巷14號（三清宮）,<1,less_than,1,0,<1,0.58,7.6
111年2月,臺北市,士林區,至善路2段322巷口,至善路2段322巷口,<1,less_than,1,0,<1,0.59,7.3
111年2月,臺北市,士林區,格致路198號,格致路198號,<1,less_than,1,0,<1,0.63,6.9
111年2月,臺北市,大安區,大安區四維路52巷1號對面,四維路52巷1號對面,<1,less_than,1,0,<1,0.46,7.4
111年2月,臺北市,大安區,和平東路三段308巷15弄涼亭旁,和平東路3段308巷15弄涼亭旁,<1,less_than,1,0,<1,0.58,7.6
111年2月,臺北市,中山區,中山北路1段110-7號,中山北路1段110-7號,<1,less_than,1,0,<1,0.6,7.3
111年2月,臺北市,中正區,思源街1號,思源街1號,<1,less_than,1,0,<1,0.65,7.4
111年2月,臺北市,文山區,木新路3段55號,木新路3段55號,<1,less_than,1,0,<1,0.47,7.5
111年2月,臺北市,文山區,羅斯福路六段268號,羅斯福路6段268號,<1,less_than,1,0,<1,0.61,7.6
111年2月,臺北市,北投區,承德路七段388號對面﹝北投加壓站﹞,承德路7段388號對面﹝北投加壓站﹞,<1,less_than,1,0,<1,0.48,7.3
111年3月,臺北市,內湖區,康寧路3段99巷17弄26號旁,康寧路3段99巷17弄26號旁,<1,less_than,1,0,<1,0.63,7.2
111年3月,臺北市,內湖區,康樂街206號附近,康樂街206號附近,<1,less_than,1,0,<1,0.56,7.2
111年3月,臺北市,松山區,民權東路5段41-1號,民權東路5段41-1號,<1,less_than,1,0,<1,0.64,7.2
111年3月,臺北市,松山區,敦化北路199巷9號旁,敦化北路199巷9號旁,<1,less_than,1,0,<1,0.56,7.2
111年3月,臺北市,松山區,臺北市松山區南京東路4段52巷16弄口,南京東路4段52巷16弄口,<1,less_than,1,0,<1,0.58,7.2
111年3月,臺北市,南港區,中坡南路51號,中坡南路51號,<1,less_than,1,0,<1,0.55,7.3
111年3月,臺北市,大安區,建國南路1段354號,建國南路1段354號,<1,less_than,1,0,<1,0.61,7.4
111年3月,臺北市,大安區,師大路107號,師大路107號,<1,less_than,1,0,<1,0.61,7.4
111年3月,臺北市,文山區,木柵路1段280號,木柵路1段280號,<1,less_than,1,0,<1,0.6,7.4
111年3月,臺北市,文山區,景福街19號1樓,景福街19號1樓,<1,less_than,1,0,<1,0.55,7.4
111年3月,臺北市,文山區,興隆路2段234號,興隆路2段234號,<1,less_than,1,0,<1,0.62,7.3
111年3月,臺北市,信義區,莊敬路393號,莊敬路393號,<1,less_than,1,0,<1,0.64,7.4
111年3月,臺北市,大安區,長興街131號,長興街131號,<1,less_than,1,0,<1,0.58,7.5
111年3月,臺北市,中正區,思源街1號,思源街1號,<1,less_than,1,0,<1,0.6,7.4
111年3月,新北市,新店區,新北市新店區直潭路127號,直潭路127號,<1,less_than,1,0,<1,0.62,7.3
111年3月,臺北市,士林區,至善路3段110號,至善路3段110號,<1,less_than,1,0,<1,0.64,7.3
111年3月,臺北市,士林區,菁山路101巷79號,菁山路101巷79號,<1,less_than,1,0,<1,0.66,7.8
111年3月,臺北市,北投區,泉源路260號,泉源路260號,<1,less_than,1,0,<1,0.66,7.7
111年3月,臺北市,北投區,鹿角坑加壓站 竹子湖路75-1號對面,鹿角坑加壓站 竹子湖路75-1號對面,<1,less_than,1,0,<1,0.65,7.9
111年3月,臺北市,內湖區,臺北市內湖區大湖街166巷大湖公園入口旁,大湖街166巷大湖公園入口旁,<1,less_than,1,0,<1,0.65,7.3
111年3月,臺北市,信義區,永吉路120巷92號,永吉路120巷92號,<1,less_than,1,0,<1,0.64,7.2
111年3月,臺北市,南港區,研究院路二段1號,研究院路2段1號,<1,less_than,1,0,<1,0.51,7.1
111年3月,臺北市,北投區,興東街1號對面,興東街1號對面,<1,less_than,1,0,<1,0.61,7.3
111年3月,臺北市,中山區,民族東路臨41號,民族東路臨41號,<1,less_than,1,0,<1,0.56,7.6
111年3月,臺北市,松山區,延壽街373號,延壽街373號,<1,less_than,1,0,<1,0.57,7.5
111年3月,臺北市,松山區,臺北市松山區八德路2段364巷5弄29號對面,八德路2段364巷5弄29號對面,<1,less_than,1,0,<1,0.64,7.6
111年3月,臺北市,萬華區,桂林路167巷14號（三清宮）,桂林路167巷14號（三清宮）,<1,less_than,1,0,<1,0.59,7.5
111年3月,臺北市,士林區,至善路二段449號,至善路2段449號,<1,less_than,1,0,<1,0.56,7.3
111年3月,臺北市,士林區,格致路198號,格致路198號,<1,less_than,1,0,<1,0.57,7.3
111年3月,臺北市,大安區,大安區四維路52巷1號對面,四維路52巷1號對面,<1,less_than,1,0,<1,0.67,7.2
111年3月,臺北市,大安區,和平東路三段308巷15弄涼亭旁,和平東路3段308巷15弄涼亭旁,<1,less_than,1,0,<1,0.64,7.4
111年3月,臺北市,中山區,中山北路1段110-7號,中山北路1段110-7號,<1,less_than,1,0,<1,0.59,7.4
111年3月,臺北市,中正區,思源街1號,思源街1號,<1,less_than,1,0,<1,0.63,7.1
111年3月,臺北市,文山區,木新路3段55號,木新路3段55號,<1,less_than,1,0,<1,0.57,7.4
111年3月,臺北市,文山區,羅斯福路六段268號,羅斯福路6段268號,<1,less_than,1,0,<1,0.59,7.3
111年3月,臺北市,北投區,承德路七段388號對面﹝北投加壓站﹞,承德路7段388號對面﹝北投加壓站﹞,<1,less_than,1,0,<1,0.45,7.3
111年3月,臺北市,萬華區,西園路1段127號,西園路1段127號,<1,less_than,1,0,<1,0.56,7.5
111年3月,臺北市,萬華區,西寧南路124號,西寧南路124號,<1,less_than,1,0,<1,0.54,7.5
111年3月,臺北市,萬華區,西藏路171號,西藏路171號,<1,less_than,1,0,<1,0.58,7.5
111年3月,臺北市,萬華區,長泰街8號,長泰街8號,<1,less_than,1,0,<1,0.57,7.4
111年3月,臺北市,萬華區,莒光路176號,莒光路176號,<1,less_than,1,0,<1,0.55,7.5
111年3月,臺北市,萬華區,萬大路423巷115號,萬大路423巷115號,<1,less_than,1,0,<1,0.57,7.5
111年3月,臺北市,大同區,大龍街126號,大龍街126號,<1,less_than,1,0,<1,0.52,7.3
111年3月,臺北市,大同區,延平北路2段61巷16號,延平北路2段61巷16號,<1,less_than,1,0,<1,0.5,7.3
111年3月,臺北市,大同區,昌吉街118號,昌吉街118號,<1,less_than,1,0,<1,0.51,7.3
111年3月,臺北市,大同區,哈密街59巷﹝龍塘綠地﹞,哈密街59巷﹝龍塘綠地﹞,<1,less_than,1,0,<1,0.5,7.5
111年3月,臺北市,大同區,迪化街1段268號,迪化街1段268號,<1,less_than,1,0,<1,0.44,7.3
111年3月,臺北市,中山區,長安西路38號,長安西路38號,<1,less_than,1,0,<1,0.5,7.3
111年3月,臺北市,士林區,天母東路69巷30號,天母東路69巷30號,<1,less_than,1,0,<1,0.48,7.2
111年3月,臺北市,士林區,至善路2段322巷口,至善路2段322巷口,<1,less_than,1,0,<1,0.48,7.2
111年3月,臺北市,士林區,後港街38巷臨5之1號,後港街38巷臨5之1號,<1,less_than,1,0,<1,0.5,7.2
111年3月,臺北市,士林區,華齡街2巷口,華齡街2巷口,<1,less_than,1,0,<1,0.4,7.3
111年3月,臺北市,士林區,中山北路5段460巷1號,中山北路5段460巷1號,<1,less_than,1,0,<1,0.46,7.2
111年3月,臺北市,北投區,行義路1號,行義路1號,<1,less_than,1,0,<1,0.54,7
111年4月,臺北市,內湖區,康寧路3段99巷17弄26號旁,康寧路3段99巷17弄26號旁,<1,less_than,1,0,<1,0.53,7.1
111年4月,臺北市,內湖區,康樂街236-5號附近（公車站旁）,康樂街236-5號附近（公車站旁）,<1,less_than,1,0,<1,0.59,7.1
111年4月,臺北市,松山區,民權東路5段41-1號,民權東路5段41-1號,<1,less_than,1,0,<1,0.6,7.1
111年4月,臺北市,松山區,敦化北路199巷9號旁,敦化北路199巷9號旁,<1,less_than,1,0,<1,0.54,7
111年4月,臺北市,松山區,臺北市松山區南京東路4段52巷16弄口,南京東路4段52巷16弄口,<1,less_than,1,0,<1,0.5,7.1
111年4月,臺北市,南港區,中坡南路51號,中坡南路51號,<1,less_than,1,0,<1,0.59,7.1
111年4月,臺北市,大安區,長興街131號,長興街131號,<1,less_than,1,0,<1,0.56,7.3
111年4月,臺北市,中正區,思源街1號,思源街1號,<1,less_than,1,0,<1,0.59,7.5
111年4月,新北市,新店區,新北市新店區直潭路127號,直潭路127號,<1,less_than,1,0,<1,0.62,7.2
111年4月,臺北市,士林區,至善路3段110號,至善路3段110號,<1,less_than,1,0,<1,0.65,7.3
111年4月,臺北市,士林區,菁山路101巷79號,菁山路101巷79號,<1,less_than,1,0,<1,0.53,7.5
111年4月,臺北市,北投區,泉源路260號,泉源路260號,<1,less_than,1,0,<1,0.61,7.9
111年4月,臺北市,北投區,鹿角坑加壓站 竹子湖路75-1號對面,鹿角坑加壓站 竹子湖路75-1號對面,<1,less_than,1,0,<1,0.65,7.9
111年4月,臺北市,大安區,建國南路1段354號,建國南路1段354號,<1,less_than,1,0,<1,0.58,7.3
111年4月,臺北市,大安區,師大路107號,師大路107號,<1,less_than,1,0,<1,0.57,7.3
111年4月,臺北市,文山區,木柵路1段280號,木柵路1段280號,<1,less_than,1,0,<1,0.56,7.3
111年4月,臺北市,文山區,景福街19號1樓,景福街19號1樓,<1,less_than,1,0,<1,0.55,7.2
111年4月,臺北市,文山區,興隆路2段234號,興隆路2段234號,<1,less_than,1,0,<1,0.57,7.3
111年4月,臺北市,信義區,莊敬路393號,莊敬路393號,<1,less_than,1,0,<1,0.56,7.3
111年4月,臺北市,萬華區,西園路1段127號,西園路1段127號,<1,less_than,1,0,<1,0.52,7.5
111年4月,臺北市,萬華區,西寧南路124號,西寧南路124號,<1,less_than,1,0,<1,0.63,7.6
111年4月,臺北市,萬華區,西藏路171號,西藏路171號,<1,less_than,1,0,<1,0.61,7.5
111年4月,臺北市,萬華區,長泰街8號,長泰街8號,<1,less_than,1,0,<1,0.55,7.5
111年4月,臺北市,萬華區,莒光路176號,莒光路176號,<1,less_than,1,0,<1,0.6,7.5
111年4月,臺北市,萬華區,萬大路423巷115號,萬大路423巷115號,<1,less_than,1,0,<1,0.56,7.5
111年4月,臺北市,大同區,大龍街126號,大龍街126號,<1,less_than,1,0,<1,0.58,7.2
111年4月,臺北市,大同區,延平北路2段61巷16號,延平北路2段61巷16號,<1,less_than,1,0,<1,0.56,7.2
111年4月,臺北市,大同區,昌吉街118號,昌吉街118號,<1,less_than,1,0,<1,0.59,7.2
111年4月,臺北市,大同區,哈密街59巷﹝龍塘綠地﹞,哈密街59巷﹝龍塘綠地﹞,<1,less_than,1,0,<1,0.58,7.3
111年4月,臺北市,大同區,迪化街1段268號,迪化街1段268號,<1,less_than,1,0,<1,0.57,7.2
111年4月,臺北市,中山區,臺北市中山區長安西路38號,長安西路38號,<1,less_than,1,0,<1,0.57,7.2
111年4月,臺北市,士林區,天母東路69巷30號,天母東路69巷30號,<1,less_than,1,0,<1,0.53,7.3
111年4月,臺北市,士林區,至善路2段322巷口,至善路2段322巷口,<1,less_than,1,0,<1,0.45,7.3
111年4月,臺北市,士林區,後港街38巷臨5之1號,後港街38巷臨5之1號,<1,less_than,1,0,<1,0.57,7.2
111年4月,臺北市,士林區,華齡街2巷口,華齡街2巷口,<1,less_than,1,0,<1,0.43,7.3
111年4月,臺北市,士林區,中山北路5段460巷1號,中山北路5段460巷1號,<1,less_than,1,0,<1,0.58,7
111年4月,臺北市,北投區,行義路1號,行義路1號,<1,less_than,1,0,<1,0.56,7
111年4月,臺北市,中山區,民族東路臨41號,民族東路臨41號,<1,less_than,1,0,<1,0.57,7.1
111年4月,臺北市,內湖區,臺北市內湖區大湖街166巷大湖公園入口旁,大湖街166巷大湖公園入口旁,<1,less_than,1,0,<1,0.61,7.1
111年4月,臺北市,松山區,延壽街373號,延壽街373號,<1,less_than,1,0,<1,0.56,7.2
111年4月,臺北市,松山區,臺北市松山區八德路2段364巷5弄29號對面,八德路2段364巷5弄29號對面,<1,less_than,1,0,<1,0.61,7.3
111年4月,臺北市,信義區,永吉路120巷92號,永吉路120巷92號,<1,less_than,1,0,<1,0.65,7.1
111年4月,臺北市,南港區,研究院路二段1號,研究院路2段1號,<1,less_than,1,0,<1,0.48,7
111年4月,臺北市,北投區,興東街1號對面,興東街1號對面,<1,less_than,1,0,<1,0.44,7.3
111年4月,臺北市,萬華區,桂林路167巷14號（三清宮）,桂林路167巷14號（三清宮）,<1,less_than,1,0,<1,0.55,7.2
111年4月,臺北市,士林區,至善路二段449號,至善路2段449號,<1,less_than,1,0,<1,0.65,7.6
111年4月,臺北市,士林區,格致路198號,格致路198號,<1,less_than,1,0,<1,0.58,7.7
111年4月,臺北市,大安區,大安區四維路52巷1號對面,四維路52巷1號對面,<1,less_than,1,0,<1,0.6,7.2
111年4月,臺北市,大安區,和平東路三段308巷15弄涼亭旁,和平東路3段308巷15弄涼亭旁,<1,less_than,1,0,<1,0.59,7.3
111年4月,臺北市,中山區,中山北路1段110-7號,中山北路1段110-7號,<1,less_than,1,0,<1,0.58,7.4
111年4月,臺北市,中正區,思源街1號,思源街1號,<1,less_than,1,0,<1,0.48,7.2
111年4月,臺北市,文山區,木新路3段55號,木新路3段55號,<1,less_than,1,0,<1,0.49,7.1
111年4月,臺北市,文山區,羅斯福路六段268號,羅斯福路6段268號,<1,less_than,1,0,<1,0.48,7.3
111年4月,臺北市,北投區,承德路七段388號對面﹝北投加壓站﹞,承德路7段388號對面﹝北投加壓站﹞,<1,less_than,1,0,<1,0.58,7.8
111年5月,臺北市,內湖區,康寧路3段99巷17弄26號旁,康寧路3段99巷17弄26號旁,<1,less_than,1,0,<1,0.49,7.2
111年5月,臺北市,內湖區,康樂街206號附近,康樂街206號附近,<1,less_than,1,0,<1,0.6,7.2
111年5月,臺北市,松山區,民權東路5段41-1號,民權東路5段41-1號,<1,less_than,1,0,<1,0.59,7.2
111年5月,臺北市,松山區,敦化北路199巷9號旁,敦化北路199巷9號旁,<1,less_than,1,0,<1,0.48,7.3
111年5月,臺北市,松山區,臺北市松山區南京東路4段52巷16弄口,南京東路4段52巷16弄口,<1,less_than,1,0,<1,0.58,7.3
111年5月,臺北市,南港區,中坡南路51號,中坡南路51號,<1,less_than,1,0,<1,0.56,7.2
111年5月,臺北市,大安區,長興街131號,長興街131號,<1,less_than,1,0,<1,0.59,7.3
111年5月,臺北市,中正區,思源街1號,思源街1號,<1,less_than,1,0,<1,0.63,7.6
111年5月,新北市,新店區,直潭路127號(直潭淨水場),直潭路127號(直潭淨水場),<1,less_than,1,0,<1,0.6,7.3
111年5月,臺北市,士林區,至善路3段110號,至善路3段110號,<1,less_than,1,0,<1,0.66,7.2
111年5月,臺北市,士林區,菁山路101巷79號,菁山路101巷79號,<1,less_than,1,0,<1,0.7,7.7
111年5月,臺北市,北投區,泉源路260號,泉源路260號,<1,less_than,1,0,<1,0.62,7.8
111年5月,臺北市,北投區,鹿角坑加壓站 竹子湖路75-1號對面,鹿角坑加壓站 竹子湖路75-1號對面,<1,less_than,1,0,<1,0.69,7.9
111年5月,臺北市,大安區,建國南路1段354號,建國南路1段354號,<1,less_than,1,0,<1,0.56,7.4
111年5月,臺北市,大安區,師大路107號,師大路107號,<1,less_than,1,0,<1,0.62,7.4
111年5月,臺北市,文山區,木柵路1段280號,木柵路1段280號,<1,less_than,1,0,<1,0.54,7.3
111年5月,臺北市,文山區,景福街19號1樓,景福街19號1樓,<1,less_than,1,0,<1,0.54,7.3
111年5月,臺北市,文山區,興隆路2段234號,興隆路2段234號,<1,less_than,1,0,<1,0.58,7.3
111年5月,臺北市,信義區,莊敬路393號,莊敬路393號,<1,less_than,1,0,<1,0.59,7.3
111年5月,臺北市,萬華區,西園路1段127號,西園路1段127號,<1,less_than,1,0,<1,0.55,7.4
111年5月,臺北市,萬華區,西寧南路124號,西寧南路124號,<1,less_than,1,0,<1,0.64,7.3
111年5月,臺北市,萬華區,西藏路171號,西藏路171號,<1,less_than,1,0,<1,0.62,7.3
111年5月,臺北市,萬華區,長泰街8號,長泰街8號,<1,less_than,1,0,<1,0.59,7.3
111年5月,臺北市,萬華區,莒光路176號,莒光路176號,<1,less_than,1,0,<1,0.6,7.3
111年5月,臺北市,萬華區,萬大路423巷115號,萬大路423巷115號,<1,less_than,1,0,<1,0.57,7.3
111年5月,臺北市,大同區,大龍街126號,大龍街126號,<1,less_than,1,0,<1,0.56,7.3
111年5月,臺北市,大同區,延平北路2段61巷16號,延平北路2段61巷16號,<1,less_than,1,0,<1,0.54,7.2
111年5月,臺北市,大同區,昌吉街118號,昌吉街118號,<1,less_than,1,0,<1,0.57,7.3
111年5月,臺北市,大同區,哈密街59巷﹝龍塘綠地﹞,哈密街59巷﹝龍塘綠地﹞,<1,less_than,1,0,<1,0.53,7.4
111年5月,臺北市,大同區,迪化街1段268號,迪化街1段268號,<1,less_than,1,0,<1,0.63,7.3
111年5月,臺北市,中山區,中山北路1段110-7號,中山北路1段110-7號,<1,less_than,1,0,<1,0.56,7.3
111年5月,臺北市,士林區,天母東路69巷30號,天母東路69巷30號,<1,less_than,1,0,<1,0.53,7.3
111年5月,臺北市,士林區,至善路2段322巷口,至善路2段322巷口,<1,less_than,1,0,<1,0.46,7.2
111年5月,臺北市,士林區,後港街38巷臨5之1號,後港街38巷臨5之1號,<1,less_than,1,0,<1,0.52,7.3
111年5月,臺北市,士林區,華齡街2巷口,華齡街2巷口,<1,less_than,1,0,<1,0.42,7.2
111年5月,臺北市,士林區,中山北路5段460巷1號,中山北路5段460巷1號,<1,less_than,1,0,<1,0.45,7
111年5月,臺北市,北投區,行義路1號,行義路1號,<1,less_than,1,0,<1,0.59,7.1
111年5月,臺北市,內湖區,臺北市內湖區大湖街166巷大湖公園入口旁,大湖街166巷大湖公園入口旁,<1,less_than,1,0,<1,0.44,7.1
111年5月,臺北市,信義區,永吉路120巷92號,永吉路120巷92號,<1,less_than,1,0,<1,0.58,7.2
111年5月,臺北市,南港區,研究院路二段1號,研究院路2段1號,<1,less_than,1,0,<1,0.5,7.1
111年5月,臺北市,北投區,興東街1號對面,興東街1號對面,<1,less_than,1,0,<1,0.47,7.2
111年5月,臺北市,中山區,民族東路臨41號,民族東路臨41號,<1,less_than,1,0,<1,0.54,7
111年5月,臺北市,松山區,延壽街373號,延壽街373號,<1,less_than,1,0,<1,0.58,7.3
111年5月,臺北市,松山區,臺北市松山區八德路2段364巷5弄29號對面,八德路2段364巷5弄29號對面,<1,less_than,1,0,<1,0.61,7.5
111年5月,臺北市,萬華區,桂林路167巷14號（三清宮）,桂林路167巷14號（三清宮）,<1,less_than,1,0,<1,0.55,7.4
111年5月,臺北市,大安區,大安區四維路52巷1號對面,四維路52巷1號對面,<1,less_than,1,0,<1,0.62,6.6
111年5月,臺北市,大安區,和平東路三段308巷15弄涼亭旁,和平東路3段308巷15弄涼亭旁,<1,less_than,1,0,<1,0.5,6.8
111年5月,臺北市,中正區,思源街1號,思源街1號,<1,less_than,1,0,<1,0.65,6.5
111年5月,臺北市,文山區,木新路3段55號,木新路3段55號,<1,less_than,1,0,<1,0.56,6.7
111年5月,臺北市,文山區,羅斯福路六段268號,羅斯福路6段268號,<1,less_than,1,0,<1,0.66,6.8
111年5月,臺北市,士林區,至善路二段449號,至善路2段449號,<1,less_than,1,0,<1,0.58,7.3
111年5月,臺北市,士林區,格致路198號,格致路198號,<1,less_than,1,0,<1,0.6,7.1
111年5月,臺北市,中山區,中山北路1段110-7號,中山北路1段110-7號,<1,less_than,1,0,<1,0.61,7.2
111年5月,臺北市,北投區,承德路七段388號對面﹝北投加壓站﹞,承德路7段388號對面﹝北投加壓站﹞,<1,less_than,1,0,<1,0.54,7.2
111年6月,臺北市,內湖區,康寧路3段99巷17弄26號旁,康寧路3段99巷17弄26號旁,<1,less_than,1,0,<1,0.53,7.2
111年6月,臺北市,內湖區,康樂街236-5號附近（公車站旁）,康樂街236-5號附近（公車站旁）,<1,less_than,1,0,<1,0.46,7.1
111年6月,臺北市,松山區,民權東路5段41-1號,民權東路5段41-1號,<1,less_than,1,0,<1,0.61,7.1
111年6月,臺北市,松山區,敦化北路199巷9號旁,敦化北路199巷9號旁,<1,less_than,1,0,<1,0.52,7.1
111年6月,臺北市,松山區,臺北市松山區南京東路4段52巷16弄口,南京東路4段52巷16弄口,<1,less_than,1,0,<1,0.55,7.1
111年6月,臺北市,南港區,中坡南路51號,中坡南路51號,<1,less_than,1,0,<1,0.48,7.1
111年6月,臺北市,萬華區,西園路1段127號,西園路1段127號,<1,less_than,1,0,<1,0.52,7.3
111年6月,臺北市,萬華區,西藏路171號,西藏路171號,<1,less_than,1,0,<1,0.63,7.2
111年6月,臺北市,萬華區,長泰街8號,長泰街8號,<1,less_than,1,0,<1,0.6,7.2
111年6月,臺北市,萬華區,桂林路167巷14號（三清宮）,桂林路167巷14號（三清宮）,<1,less_than,1,0,<1,0.54,7.3
111年6月,臺北市,萬華區,莒光路176號,莒光路176號,<1,less_than,1,0,<1,0.5,7.2
111年6月,臺北市,萬華區,萬大路423巷115號,萬大路423巷115號,<1,less_than,1,0,<1,0.54,7.2
111年6月,臺北市,中山區,民族東路臨41號,民族東路臨41號,<1,less_than,1,0,<1,0.57,7.1
111年6月,臺北市,內湖區,臺北市內湖區大湖街166巷大湖公園入口旁,大湖街166巷大湖公園入口旁,<1,less_than,1,0,<1,0.53,7.1
111年6月,臺北市,松山區,延壽街373號,延壽街373號,<1,less_than,1,0,<1,0.62,7.1
111年6月,臺北市,松山區,臺北市松山區八德路2段364巷5弄29號對面,八德路2段364巷5弄29號對面,<1,less_than,1,0,<1,0.62,7.1
111年6月,臺北市,信義區,永吉路120巷92號,永吉路120巷92號,<1,less_than,1,0,<1,0.66,7.3
111年6月,臺北市,南港區,研究院路二段1號,研究院路2段1號,<1,less_than,1,0,<1,0.5,7.2
111年6月,臺北市,北投區,興東街1號對面,興東街1號對面,<1,less_than,1,0,<1,0.45,7.4
111年6月,臺北市,萬華區,桂林路167巷14號（三清宮）,桂林路167巷14號（三清宮）,<1,less_than,1,0,<1,0.57,7.3
111年6月,臺北市,大安區,建國南路1段354號,建國南路1段354號,<1,less_than,1,0,<1,0.64,7.3
111年6月,臺北市,大安區,師大路107號,師大路107號,<1,less_than,1,0,<1,0.62,7.3
111年6月,臺北市,文山區,木柵路1段280號,木柵路1段280號,<1,less_than,1,0,<1,0.56,7.3
111年6月,臺北市,文山區,景福街19號1樓,景福街19號1樓,<1,less_than,1,0,<1,0.5,7.3
111年6月,臺北市,文山區,興隆路2段234號,興隆路2段234號,<1,less_than,1,0,<1,0.53,7.2
111年6月,臺北市,信義區,莊敬路393號,莊敬路393號,<1,less_than,1,0,<1,0.62,7.3
111年6月,臺北市,大安區,長興街131號,長興街131號,<1,less_than,1,0,<1,0.64,7.5
111年6月,臺北市,中正區,思源街1號,思源街1號,<1,less_than,1,0,<1,0.61,7.4
111年6月,新北市,新店區,直潭路127號(直潭淨水場),直潭路127號(直潭淨水場),<1,less_than,1,0,<1,0.59,7.2
111年6月,臺北市,士林區,至善路3段110號,至善路3段110號,<1,less_than,1,0,<1,0.63,7.2
111年6月,臺北市,士林區,菁山路101巷79號,菁山路101巷79號,<1,less_than,1,0,<1,0.66,7.6
111年6月,臺北市,北投區,泉源路260號,泉源路260號,<1,less_than,1,0,<1,0.63,7.8
111年6月,臺北市,北投區,鹿角坑加壓站 竹子湖路75-1號對面,鹿角坑加壓站 竹子湖路75-1號對面,<1,less_than,1,0,<1,0.68,8
111年6月,臺北市,士林區,至善路二段449號,至善路2段449號,<1,less_than,1,0,<1,0.58,7
111年6月,臺北市,士林區,格致路198號,格致路198號,<1,less_than,1,0,<1,0.59,6.8
111年6月,臺北市,大安區,大安區四維路52巷1號對面,四維路52巷1號對面,<1,less_than,1,0,<1,0.5,7.1
111年6月,臺北市,大安區,和平東路三段308巷15弄涼亭旁,和平東路3段308巷15弄涼亭旁,<1,less_than,1,0,<1,0.49,6.8
111年6月,臺北市,中山區,中山北路1段110-7號,中山北路1段110-7號,<1,less_than,1,0,<1,0.45,7.2
111年6月,臺北市,中正區,思源街1號,思源街1號,<1,less_than,1,0,<1,0.65,6.9
111年6月,臺北市,文山區,木新路3段55號,木新路3段55號,<1,less_than,1,0,<1,0.51,7.1
111年6月,臺北市,文山區,羅斯福路六段268號,羅斯福路6段268號,<1,less_than,1,0,<1,0.57,7
111年6月,臺北市,北投區,承德路七段388號對面﹝北投加壓站﹞,承德路7段388號對面﹝北投加壓站﹞,<1,less_than,1,0,<1,0.55,7.1
111年6月,臺北市,大同區,大龍街126號,大龍街126號,<1,less_than,1,0,<1,0.54,7.3
111年6月,臺北市,大同區,延平北路2段61巷16號,延平北路2段61巷16號,<1,less_than,1,0,<1,0.44,7.2
111年6月,臺北市,大同區,昌吉街118號,昌吉街118號,<1,less_than,1,0,<1,0.58,7.3
111年6月,臺北市,大同區,迪化街1段268號,迪化街1段268號,<1,less_than,1,0,<1,0.53,7.2
111年6月,臺北市,中山區,民族東路臨41號,民族東路臨41號,<1,less_than,1,0,<1,0.57,7.2
111年6月,新北市,新店區,直潭路127號(直潭淨水場),直潭路127號(直潭淨水場),<1,less_than,1,0,<1,0.48,7.3
111年6月,臺北市,士林區,天母東路69巷30號,天母東路69巷30號,<1,less_than,1,0,<1,0.56,7.3
111年6月,臺北市,士林區,至善路2段322巷口,至善路2段322巷口,<1,less_than,1,0,<1,0.45,7.2
111年6月,臺北市,士林區,後港街38巷臨5之1號,後港街38巷臨5之1號,<1,less_than,1,0,<1,0.55,7.2
111年6月,臺北市,士林區,華齡街2巷口,華齡街2巷口,<1,less_than,1,0,<1,0.41,7.2
111年6月,臺北市,士林區,中山北路5段460巷1號,中山北路5段460巷1號,<1,less_than,1,0,<1,0.59,7.1
111年6月,臺北市,北投區,行義路1號,行義路1號,<1,less_than,1,0,<1,0.64,7
111年7月,臺北市,內湖區,康寧路3段99巷17弄26號旁,康寧路3段99巷17弄26號旁,<1,less_than,1,0,<1,0.54,7.3
111年7月,臺北市,內湖區,康樂街206號附近,康樂街206號附近,<1,less_than,1,0,<1,0.51,7.3
111年7月,臺北市,松山區,民權東路5段41-1號,民權東路5段41-1號,<1,less_than,1,0,<1,0.57,7.2
111年7月,臺北市,松山區,敦化北路199巷9號旁,敦化北路199巷9號旁,<1,less_than,1,0,<1,0.49,7.2
111年7月,臺北市,松山區,臺北市松山區南京東路4段52巷16弄口,南京東路4段52巷16弄口,<1,less_than,1,0,<1,0.54,7.2
111年7月,臺北市,南港區,中坡南路51號,中坡南路51號,<1,less_than,1,0,<1,0.48,7.3
111年7月,臺北市,大安區,建國南路1段354號,建國南路1段354號,<1,less_than,1,0,<1,0.59,7.3
111年7月,臺北市,大安區,師大路107號,師大路107號,<1,less_than,1,0,<1,0.63,7.3
111年7月,臺北市,文山區,木柵路1段280號,木柵路1段280號,<1,less_than,1,0,<1,0.57,7.3
111年7月,臺北市,文山區,景福街19號1樓,景福街19號1樓,<1,less_than,1,0,<1,0.57,7.2
111年7月,臺北市,文山區,興隆路2段234號,興隆路2段234號,<1,less_than,1,0,<1,0.55,7.2
111年7月,臺北市,信義區,莊敬路393號,莊敬路393號,<1,less_than,1,0,<1,0.56,7.3
111年7月,臺北市,萬華區,西園路1段127號,西園路1段127號,<1,less_than,1,0,<1,0.54,7.3
111年7月,臺北市,萬華區,西寧南路124號,西寧南路124號,<1,less_than,1,0,<1,0.53,7.3
111年7月,臺北市,萬華區,西藏路171號,西藏路171號,<1,less_than,1,0,<1,0.63,7.3
111年7月,臺北市,萬華區,長泰街8號,長泰街8號,<1,less_than,1,0,<1,0.61,7.3
111年7月,臺北市,萬華區,莒光路176號,莒光路176號,<1,less_than,1,0,<1,0.6,7.3
111年7月,臺北市,萬華區,萬大路423巷115號,萬大路423巷115號,<1,less_than,1,0,<1,0.56,7.2
111年7月,臺北市,大安區,長興街131號,長興街131號,<1,less_than,1,0,<1,0.64,7.4
111年7月,臺北市,中正區,思源街1號,思源街1號,<1,less_than,1,0,<1,0.64,7.4
111年7月,新北市,新店區,直潭路127號(直潭淨水場),直潭路127號(直潭淨水場),<1,less_than,1,0,<1,0.69,7.3
111年7月,臺北市,士林區,至善路3段110號,至善路3段110號,<1,less_than,1,0,<1,0.61,7.2
111年7月,臺北市,士林區,菁山路101巷79號,菁山路101巷79號,<1,less_than,1,0,<1,0.62,7.8
111年7月,臺北市,北投區,泉源路260號,泉源路260號,<1,less_than,1,0,<1,0.6,7.8
111年7月,臺北市,北投區,鹿角坑加壓站 竹子湖路75-1號對面,鹿角坑加壓站 竹子湖路75-1號對面,<1,less_than,1,0,<1,0.68,7.9
111年7月,臺北市,大同區,大龍街126號,大龍街126號,<1,less_than,1,0,<1,0.5,7.4
111年7月,臺北市,大同區,延平北路2段61巷16號,延平北路2段61巷16號,<1,less_than,1,0,<1,0.46,7.3
111年7月,臺北市,大同區,昌吉街118號,昌吉街118號,<1,less_than,1,0,<1,0.54,7.4
111年7月,臺北市,大同區,哈密街59巷﹝龍塘綠地﹞,哈密街59巷﹝龍塘綠地﹞,<1,less_than,1,0,<1,0.43,7.5
111年7月,臺北市,大同區,迪化街1段268號,迪化街1段268號,<1,less_than,1,0,<1,0.48,7.3
111年7月,臺北市,中山區,中山北路1段110-7號,中山北路1段110-7號,<1,less_than,1,0,<1,0.43,7.4
111年7月,臺北市,士林區,天母東路69巷30號,天母東路69巷30號,<1,less_than,1,0,<1,0.4,7.3
111年7月,臺北市,士林區,至善路2段322巷口,至善路2段322巷口,<1,less_than,1,0,<1,0.36,7.3
111年7月,臺北市,士林區,後港街38巷臨5之1號,後港街38巷臨5之1號,<1,less_than,1,0,<1,0.44,7.1
111年7月,臺北市,士林區,華齡街2巷口,華齡街2巷口,<1,less_than,1,0,<1,0.34,7.2
111年7月,臺北市,士林區,中山北路5段460巷1號,中山北路5段460巷1號,<1,less_than,1,0,<1,0.52,6.9
111年7月,臺北市,北投區,行義路1號,行義路1號,<1,less_than,1,0,<1,0.58,7
111年7月,臺北市,中山區,民族東路臨41號,民族東路臨41號,<1,less_than,1,0,<1,0.5,7.2
111年7月,臺北市,內湖區,大湖街116巷內,大湖街116巷內,<1,less_than,1,0,<1,0.33,7.2
111年7月,臺北市,松山區,延壽街373號,延壽街373號,<1,less_than,1,0,<1,0.53,7.2
111年7月,臺北市,松山區,臺北市松山區八德路2段364巷5弄29號對面,八德路2段364巷5弄29號對面,<1,less_than,1,0,<1,0.49,7.2
111年7月,臺北市,信義區,永吉路120巷92號,永吉路120巷92號,<1,less_than,1,0,<1,0.6,7.1
111年7月,臺北市,南港區,研究院路二段1號,研究院路2段1號,<1,less_than,1,0,<1,0.33,7.2
111年7月,臺北市,北投區,興東街1號對面,興東街1號對面,<1,less_than,1,0,<1,0.27,7.4
111年7月,臺北市,萬華區,桂林路167巷14號（三清宮）,桂林路167巷14號（三清宮）,<1,less_than,1,0,<1,0.44,7.3
111年7月,臺北市,士林區,至善路二段449號,至善路2段449號,<1,less_than,1,0,<1,0.55,7.4
111年7月,臺北市,士林區,格致路198號,格致路198號,<1,less_than,1,0,<1,0.6,7
111年7月,臺北市,大安區,大安區四維路52巷1號對面,四維路52巷1號對面,<1,less_than,1,0,<1,0.56,7.3
111年7月,臺北市,大安區,和平東路三段308巷15弄涼亭旁,和平東路3段308巷15弄涼亭旁,<1,less_than,1,0,<1,0.59,7.3
111年7月,臺北市,中山區,中山北路1段110-7號,中山北路1段110-7號,<1,less_than,1,0,<1,0.47,7.4
111年7月,臺北市,中正區,思源街1號,思源街1號,<1,less_than,1,0,<1,0.58,7.3
111年7月,臺北市,文山區,木新路3段55號,木新路3段55號,<1,less_than,1,0,<1,0.5,7.3
111年7月,臺北市,文山區,羅斯福路六段268號,羅斯福路6段268號,<1,less_than,1,0,<1,0.54,7.3
111年7月,臺北市,北投區,承德路七段388號對面﹝北投加壓站﹞,承德路7段388號對面﹝北投加壓站﹞,<1,less_than,1,0,<1,0.49,7.4
111年8月,臺北市,內湖區,康寧路3段99巷17弄26號旁,康寧路3段99巷17弄26號旁,<1,less_than,1,0,<1,0.43,7.3
111年8月,臺北市,內湖區,康樂街236-5號附近（公車站旁）,康樂街236-5號附近（公車站旁）,<1,less_than,1,0,<1,0.42,7.2
111年8月,臺北市,松山區,敦化北路199巷9號旁,敦化北路199巷9號旁,<1,less_than,1,0,<1,0.41,7.2
111年8月,臺北市,松山區,民權東路5段41-1號,民權東路5段41-1號,<1,less_than,1,0,<1,0.51,7.2
111年8月,臺北市,松山區,臺北市松山區南京東路4段52巷16弄口,南京東路4段52巷16弄口,<1,less_than,1,0,<1,0.4,7.2
111年8月,臺北市,南港區,中坡南路51號,中坡南路51號,<1,less_than,1,0,<1,0.47,7.2
111年8月,臺北市,大安區,長興街131號,長興街131號,<1,less_than,1,0,<1,0.64,7.3
111年8月,臺北市,中正區,思源街1號,思源街1號,<1,less_than,1,0,<1,0.6,7.4
111年8月,新北市,新店區,直潭路127號(直潭淨水場),直潭路127號(直潭淨水場),<1,less_than,1,0,<1,0.62,7.1
111年8月,臺北市,士林區,至善路3段110號,至善路3段110號,<1,less_than,1,0,<1,0.63,7.3
111年8月,臺北市,士林區,菁山路101巷79號,菁山路101巷79號,<1,less_than,1,0,<1,0.57,7.1
111年8月,臺北市,北投區,鹿角坑加壓站 竹子湖路75-1號對面,鹿角坑加壓站 竹子湖路75-1號對面,<1,less_than,1,0,<1,0.62,8.1
111年8月,臺北市,北投區,泉源路260號,泉源路260號,<1,less_than,1,0,<1,0.6,7.8
111年8月,臺北市,大安區,師大路107號,師大路107號,<1,less_than,1,0,<1,0.56,7.3
111年8月,臺北市,大安區,建國南路1段354號,建國南路1段354號,<1,less_than,1,0,<1,0.63,7.2
111年8月,臺北市,文山區,興隆路2段234號,興隆路2段234號,<1,less_than,1,0,<1,0.6,7.2
111年8月,臺北市,文山區,木柵路1段280號,木柵路1段280號,<1,less_than,1,0,<1,0.59,7.2
111年8月,臺北市,文山區,景福街19號1樓,景福街19號1樓,<1,less_than,1,0,<1,0.6,7.2
111年8月,臺北市,信義區,莊敬路393號,莊敬路393號,<1,less_than,1,0,<1,0.55,7.2
111年8月,臺北市,萬華區,柳州街62號,柳州街62號,<1,less_than,1,0,<1,0.47,7.4
111年8月,臺北市,萬華區,萬大路423巷115號,萬大路423巷115號,<1,less_than,1,0,<1,0.53,7.3
111年8月,臺北市,萬華區,西藏路171號,西藏路171號,<1,less_than,1,0,<1,0.6,7.3
111年8月,臺北市,萬華區,西園路1段127號,西園路1段127號,<1,less_than,1,0,<1,0.48,7.4
111年8月,臺北市,萬華區,長泰街8號,長泰街8號,<1,less_than,1,0,<1,0.55,7.4
111年8月,臺北市,萬華區,莒光路176號,莒光路176號,<1,less_than,1,0,<1,0.56,7.4
111年8月,臺北市,大安區,大安區四維路52巷1號對面,四維路52巷1號對面,<1,less_than,1,0,<1,0.5,7.3
111年8月,臺北市,中山區,民族東路臨41號,民族東路臨41號,<1,less_than,1,0,<1,0.57,7.3
111年8月,臺北市,內湖區,臺北市內湖區大湖街166巷大湖公園入口旁,大湖街166巷大湖公園入口旁,<1,less_than,1,0,<1,0.42,7.2
111年8月,臺北市,松山區,延壽街373號,延壽街373號,<1,less_than,1,0,<1,0.43,7.3
111年8月,臺北市,信義區,永吉路120巷92號,永吉路120巷92號,<1,less_than,1,0,<1,0.56,7.3
111年8月,臺北市,南港區,研究院路二段1號,研究院路2段1號,<1,less_than,1,0,<1,0.43,7.4
111年8月,臺北市,北投區,興東街1號對面,興東街1號對面,<1,less_than,1,0,<1,0.27,7.4
111年8月,臺北市,萬華區,桂林路167巷14號（三清宮）,桂林路167巷14號（三清宮）,<1,less_than,1,0,<1,0.61,7.3
111年8月,臺北市,大同區,哈密街49巷口,哈密街49巷口,<1,less_than,1,0,<1,0.5,7.3
111年8月,臺北市,大同區,延平北路2段61巷16號,延平北路2段61巷16號,<1,less_than,1,0,<1,0.47,7.2
111年8月,臺北市,大同區,昌吉街118號,昌吉街118號,<1,less_than,1,0,<1,0.53,7.2
111年8月,臺北市,大同區,大龍街126號,大龍街126號,<1,less_than,1,0,<1,0.53,7.2
111年8月,臺北市,大同區,迪化街1段268號,迪化街1段268號,<1,less_than,1,0,<1,0.48,7.2
111年8月,臺北市,中山區,中山北路1段110-7號,中山北路1段110-7號,<1,less_than,1,0,<1,0.46,7.3
111年8月,臺北市,士林區,天母東路69巷30號,天母東路69巷30號,<1,less_than,1,0,<1,0.52,7.2
111年8月,臺北市,士林區,華齡街2巷口,華齡街2巷口,<1,less_than,1,0,<1,0.44,7.3
111年8月,臺北市,士林區,至善路2段322巷口,至善路2段322巷口,<1,less_than,1,0,<1,0.41,7.1
111年8月,臺北市,士林區,後港街38巷臨5之1號,後港街38巷臨5之1號,<1,less_than,1,0,<1,0.62,7.2
111年8月,臺北市,士林區,中山北路5段460巷1號,中山北路5段460巷1號,<1,less_than,1,0,<1,0.53,6.9
111年8月,臺北市,北投區,行義路一段五福宮旁,行義路1段五福宮旁,<1,less_than,1,0,<1,0.68,7
111年8月,臺北市,士林區,至善路二段449號,至善路2段449號,<1,less_than,1,0,<1,0.56,7.7
111年8月,臺北市,士林區,格致路198號,格致路198號,<1,less_than,1,0,<1,0.61,7.3
111年8月,臺北市,大安區,大安區四維路52巷1號對面,四維路52巷1號對面,<1,less_than,1,0,<1,0.42,7.3
111年8月,臺北市,大安區,和平東路三段308巷15弄涼亭旁,和平東路3段308巷15弄涼亭旁,<1,less_than,1,0,<1,0.44,7.3
111年8月,臺北市,中山區,中山北路1段110-7號,中山北路1段110-7號,<1,less_than,1,0,<1,0.53,7.3
111年8月,臺北市,中正區,思源街1號,思源街1號,<1,less_than,1,0,<1,0.59,7.2
111年8月,臺北市,文山區,羅斯福路六段268號,羅斯福路6段268號,<1,less_than,1,0,<1,0.45,7.5
111年8月,臺北市,文山區,木新路3段55號,木新路3段55號,<1,less_than,1,0,<1,0.44,7.3
111年8月,臺北市,北投區,承德路七段388號對面﹝北投加壓站﹞,承德路7段388號對面﹝北投加壓站﹞,<1,less_than,1,0,<1,0.51,7.5
111年9月,臺北市,內湖區,康樂街236-5號附近（公車站旁）,康樂街236-5號附近（公車站旁）,<1,less_than,1,0,<1,0.56,7.2
111年9月,臺北市,內湖區,康寧路3段99巷17弄26號旁,康寧路3段99巷17弄26號旁,<1,less_than,1,0,<1,0.52,7.3
111年9月,臺北市,松山區,民權東路5段41-1號,民權東路5段41-1號,<1,less_than,1,0,,0.63,7.1
111年9月,臺北市,松山區,敦化北路199巷9號旁,敦化北路199巷9號旁,<1,less_than,1,0,<1,0.5,7.2
111年9月,臺北市,松山區,臺北市松山區南京東路4段52巷16弄口,南京東路4段52巷16弄口,<1,less_than,1,0,<1,0.62,7.1
111年9月,臺北市,南港區,中坡南路51號,中坡南路51號,<1,less_than,1,0,<1,0.57,7.1
111年9月,臺北市,大安區,長興街131號,長興街131號,<10,less_than,10,0,<1,0.63,7.4
111年9月,臺北市,中正區,思源街1號,思源街1號,<10,less_than,10,0,<1,0.57,7.3
111年9月,新北市,新店區,直潭路127號(直潭淨水場),直潭路127號(直潭淨水場),<10,less_than,10,0,<1,0.58,7
111年9月,臺北市,士林區,菁山路101巷79號,菁山路101巷79號,<10,less_than,10,0,2,0.69,7.4
111年9月,臺北市,士林區,至善路3段110號,至善路3段110號,<10,less_than,10,0,<1,0.63,7.1
111年9月,臺北市,北投區,泉源路260號,泉源路260號,<10,less_than,10,0,<1,0.6,7.8
111年9月,臺北市,北投區,鹿角坑加壓站 竹子湖路75-1號對面,鹿角坑加壓站 竹子湖路75-1號對面,<10,less_than,10,0,<1,0.69,7.7
111年9月,臺北市,大安區,建國南路1段354號,建國南路1段354號,<1,less_than,1,0,<1,0.52,7.3
111年9月,臺北市,大安區,師大路107號,師大路107號,<1,less_than,1,0,<1,0.54,7.3
111年9月,臺北市,文山區,木柵路1段280號,木柵路1段280號,<1,less_than,1,0,<1,0.61,7.3
111年9月,臺北市,文山區,興隆路2段234號,興隆路2段234號,<1,less_than,1,0,<1,0.59,7.4
111年9月,臺北市,文山區,景福街19號1樓,景福街19號1樓,<1,less_than,1,0,<1,0.52,7.4
111年9月,臺北市,信義區,莊敬路393號,莊敬路393號,<1,less_than,1,0,<1,0.53,7.3
111年9月,臺北市,萬華區,柳州街62號,柳州街62號,<1,less_than,1,0,<1,0.55,7.6
111年9月,臺北市,萬華區,莒光路176號,莒光路176號,<1,less_than,1,0,<1,0.61,7.6
111年9月,臺北市,萬華區,西園路1段127號,西園路1段127號,<1,less_than,1,0,<1,0.59,7.6
111年9月,臺北市,萬華區,萬大路423巷115號,萬大路423巷115號,<1,less_than,1,0,<1,0.51,7.6
111年9月,臺北市,萬華區,西藏路171號,西藏路171號,<1,less_than,1,0,<1,0.61,7.6
111年9月,臺北市,萬華區,長泰街8號,長泰街8號,<1,less_than,1,0,<1,0.62,7.6
111年9月,臺北市,大同區,迪化街1段268號,迪化街1段268號,<1,less_than,1,0,<1,0.42,7.4
111年9月,臺北市,大同區,大龍街126號,大龍街126號,<1,less_than,1,0,<1,0.55,7.4
111年9月,臺北市,大同區,延平北路2段61巷16號,延平北路2段61巷16號,<1,less_than,1,0,<1,0.51,7.4
111年9月,臺北市,大同區,昌吉街118號,昌吉街118號,<1,less_than,1,0,<1,0.57,7.4
111年9月,臺北市,大同區,哈密街49巷口,哈密街49巷口,<1,less_than,1,0,<1,0.55,7.4
111年9月,臺北市,中山區,中山北路1段110-7號,中山北路1段110-7號,<1,less_than,1,0,<1,0.45,7.4
111年9月,臺北市,士林區,天母東路69巷30號,天母東路69巷30號,<1,less_than,1,0,<1,0.49,7.5
111年9月,臺北市,士林區,至善路2段322巷口,至善路2段322巷口,3,number,3,1,1,0.49,7.3
111年9月,臺北市,士林區,後港街38巷臨5之1號,後港街38巷臨5之1號,<1,less_than,1,0,<1,0.53,7.3
111年9月,臺北市,士林區,華齡街2巷口,華齡街2巷口,<1,less_than,1,0,<1,0.42,7.5
111年9月,臺北市,士林區,中山北路5段460巷1號,中山北路5段460巷1號,<1,less_than,1,0,<1,0.57,6.9
111年9月,臺北市,北投區,行義路一段五福宮旁,行義路1段五福宮旁,<1,less_than,1,0,<1,0.6,7
111年9月,臺北市,中山區,民族東路臨41號,民族東路臨41號,<1,less_than,1,0,<1,0.51,7.3
111年9月,臺北市,內湖區,大湖街116巷內,大湖街116巷內,<1,less_than,1,0,<1,0.45,7.3
111年9月,臺北市,松山區,臺北市松山區八德路2段364巷5弄29號對面,八德路2段364巷5弄29號對面,<1,less_than,1,0,<1,0.51,7.3
111年9月,臺北市,松山區,延壽街373號,延壽街373號,<1,less_than,1,0,<1,0.54,7.1
111年9月,臺北市,信義區,永吉路120巷92號,永吉路120巷92號,<1,less_than,1,0,<1,0.54,7.3
111年9月,臺北市,北投區,興東街1號對面,興東街1號對面,<1,less_than,1,0,<1,0.49,7.4
111年9月,臺北市,南港區,研究院路二段1號,研究院路2段1號,<1,less_than,1,0,<1,0.45,7.3
111年9月,臺北市,萬華區,桂林路167巷14號（三清宮）,桂林路167巷14號（三清宮）,<1,less_than,1,0,<1,0.54,7.3
111年9月,臺北市,士林區,至善路二段449號,至善路2段449號,<1,less_than,1,0,<1,0.51,7.1
111年9月,臺北市,士林區,格致路198號,格致路198號,<1,less_than,1,0,<1,0.51,7.2
111年9月,臺北市,大安區,大安區四維路52巷1號對面,四維路52巷1號對面,<1,less_than,1,0,<1,0.53,7.3
111年9月,臺北市,大安區,和平東路三段308巷15弄涼亭旁,和平東路3段308巷15弄涼亭旁,<1,less_than,1,0,<1,0.57,7.4
111年9月,臺北市,中山區,中山北路1段110-7號,中山北路1段110-7號,<1,less_than,1,0,<1,0.52,7.3
111年9月,臺北市,中正區,思源街1號,思源街1號,<1,less_than,1,0,<1,0.6,7.1
111年9月,臺北市,文山區,木新路3段55號,木新路3段55號,<1,less_than,1,0,<1,0.56,7.2
111年9月,臺北市,文山區,羅斯福路六段268號,羅斯福路6段268號,<1,less_than,1,0,<1,0.5,7.4
111年9月,臺北市,北投區,承德路七段388號對面﹝北投加壓站﹞,承德路7段388號對面﹝北投加壓站﹞,<1,less_than,1,0,<1,0.52,7.2
111年10月,臺北市,內湖區,康樂街236-5號附近（公車站旁）,康樂街236-5號附近（公車站旁）,<1,less_than,1,0,<1,0.55,7.5
111年10月,臺北市,內湖區,康寧路3段99巷17弄26號旁,康寧路3段99巷17弄26號旁,<1,less_than,1,0,<1,0.55,7.5
111年10月,臺北市,松山區,敦化北路199巷9號旁,敦化北路199巷9號旁,<1,less_than,1,0,<1,0.48,7.4
111年10月,臺北市,松山區,臺北市松山區南京東路4段52巷16弄口,南京東路4段52巷16弄口,<1,less_than,1,0,<1,0.57,7.3
111年10月,臺北市,松山區,民權東路5段41-1號,民權東路5段41-1號,<1,less_than,1,0,<1,0.56,7.4
111年10月,臺北市,南港區,中坡南路51號,中坡南路51號,<1,less_than,1,0,<1,0.55,7.3
111年10月,臺北市,大安區,建國南路1段354號,建國南路1段354號,<1,less_than,1,0,<1,0.54,7.5
111年10月,臺北市,大安區,師大路107號,師大路107號,<1,less_than,1,0,<1,0.55,7.5
111年10月,臺北市,文山區,木柵路1段280號,木柵路1段280號,<1,less_than,1,0,<1,0.55,7.4
111年10月,臺北市,文山區,興隆路2段234號,興隆路2段234號,<1,less_than,1,0,<1,0.55,7.4
111年10月,臺北市,文山區,景福街19號1樓,景福街19號1樓,<1,less_than,1,0,<1,0.56,7.6
111年10月,臺北市,信義區,莊敬路393號,莊敬路393號,<1,less_than,1,0,<1,0.55,7.5
111年10月,臺北市,大安區,長興街131號,長興街131號,<1,less_than,1,0,<1,0.66,7.4
111年10月,臺北市,中正區,思源街1號,思源街1號,<1,less_than,1,0,<1,0.64,7.1
111年10月,新北市,新店區,新北市新店區直潭路127號,直潭路127號,<1,less_than,1,0,<1,0.66,7.2
111年10月,臺北市,萬華區,長泰街8號,長泰街8號,<1,less_than,1,0,<1,0.63,7.4
111年10月,臺北市,萬華區,西藏路171號,西藏路171號,<1,less_than,1,0,<1,0.59,7.5
111年10月,臺北市,萬華區,西園路1段127號,西園路1段127號,<1,less_than,1,0,<1,0.59,7.5
111年10月,臺北市,萬華區,萬大路423巷115號,萬大路423巷115號,<1,less_than,1,0,<1,0.59,7.4
111年10月,臺北市,萬華區,柳州街62號,柳州街62號,<1,less_than,1,0,<1,0.56,7.4
111年10月,臺北市,萬華區,莒光路176號,莒光路176號,<1,less_than,1,0,<1,0.52,7.5
111年10月,臺北市,大同區,延平北路2段61巷16號,延平北路2段61巷16號,<1,less_than,1,0,<1,0.43,7.2
111年10月,臺北市,大同區,大龍街126號,大龍街126號,<1,less_than,1,0,<1,0.51,7.2
111年10月,臺北市,大同區,昌吉街118號,昌吉街118號,<1,less_than,1,0,<1,0.5,7.1
111年10月,臺北市,大同區,迪化街1段268號,迪化街1段268號,<1,less_than,1,0,<1,0.43,7.1
111年10月,臺北市,大同區,哈密街49巷口,哈密街49巷口,<1,less_than,1,0,<1,0.51,7.3
111年10月,臺北市,中山區,中山北路1段110-7號,中山北路1段110-7號,<1,less_than,1,0,<1,0.48,7.2
111年10月,臺北市,士林區,至善路3段110號,至善路3段110號,<1,less_than,1,0,<1,0.65,7.1
111年10月,臺北市,士林區,菁山路101巷79號,菁山路101巷79號,<1,less_than,1,0,<1,0.64,7.1
111年10月,臺北市,北投區,泉源路260號,泉源路260號,<1,less_than,1,0,<1,0.62,7.6
111年10月,臺北市,北投區,鹿角坑加壓站 竹子湖路75-1號對面,鹿角坑加壓站 竹子湖路75-1號對面,<1,less_than,1,0,<1,0.5,7.3
111年10月,臺北市,士林區,天母東路69巷30號,天母東路69巷30號,<1,less_than,1,0,<1,0.63,7.2
111年10月,臺北市,士林區,至善路2段322巷口,至善路2段322巷口,<1,less_than,1,0,<1,0.63,7.3
111年10月,臺北市,士林區,華齡街2巷口,華齡街2巷口,<1,less_than,1,0,<1,0.52,7.4
111年10月,臺北市,士林區,後港街38巷臨5之1號,後港街38巷臨5之1號,<1,less_than,1,0,<1,0.61,7.2
111年10月,臺北市,士林區,中山北路5段460巷1號,中山北路5段460巷1號,<1,less_than,1,0,<1,0.61,7.2
111年10月,臺北市,北投區,行義路一段五福宮旁,行義路1段五福宮旁,<1,less_than,1,0,<1,0.7,6.9
111年10月,臺北市,內湖區,臺北市內湖區大湖街166巷大湖公園入口旁,大湖街166巷大湖公園入口旁,<1,less_than,1,0,<1,0.53,7.1
111年10月,臺北市,信義區,永吉路120巷92號,永吉路120巷92號,<1,less_than,1,0,<1,0.55,7
111年10月,臺北市,北投區,興東街1號對面,興東街1號對面,<1,less_than,1,0,<1,0.48,7.3
111年10月,臺北市,南港區,研究院路二段1號,研究院路2段1號,<1,less_than,1,0,<1,0.53,7.2
111年10月,臺北市,中山區,民族東路臨41號,民族東路臨41號,<1,less_than,1,0,<1,0.55,7.1
111年10月,臺北市,松山區,延壽街373號,延壽街373號,<1,less_than,1,0,<1,0.55,7
111年10月,臺北市,松山區,臺北市松山區八德路2段364巷5弄29號對面,八德路2段364巷5弄29號對面,<1,less_than,1,0,<1,0.57,7.1
111年10月,臺北市,萬華區,桂林路167巷14號（三清宮）,桂林路167巷14號（三清宮）,<1,less_than,1,0,<1,0.52,7.1
111年10月,臺北市,大安區,和平東路三段308巷15弄涼亭旁,和平東路3段308巷15弄涼亭旁,<1,less_than,1,0,<1,0.59,7.2
111年10月,臺北市,大安區,大安區四維路52巷1號對面,四維路52巷1號對面,<1,less_than,1,0,<1,0.6,7.1
111年10月,臺北市,中正區,思源街1號,思源街1號,<1,less_than,1,0,<1,0.61,7
111年10月,臺北市,文山區,木新路3段55號,木新路3段55號,<1,less_than,1,0,<1,0.59,7
111年10月,臺北市,文山區,羅斯福路六段268號,羅斯福路6段268號,<1,less_than,1,0,<1,0.56,7.3
111年10月,臺北市,士林區,至善路二段449號,至善路2段449號,<1,less_than,1,0,<1,0.33,7.2
111年10月,臺北市,士林區,格致路198號,格致路198號,<1,less_than,1,0,<1,0.44,7.6
111年10月,臺北市,中山區,中山北路1段110-7號,中山北路1段110-7號,<1,less_than,1,0,<1,0.42,7.1
111年10月,臺北市,北投區,承德路七段388號對面﹝北投加壓站﹞,承德路7段388號對面﹝北投加壓站﹞,<1,less_than,1,0,<1,0.53,7.3
111年11月,臺北市,大安區,長興街131號,長興街131號,<1,less_than,1,0,<1,0.58,7.1
111年11月,臺北市,中正區,思源街1號,思源街1號,<1,less_than,1,0,<1,0.56,7.1
111年11月,新北市,新店區,直潭路127號(直潭淨水場),直潭路127號(直潭淨水場),<1,less_than,1,0,<1,0.56,7
111年11月,臺北市,士林區,至善路3段110號,至善路3段110號,<1,less_than,1,0,<1,0.52,7.1
111年11月,臺北市,士林區,菁山路101巷79號,菁山路101巷79號,<1,less_than,1,0,2,0.61,7.3
111年11月,臺北市,北投區,鹿角坑加壓站 竹子湖路75-1號對面,鹿角坑加壓站 竹子湖路75-1號對面,<1,less_than,1,0,1,0.68,7.7
111年11月,臺北市,北投區,泉源路260號,泉源路260號,<1,less_than,1,0,<1,0.57,7.8
111年11月,臺北市,內湖區,康寧路3段99巷17弄26號旁,康寧路3段99巷17弄26號旁,<1,less_than,1,0,<1,0.46,7.3
111年11月,臺北市,內湖區,康樂街236-5號附近（公車站旁）,康樂街236-5號附近（公車站旁）,<1,less_than,1,0,<1,0.4,7.2
111年11月,臺北市,松山區,民權東路5段41-1號,民權東路5段41-1號,<1,less_than,1,0,<1,0.47,7.2
111年11月,臺北市,松山區,敦化北路199巷9號旁,敦化北路199巷9號旁,<1,less_than,1,0,<1,0.44,7.2
111年11月,臺北市,松山區,臺北市松山區南京東路4段52巷16弄口,南京東路4段52巷16弄口,<1,less_than,1,0,<1,0.5,7.2
111年11月,臺北市,南港區,中坡南路51號,中坡南路51號,<1,less_than,1,0,<1,0.48,7.1
111年11月,臺北市,大安區,建國南路1段354號,建國南路1段354號,<1,less_than,1,0,<1,0.5,7.3
111年11月,臺北市,大安區,師大路107號,師大路107號,<1,less_than,1,0,<1,0.5,7.3
111年11月,臺北市,文山區,木柵路1段280號,木柵路1段280號,<1,less_than,1,0,<1,0.44,7.2
111年11月,臺北市,文山區,景福街19號1樓,景福街19號1樓,<1,less_than,1,0,<1,0.5,7.3
111年11月,臺北市,文山區,興隆路2段234號,興隆路2段234號,<1,less_than,1,0,<1,0.53,7.3
111年11月,臺北市,信義區,莊敬路393號,莊敬路393號,<1,less_than,1,0,<1,0.51,7.3
111年11月,臺北市,萬華區,萬大路423巷115號,萬大路423巷115號,<1,less_than,1,0,<1,0.48,7.4
111年11月,臺北市,萬華區,柳州街62號,柳州街62號,<1,less_than,1,0,<1,0.5,7.4
111年11月,臺北市,萬華區,西園路1段127號,西園路1段127號,<1,less_than,1,0,<1,0.52,7.4
111年11月,臺北市,萬華區,長泰街8號,長泰街8號,<1,less_than,1,0,<1,0.52,7.4
111年11月,臺北市,萬華區,西藏路171號,西藏路171號,<1,less_than,1,0,<1,0.54,7.4
111年11月,臺北市,萬華區,莒光路176號,莒光路176號,<1,less_than,1,0,<1,0.54,7.4
111年11月,臺北市,大同區,哈密街49巷口,哈密街49巷口,<1,less_than,1,0,<1,0.54,7.4
111年11月,臺北市,大同區,大龍街126號,大龍街126號,<1,less_than,1,0,<1,0.48,7.4
111年11月,臺北市,大同區,迪化街1段268號,迪化街1段268號,<1,less_than,1,0,<1,0.45,7.3
111年11月,臺北市,大同區,昌吉街118號,昌吉街118號,<1,less_than,1,0,<1,0.57,7.4
111年11月,臺北市,大同區,延平北路2段61巷16號,延平北路2段61巷16號,<1,less_than,1,0,<1,0.47,7.4
111年11月,臺北市,中山區,中山北路1段110-7號,中山北路1段110-7號,<1,less_than,1,0,<1,0.42,7.4
111年11月,臺北市,士林區,天母東路69巷30號,天母東路69巷30號,<1,less_than,1,0,<1,0.42,7.3
111年11月,臺北市,士林區,後港街38巷臨5之1號,後港街38巷臨5之1號,<1,less_than,1,0,<1,0.45,7.3
111年11月,臺北市,士林區,至善路2段322巷口,至善路2段322巷口,<1,less_than,1,0,<1,0.4,7.5
111年11月,臺北市,士林區,華齡街2巷口,華齡街2巷口,<1,less_than,1,0,<1,0.42,7.3
111年11月,臺北市,士林區,中山北路5段460巷1號,中山北路5段460巷1號,<1,less_than,1,0,<1,0.45,7.3
111年11月,臺北市,北投區,行義路1號,行義路1號,<1,less_than,1,0,<1,0.59,6.7
111年11月,臺北市,內湖區,大湖街116巷內,大湖街116巷內,<1,less_than,1,0,<1,0.35,7.3
111年11月,臺北市,信義區,永吉路120巷92號,永吉路120巷92號,<1,less_than,1,0,<1,0.52,7.4
111年11月,臺北市,南港區,研究院路二段1號,研究院路2段1號,<1,less_than,1,0,<1,0.35,7.3
111年11月,臺北市,北投區,興東街1號對面,興東街1號對面,<1,less_than,1,0,<1,0.43,7.4
111年11月,臺北市,中山區,民族東路臨41號,民族東路臨41號,<1,less_than,1,0,<1,0.42,7.5
111年11月,臺北市,松山區,延壽街373號,延壽街373號,<1,less_than,1,0,<1,0.41,7.3
111年11月,臺北市,松山區,臺北市松山區八德路2段364巷5弄29號對面,八德路2段364巷5弄29號對面,<1,less_than,1,0,<1,0.48,7.5
111年11月,臺北市,萬華區,桂林路167巷14號（三清宮）,桂林路167巷14號（三清宮）,<1,less_than,1,0,<1,0.51,7.5
111年11月,臺北市,大安區,大安區四維路52巷1號對面,四維路52巷1號對面,<1,less_than,1,0,<1,0.47,7.5
111年11月,臺北市,大安區,和平東路三段308巷15弄涼亭旁,和平東路3段308巷15弄涼亭旁,<1,less_than,1,0,<1,0.52,7.5
111年11月,臺北市,中正區,思源街1號,思源街1號,<1,less_than,1,0,<1,0.44,7.3
111年11月,臺北市,文山區,木新路3段55號,木新路3段55號,<1,less_than,1,0,<1,0.39,7.4
111年11月,臺北市,文山區,羅斯福路六段268號,羅斯福路6段268號,<1,less_than,1,0,<1,0.67,7.6
111年11月,臺北市,士林區,格致路198號,格致路198號,<1,less_than,1,0,<1,0.46,7.2
111年11月,臺北市,士林區,至善路二段449號,至善路2段449號,<1,less_than,1,0,<1,0.55,7.3
111年11月,臺北市,中山區,中山北路1段110-7號,中山北路1段110-7號,<1,less_than,1,0,<1,0.44,7.1
111年11月,臺北市,北投區,承德路七段388號對面﹝北投加壓站﹞,承德路7段388號對面﹝北投加壓站﹞,<1,less_than,1,0,<1,0.49,7.3
111年12月,臺北市,大安區,長興街131號,長興街131號,<1,less_than,1,0,<1,0.55,7.4
111年12月,臺北市,中正區,思源街1號,思源街1號,<1,less_than,1,0,<1,0.57,7.5
111年12月,新北市,新店區,新北市新店區直潭路127號,直潭路127號,<1,less_than,1,0,<1,0.54,7.2
111年12月,臺北市,士林區,至善路3段110號,至善路3段110號,<1,less_than,1,0,<1,0.54,7.2
111年12月,臺北市,士林區,菁山路101巷79號,菁山路101巷79號,<1,less_than,1,0,<1,0.59,7.3
111年12月,臺北市,北投區,泉源路260號,泉源路260號,<1,less_than,1,0,<1,0.53,7.9
111年12月,臺北市,北投區,鹿角坑加壓站 竹子湖路75-1號對面,鹿角坑加壓站 竹子湖路75-1號對面,<1,less_than,1,0,<1,0.49,7.6
111年12月,臺北市,內湖區,康寧路3段99巷17弄26號旁,康寧路3段99巷17弄26號旁,<1,less_than,1,0,<1,0.46,7.3
111年12月,臺北市,內湖區,康樂街236-5號附近（公車站旁）,康樂街236-5號附近（公車站旁）,<1,less_than,1,0,<1,0.45,7.2
111年12月,臺北市,松山區,敦化北路199巷9號旁,敦化北路199巷9號旁,<1,less_than,1,0,<1,0.38,7.2
111年12月,臺北市,松山區,臺北市松山區南京東路4段52巷16弄口,南京東路4段52巷16弄口,<1,less_than,1,0,<1,0.48,7.2
111年12月,臺北市,松山區,民權東路5段41-1號,民權東路5段41-1號,<1,less_than,1,0,<1,0.45,7.2
111年12月,臺北市,南港區,中坡南路51號,中坡南路51號,<1,less_than,1,0,<1,0.44,7.2
111年12月,臺北市,中山區,八德路二段34巷28弄內,八德路2段34巷28弄內,<1,less_than,1,0,<1,0.42,7.4
111年12月,臺北市,中山區,民族東路臨41號,民族東路臨41號,<1,less_than,1,0,<1,0.46,7.4
111年12月,臺北市,內湖區,大湖街116巷內,大湖街116巷內,<1,less_than,1,0,<1,0.53,7.4
111年12月,臺北市,松山區,延壽街373號,延壽街373號,<1,less_than,1,0,<1,0.51,7.4
111年12月,臺北市,信義區,永吉路120巷92號,永吉路120巷92號,<1,less_than,1,0,<1,0.48,7.4
111年12月,臺北市,北投區,興東街1號對面,興東街1號對面,<1,less_than,1,0,<1,0.42,7.6
111年12月,臺北市,南港區,研究院路二段1號,研究院路2段1號,<1,less_than,1,0,<1,0.39,7.5
111年12月,臺北市,萬華區,桂林路167巷14號（三清宮）,桂林路167巷14號（三清宮）,<1,less_than,1,0,<1,0.48,7.3
111年12月,臺北市,大安區,建國南路1段354號,建國南路1段354號,<1,less_than,1,0,<1,0.42,7.3
111年12月,臺北市,大安區,大安區四維路52巷1號對面,四維路52巷1號對面,<1,less_than,1,0,<1,0.48,7.4
111年12月,臺北市,大安區,和平東路三段308巷15弄涼亭旁,和平東路3段308巷15弄涼亭旁,<1,less_than,1,0,<1,0.46,7.4
111年12月,臺北市,大安區,師大路107號,師大路107號,<1,less_than,1,0,<1,0.47,7.2
111年12月,臺北市,中正區,思源街1號,思源街1號,<1,less_than,1,0,<1,0.49,7.3
111年12月,臺北市,文山區,木柵路1段280號,木柵路1段280號,<1,less_than,1,0,<1,0.44,7.4
111年12月,臺北市,文山區,興隆路2段234號,興隆路2段234號,<1,less_than,1,0,<1,0.47,7.3
111年12月,臺北市,文山區,木新路3段55號,木新路3段55號,<1,less_than,1,0,<1,0.45,7.3
111年12月,臺北市,文山區,景福街19號1樓,景福街19號1樓,<1,less_than,1,0,<1,0.46,7.5
111年12月,臺北市,文山區,羅斯福路六段268號,羅斯福路6段268號,<1,less_than,1,0,<1,0.47,7.4
111年12月,臺北市,信義區,莊敬路393號,莊敬路393號,<1,less_than,1,0,<1,0.46,7.3
111年12月,臺北市,士林區,至善路二段449號,至善路2段449號,<1,less_than,1,0,<1,0.58,7.4
111年12月,臺北市,士林區,格致路198號,格致路198號,<1,less_than,1,0,<1,0.52,7.2
111年12月,臺北市,中山區,中山北路1段110-7號,中山北路1段110-7號,<1,less_than,1,0,<1,0.51,7.3
111年12月,臺北市,北投區,承德路七段388號對面﹝北投加壓站﹞,承德路7段388號對面﹝北投加壓站﹞,<1,less_than,1,0,<1,0.48,7.4
111年12月,臺北市,萬華區,西寧南路124號,西寧南路124號,<1,less_than,1,0,<1,0.46,7.5
111年12月,臺北市,萬華區,莒光路176號,莒光路176號,<1,less_than,1,0,<1,0.49,7.4
111年12月,臺北市,萬華區,西園路1段127號,西園路1段127號,<1,less_than,1,0,<1,0.45,7.4
111年12月,臺北市,萬華區,西藏路171號,西藏路171號,<1,less_than,1,0,<1,0.5,7.4
111年12月,臺北市,萬華區,長泰街8號,長泰街8號,<1,less_than,1,0,<1,0.51,7.4
111年12月,臺北市,萬華區,萬大路423巷115號,萬大路423巷115號,<1,less_than,1,0,<1,0.48,7.4
111年12月,臺北市,大同區,迪化街1段268號,迪化街1段268號,<1,less_than,1,0,<1,0.49,7.4
111年12月,臺北市,大同區,哈密街59巷﹝龍塘綠地﹞,哈密街59巷﹝龍塘綠地﹞,<1,less_than,1,0,<1,0.48,7.4
111年12月,臺北市,大同區,大龍街126號,大龍街126號,<1,less_than,1,0,<1,0.47,7.4
111年12月,臺北市,大同區,昌吉街118號,昌吉街118號,<1,less_than,1,0,<1,0.4,7.4
111年12月,臺北市,大同區,延平北路2段61巷16號,延平北路2段61巷16號,<1,less_than,1,0,<1,0.46,7.4
111年12月,臺北市,中山區,中山北路1段110-7號,中山北路1段110-7號,<1,less_than,1,0,<1,0.41,7.5
111年12月,臺北市,士林區,至善路2段322巷口,至善路2段322巷口,<1,less_than,1,0,<1,0.52,7.1
111年12月,臺北市,士林區,中山北路5段320號,中山北路5段320號,<1,less_than,1,0,<1,0.51,6.6
111年12月,臺北市,士林區,天母東路69巷30號,天母東路69巷30號,<1,less_than,1,0,<1,0.51,6.9
111年12月,臺北市,士林區,華齡街2巷口,華齡街2巷口,<1,less_than,1,0,<1,0.45,6.9
111年12月,臺北市,士林區,後港街38巷臨5之1號,後港街38巷臨5之1號,<1,less_than,1,0,<1,0.5,6.9
111年12月,臺北市,北投區,行義路1號,行義路1號,<1,less_than,1,0,<1,0.53,6.6
112年1月,臺北市,內湖區,康樂街206號附近,康樂街206號附近,<1,less_than,1,0,<1,0.46,7.3
112年1月,臺北市,內湖區,康寧路3段99巷17弄26號旁,康寧路3段99巷17弄26號旁,<1,less_than,1,0,<1,0.53,7.3
112年1月,臺北市,內湖區,臺北市內湖區大湖街166巷大湖公園入口旁,大湖街166巷大湖公園入口旁,<1,less_than,1,0,<1,0.42,7.4
112年1月,臺北市,松山區,民權東路5段41-1號,民權東路5段41-1號,<1,less_than,1,0,<1,0.49,7.3
112年1月,臺北市,松山區,敦化北路199巷9號旁,敦化北路199巷9號旁,<1,less_than,1,0,<1,0.48,7.3
112年1月,臺北市,松山區,臺北市松山區南京東路4段52巷16弄口,南京東路4段52巷16弄口,<1,less_than,1,0,<1,0.53,7.3
112年1月,臺北市,信義區,永吉路120巷92號,永吉路120巷92號,<1,less_than,1,0,<1,0.41,7.4
112年1月,臺北市,南港區,研究院路二段1號,研究院路2段1號,<1,less_than,1,0,<1,0.38,7.4
112年1月,臺北市,南港區,中坡南路51號,中坡南路51號,<1,less_than,1,0,<1,0.45,7.3
112年1月,臺北市,北投區,興東街1號對面,興東街1號對面,<1,less_than,1,0,<1,0.43,7.1
112年1月,臺北市,大安區,建國南路1段354號,建國南路1段354號,<1,less_than,1,0,<1,0.48,7.1
112年1月,臺北市,大安區,師大路107號,師大路107號,<1,less_than,1,0,<1,0.5,7
112年1月,臺北市,文山區,木柵路1段280號,木柵路1段280號,<1,less_than,1,0,<1,0.56,7.1
112年1月,臺北市,文山區,興隆路2段234號,興隆路2段234號,<1,less_than,1,0,<1,0.54,6.8
112年1月,臺北市,文山區,景福街19號1樓,景福街19號1樓,<1,less_than,1,0,<1,0.58,7.1
112年1月,臺北市,信義區,莊敬路393號,莊敬路393號,<1,less_than,1,0,<1,0.49,7.1
112年1月,臺北市,大安區,長興街131號,長興街131號,<1,less_than,1,0,<1,0.53,7.2
112年1月,臺北市,中正區,思源街1號,思源街1號,<1,less_than,1,0,<1,0.56,7.5
112年1月,新北市,新店區,直潭路127號(直潭淨水場),直潭路127號(直潭淨水場),<1,less_than,1,0,<1,0.51,7.3
112年1月,臺北市,萬華區,西藏路171號,西藏路171號,<1,less_than,1,0,<1,0.56,7.5
112年1月,臺北市,萬華區,西園路1段127號,西園路1段127號,<1,less_than,1,0,<1,0.55,7.5
112年1月,臺北市,萬華區,長泰街8號,長泰街8號,<1,less_than,1,0,<1,0.53,7.5
112年1月,臺北市,萬華區,莒光路176號,莒光路176號,<1,less_than,1,0,<1,0.55,7.5
112年1月,臺北市,萬華區,萬大路423巷115號,萬大路423巷115號,<1,less_than,1,0,<1,0.55,7.5
112年1月,臺北市,萬華區,柳州街62號,柳州街62號,<1,less_than,1,0,<1,0.53,7.5
112年1月,臺北市,士林區,至善路3段110號,至善路3段110號,<1,less_than,1,0,<1,0.54,7.3
112年1月,臺北市,士林區,菁山路101巷79號,菁山路101巷79號,<1,less_than,1,0,<1,0.52,7.4
112年1月,臺北市,北投區,鹿角坑加壓站 竹子湖路75-1號對面,鹿角坑加壓站 竹子湖路75-1號對面,<1,less_than,1,0,<1,0.55,7.6
112年1月,臺北市,北投區,泉源路260號,泉源路260號,<1,less_than,1,0,<1,0.58,7.8
112年1月,臺北市,大同區,迪化街1段268號,迪化街1段268號,<1,less_than,1,0,<1,0.48,7.3
112年1月,臺北市,大同區,哈密街59巷﹝龍塘綠地﹞,哈密街59巷﹝龍塘綠地﹞,<1,less_than,1,0,<1,0.5,7.4
112年1月,臺北市,大同區,大龍街126號,大龍街126號,<1,less_than,1,0,<1,0.5,7.4
112年1月,臺北市,大同區,延平北路2段61巷16號,延平北路2段61巷16號,<1,less_than,1,0,<1,0.47,7.5
112年1月,臺北市,大同區,昌吉街118號,昌吉街118號,<1,less_than,1,0,<1,0.5,7.4
112年1月,臺北市,中山區,中山北路1段110-7號,中山北路1段110-7號,<1,less_than,1,0,<1,0.47,7.4
112年1月,臺北市,士林區,後港街38巷臨5之1號,後港街38巷臨5之1號,<1,less_than,1,0,<1,0.45,7.3
112年1月,臺北市,士林區,至善路2段322巷口,至善路2段322巷口,<1,less_than,1,0,<1,0.47,7.4
112年1月,臺北市,士林區,華齡街2巷口,華齡街2巷口,<1,less_than,1,0,<1,0.44,7.3
112年1月,臺北市,士林區,天母東路69巷30號,天母東路69巷30號,<1,less_than,1,0,<1,0.44,7.3
112年1月,臺北市,士林區,中山北路5段460巷1號,中山北路5段460巷1號,<1,less_than,1,0,<1,0.51,7.4
112年1月,臺北市,北投區,行義路1號,行義路1號,<1,less_than,1,0,<1,0.54,6.9
112年1月,臺北市,中山區,民族東路臨41號,民族東路臨41號,<1,less_than,1,0,<1,0.48,7.4
112年1月,臺北市,松山區,臺北市松山區八德路2段364巷5弄29號對面,八德路2段364巷5弄29號對面,<1,less_than,1,0,<1,0.29,7.5
112年1月,臺北市,松山區,延壽街373號,延壽街373號,<1,less_than,1,0,<1,0.46,7.4
112年1月,臺北市,萬華區,桂林路167巷14號（三清宮）,桂林路167巷14號（三清宮）,<1,less_than,1,0,<1,0.37,7.5
112年1月,臺北市,大安區,大安區四維路52巷1號對面,四維路52巷1號對面,<1,less_than,1,0,<1,0.52,7.4
112年1月,臺北市,大安區,和平東路三段308巷15弄涼亭旁,和平東路3段308巷15弄涼亭旁,<1,less_than,1,0,<1,0.5,7.5
112年1月,臺北市,中正區,思源街1號,思源街1號,<1,less_than,1,0,<1,0.52,7.1
112年1月,臺北市,文山區,木新路3段55號,木新路3段55號,<1,less_than,1,0,<1,0.4,7.3
112年1月,臺北市,文山區,羅斯福路六段268號,羅斯福路6段268號,<1,less_than,1,0,<1,0.47,7.5
112年1月,臺北市,士林區,格致路198號,格致路198號,<1,less_than,1,0,<1,0.54,7
112年1月,臺北市,士林區,至善路二段449號,至善路2段449號,<1,less_than,1,0,<1,0.53,7.7
112年1月,臺北市,中山區,中山北路1段110-7號,中山北路1段110-7號,<1,less_than,1,0,<1,0.45,7.5
112年1月,臺北市,北投區,承德路七段388號對面﹝北投加壓站﹞,承德路7段388號對面﹝北投加壓站﹞,<1,less_than,1,0,<1,0.5,7.5
112年2月,臺北市,內湖區,康寧路3段99巷17弄26號旁,康寧路3段99巷17弄26號旁,<1,less_than,1,0,<1,0.47,7.3
112年2月,臺北市,內湖區,康樂街206號附近,康樂街206號附近,<1,less_than,1,0,<1,0.44,7.4
112年2月,臺北市,松山區,臺北市松山區南京東路4段52巷16弄口,南京東路4段52巷16弄口,<1,less_than,1,0,<1,0.47,7.3
112年2月,臺北市,松山區,敦化北路199巷9號旁,敦化北路199巷9號旁,<1,less_than,1,0,<1,0.39,7.3
112年2月,臺北市,松山區,民權東路5段41-1號,民權東路5段41-1號,<1,less_than,1,0,<1,0.43,7.4
112年2月,臺北市,南港區,中坡南路51號,中坡南路51號,<1,less_than,1,0,<1,0.47,7.3
112年2月,臺北市,大安區,長興街131號,長興街131號,<1,less_than,1,0,<1,0.55,7.2
112年2月,臺北市,中正區,思源街1號,思源街1號,<1,less_than,1,0,<1,0.52,7.5
112年2月,新北市,新店區,新北市新店區直潭路127號,直潭路127號,<1,less_than,1,0,<1,0.47,7.3
112年2月,臺北市,士林區,至善路3段110號,至善路3段110號,<1,less_than,1,0,<1,0.54,7.3
112年2月,臺北市,士林區,菁山路101巷79號,菁山路101巷79號,<1,less_than,1,0,<1,0.58,7.7
112年2月,臺北市,北投區,泉源路260號,泉源路260號,<1,less_than,1,0,<1,0.54,7.9
112年2月,臺北市,北投區,鹿角坑加壓站 竹子湖路75-1號對面,鹿角坑加壓站 竹子湖路75-1號對面,<1,less_than,1,0,<1,0.53,7.9
112年2月,臺北市,大安區,師大路107號,師大路107號,<1,less_than,1,0,<1,0.54,7.5
112年2月,臺北市,大安區,建國南路1段354號,建國南路1段354號,<1,less_than,1,0,<1,0.53,7.5
112年2月,臺北市,文山區,景福街19號1樓,景福街19號1樓,<1,less_than,1,0,<1,0.48,7.5
112年2月,臺北市,文山區,興隆路2段234號,興隆路2段234號,<1,less_than,1,0,<1,0.47,7.3
112年2月,臺北市,文山區,木柵路1段280號,木柵路1段280號,<1,less_than,1,0,<1,0.49,7.4
112年2月,臺北市,信義區,莊敬路393號,莊敬路393號,<1,less_than,1,0,<1,0.55,7.6
112年2月,臺北市,萬華區,長泰街8號,長泰街8號,<1,less_than,1,0,<1,0.53,7.6
112年2月,臺北市,萬華區,柳州街62號,柳州街62號,<1,less_than,1,0,<1,0.45,7.5
112年2月,臺北市,萬華區,西藏路171號,西藏路171號,<1,less_than,1,0,<1,0.44,7.6
112年2月,臺北市,萬華區,萬大路423巷115號,萬大路423巷115號,<1,less_than,1,0,<1,0.31,7.4
112年2月,臺北市,萬華區,西園路1段127號,西園路1段127號,<1,less_than,1,0,<1,0.44,7.5
112年2月,臺北市,萬華區,莒光路176號,莒光路176號,<1,less_than,1,0,<1,0.43,7.5
112年2月,臺北市,大同區,迪化街1段268號,迪化街1段268號,<1,less_than,1,0,<1,0.43,7.3
112年2月,臺北市,大同區,大龍街126號,大龍街126號,<1,less_than,1,0,<1,0.49,7.4
112年2月,臺北市,大同區,昌吉街118號,昌吉街118號,<1,less_than,1,0,<1,0.5,7.3
112年2月,臺北市,大同區,延平北路2段61巷16號,延平北路2段61巷16號,<1,less_than,1,0,<1,0.44,7.3
112年2月,臺北市,大同區,哈密街59巷﹝龍塘綠地﹞,哈密街59巷﹝龍塘綠地﹞,<1,less_than,1,0,<1,0.41,7.4
112年2月,臺北市,中山區,中山北路1段110-7號,中山北路1段110-7號,<1,less_than,1,0,<1,0.46,7.3
112年2月,臺北市,士林區,天母東路69巷30號,天母東路69巷30號,<1,less_than,1,0,<1,0.44,7.3
112年2月,臺北市,士林區,後港街38巷臨5之1號,後港街38巷臨5之1號,<1,less_than,1,0,<1,0.44,7.2
112年2月,臺北市,士林區,至善路2段322巷口,至善路2段322巷口,<1,less_than,1,0,<1,0.46,7.4
112年2月,臺北市,士林區,華齡街2巷口,華齡街2巷口,<1,less_than,1,0,<1,0.45,7.1
112年2月,臺北市,士林區,中山北路5段460巷1號,中山北路5段460巷1號,<1,less_than,1,0,<1,0.49,6.9
112年2月,臺北市,北投區,行義路1號,行義路1號,<1,less_than,1,0,<1,0.53,7
112年2月,臺北市,內湖區,大湖街116巷內,大湖街116巷內,<1,less_than,1,0,<1,0.43,7.3
112年2月,臺北市,信義區,永吉路120巷92號,永吉路120巷92號,<1,less_than,1,0,<1,0.5,7.3
112年2月,臺北市,南港區,研究院路二段1號,研究院路2段1號,<1,less_than,1,0,<1,0.32,7.5
112年2月,臺北市,北投區,興東街1號對面,興東街1號對面,<1,less_than,1,0,<1,0.41,7.3
112年2月,臺北市,中山區,民族東路臨41號,民族東路臨41號,<1,less_than,1,0,<1,0.42,7.2
112年2月,臺北市,松山區,延壽街373號,延壽街373號,<1,less_than,1,0,<1,0.44,7.3
112年2月,臺北市,松山區,臺北市松山區八德路2段364巷5弄29號對面,八德路2段364巷5弄29號對面,<1,less_than,1,0,<1,0.47,7.2
112年2月,臺北市,萬華區,桂林路167巷14號（三清宮）,桂林路167巷14號（三清宮）,<1,less_than,1,0,<1,0.46,7.1
112年2月,臺北市,大安區,大安區四維路52巷1號對面,四維路52巷1號對面,<1,less_than,1,0,<1,0.49,7.2
112年2月,臺北市,大安區,和平東路三段308巷15弄涼亭旁,和平東路3段308巷15弄涼亭旁,<1,less_than,1,0,<1,0.42,7.4
112年2月,臺北市,中正區,思源街1號,思源街1號,<1,less_than,1,0,<1,0.57,7.2
112年2月,臺北市,文山區,木新路3段55號,木新路3段55號,<1,less_than,1,0,<1,0.46,7.3
112年2月,臺北市,文山區,羅斯福路六段268號,羅斯福路6段268號,<1,less_than,1,0,<1,0.45,7.3
112年2月,臺北市,士林區,格致路198號,格致路198號,<1,less_than,1,0,<1,0.48,7.6
112年2月,臺北市,士林區,至善路二段449號,至善路2段449號,<1,less_than,1,0,<1,0.47,7.6
112年2月,臺北市,中山區,中山北路1段110-7號,中山北路1段110-7號,<1,less_than,1,0,<1,0.48,7.5
112年2月,臺北市,北投區,承德路七段388號對面﹝北投加壓站﹞,承德路7段388號對面﹝北投加壓站﹞,<1,less_than,1,0,<1,0.51,7.4
112年3月,臺北市,內湖區,康寧路3段99巷17弄26號旁,康寧路3段99巷17弄26號旁,<1,less_than,1,0,<1,0.44,7.3
112年3月,臺北市,內湖區,康樂街206號附近,康樂街206號附近,<1,less_than,1,0,<1,0.51,7.3
112年3月,臺北市,松山區,臺北市松山區南京東路4段52巷16弄口,南京東路4段52巷16弄口,<1,less_than,1,0,<1,0.54,7.3
112年3月,臺北市,松山區,民權東路5段41-1號,民權東路5段41-1號,<1,less_than,1,0,<1,0.56,7.4
112年3月,臺北市,松山區,敦化北路199巷9號旁,敦化北路199巷9號旁,<1,less_than,1,0,<1,0.46,7.3
112年3月,臺北市,南港區,中坡南路51號,中坡南路51號,<1,less_than,1,0,<1,0.45,7.4
112年3月,臺北市,內湖區,臺北市內湖區大湖街166巷大湖公園入口旁,大湖街166巷大湖公園入口旁,<1,less_than,1,0,<1,0.45,7.1
112年3月,臺北市,信義區,永吉路120巷92號,永吉路120巷92號,<1,less_than,1,0,<1,0.54,7.1
112年3月,臺北市,南港區,研究院路二段1號,研究院路2段1號,<1,less_than,1,0,<1,0.41,7.1
112年3月,臺北市,北投區,興東街1號對面,興東街1號對面,<1,less_than,1,0,<1,0.37,7.1
112年3月,臺北市,中山區,民族東路臨41號,民族東路臨41號,<1,less_than,1,0,<1,0.42,7.3
112年3月,臺北市,松山區,延壽街373號,延壽街373號,<1,less_than,1,0,<1,0.52,7.3
112年3月,臺北市,松山區,臺北市松山區八德路2段364巷5弄29號對面,八德路2段364巷5弄29號對面,<1,less_than,1,0,<1,0.5,7.3
112年3月,臺北市,萬華區,桂林路167巷14號（三清宮）,桂林路167巷14號（三清宮）,<1,less_than,1,0,<1,0.55,7.3
112年3月,臺北市,大安區,長興街131號,長興街131號,<1,less_than,1,0,<1,0.54,7.4
112年3月,臺北市,中正區,思源街1號,思源街1號,<1,less_than,1,0,<1,0.54,7.6
112年3月,新北市,新店區,直潭路127號(直潭淨水場),直潭路127號(直潭淨水場),<1,less_than,1,0,<1,0.52,7.2
112年3月,臺北市,士林區,菁山路101巷79號,菁山路101巷79號,<1,less_than,1,0,<1,0.57,7.8
112年3月,臺北市,士林區,至善路3段110號,至善路3段110號,<1,less_than,1,0,<1,0.54,7.3
112年3月,臺北市,北投區,泉源路260號,泉源路260號,<1,less_than,1,0,<1,0.66,7.9
112年3月,臺北市,北投區,鹿角坑加壓站 竹子湖路75-1號對面,鹿角坑加壓站 竹子湖路75-1號對面,<1,less_than,1,0,<1,0.6,7.9
112年3月,臺北市,大安區,大安區四維路52巷1號對面,四維路52巷1號對面,<1,less_than,1,0,<1,0.53,7.4
112年3月,臺北市,大安區,和平東路三段308巷15弄涼亭旁,和平東路3段308巷15弄涼亭旁,<1,less_than,1,0,<1,0.48,7.3
112年3月,臺北市,中正區,思源街1號,思源街1號,<1,less_than,1,0,<1,0.6,7.2
112年3月,臺北市,文山區,木新路3段55號,木新路3段55號,<1,less_than,1,0,<1,0.38,7.3
112年3月,臺北市,文山區,羅斯福路六段268號,羅斯福路6段268號,<1,less_than,1,0,<1,0.53,7.3
112年3月,臺北市,士林區,至善路二段449號,至善路2段449號,<1,less_than,1,0,<1,0.48,7.4
112年3月,臺北市,士林區,格致路198號,格致路198號,<1,less_than,1,0,<1,0.4,7.3
112年3月,臺北市,中山區,中山北路1段110-7號,中山北路1段110-7號,<1,less_than,1,0,<1,0.43,7.3
112年3月,臺北市,北投區,承德路七段388號對面﹝北投加壓站﹞,承德路7段388號對面﹝北投加壓站﹞,<1,less_than,1,0,<1,0.39,7.2
112年3月,臺北市,大安區,師大路107號,師大路107號,<1,less_than,1,0,<1,0.59,7.1
112年3月,臺北市,大安區,建國南路1段354號,建國南路1段354號,<1,less_than,1,0,<1,0.57,7.2
112年3月,臺北市,文山區,景福街19號1樓,景福街19號1樓,<1,less_than,1,0,<1,0.53,7.4
112年3月,臺北市,文山區,木柵路1段280號,木柵路1段280號,<1,less_than,1,0,<1,0.48,7.2
112年3月,臺北市,文山區,興隆路2段234號,興隆路2段234號,<1,less_than,1,0,<1,0.51,7.2
112年3月,臺北市,信義區,莊敬路393號,莊敬路393號,<1,less_than,1,0,<1,0.55,7.2
112年3月,臺北市,萬華區,長泰街8號,長泰街8號,<1,less_than,1,0,<1,0.47,7.4
112年3月,臺北市,萬華區,西藏路171號,西藏路171號,<1,less_than,1,0,<1,0.5,7.4
112年3月,臺北市,萬華區,萬大路423巷115號,萬大路423巷115號,<1,less_than,1,0,<1,0.46,7.2
112年3月,臺北市,萬華區,莒光路176號,莒光路176號,<1,less_than,1,0,<1,0.51,7.4
112年3月,臺北市,萬華區,柳州街62號,柳州街62號,<1,less_than,1,0,<1,0.52,7.4
112年3月,臺北市,萬華區,西園路1段127號,西園路1段127號,<1,less_than,1,0,<1,0.55,7.4
112年3月,臺北市,大同區,大龍街126號,大龍街126號,<1,less_than,1,0,<1,0.42,7.4
112年3月,臺北市,大同區,延平北路2段61巷16號,延平北路2段61巷16號,<1,less_than,1,0,<1,0.45,7.2
112年3月,臺北市,大同區,哈密街59巷﹝龍塘綠地﹞,哈密街59巷﹝龍塘綠地﹞,<1,less_than,1,0,<1,0.47,7.3
112年3月,臺北市,大同區,昌吉街118號,昌吉街118號,<1,less_than,1,0,<1,0.47,7.3
112年3月,臺北市,大同區,迪化街1段268號,迪化街1段268號,<1,less_than,1,0,<1,0.45,7.3
112年3月,臺北市,中山區,中山北路1段110-7號,中山北路1段110-7號,<1,less_than,1,0,<1,0.45,7.6
112年3月,臺北市,士林區,至善路2段322巷口,至善路2段322巷口,<1,less_than,1,0,<1,0.42,7.5
112年3月,臺北市,士林區,天母東路69巷30號,天母東路69巷30號,<1,less_than,1,0,<1,0.53,7.2
112年3月,臺北市,士林區,後港街38巷臨5之1號,後港街38巷臨5之1號,<1,less_than,1,0,<1,0.47,7.3
112年3月,臺北市,士林區,華齡街2巷口,華齡街2巷口,<1,less_than,1,0,<1,0.44,7.2
112年3月,臺北市,士林區,中山北路5段460巷1號,中山北路5段460巷1號,<1,less_than,1,0,<1,0.45,7
112年3月,臺北市,北投區,行義路1號,行義路1號,<1,less_than,1,0,<1,0.52,6.9
112年4月,臺北市,內湖區,康樂街236-5號附近（公車站旁）,康樂街236-5號附近（公車站旁）,<1,less_than,1,0,<1,0.51,7.2
112年4月,臺北市,內湖區,康寧路3段99巷17弄26號旁,康寧路3段99巷17弄26號旁,<1,less_than,1,0,<1,0.48,7.3
112年4月,臺北市,松山區,敦化北路199巷9號旁,敦化北路199巷9號旁,<1,less_than,1,0,<1,0.47,7.3
112年4月,臺北市,松山區,民權東路5段41-1號,民權東路5段41-1號,<1,less_than,1,0,<1,0.51,7.3
112年4月,臺北市,松山區,臺北市松山區南京東路4段52巷16弄口,南京東路4段52巷16弄口,<1,less_than,1,0,<1,0.51,7.2
112年4月,臺北市,南港區,中坡南路51號,中坡南路51號,<1,less_than,1,0,<1,0.47,7.3
112年4月,臺北市,大安區,師大路107號,師大路107號,<1,less_than,1,0,<1,0.55,7.5
112年4月,臺北市,大安區,長興街131號,長興街131號,<1,less_than,1,0,<1,0.55,7.3
112年4月,臺北市,大安區,建國南路1段354號,建國南路1段354號,<1,less_than,1,0,<1,0.57,7.5
112年4月,臺北市,中正區,思源街1號,思源街1號,<1,less_than,1,0,<1,0.56,7.5
112年4月,臺北市,文山區,興隆路2段234號,興隆路2段234號,<1,less_than,1,0,<1,0.51,7.4
112年4月,臺北市,文山區,景福街19號1樓,景福街19號1樓,<1,less_than,1,0,<1,0.45,7.5
112年4月,臺北市,文山區,木柵路1段280號,木柵路1段280號,<1,less_than,1,0,<1,0.53,7.3
112年4月,新北市,新店區,直潭路127號(直潭淨水場),直潭路127號(直潭淨水場),<1,less_than,1,0,<1,0.56,7.2
112年4月,臺北市,信義區,莊敬路393號,莊敬路393號,<1,less_than,1,0,<1,0.57,7.4
112年4月,臺北市,士林區,菁山路101巷79號,菁山路101巷79號,<1,less_than,1,0,<1,0.56,7.8
112年4月,臺北市,士林區,至善路3段110號,至善路3段110號,<1,less_than,1,0,<1,0.57,7.3
112年4月,臺北市,北投區,鹿角坑加壓站 竹子湖路75-1號對面,鹿角坑加壓站 竹子湖路75-1號對面,<1,less_than,1,0,<1,0.55,8
112年4月,臺北市,北投區,泉源路260號,泉源路260號,<1,less_than,1,0,<1,0.5,7.9
112年4月,臺北市,內湖區,臺北市內湖區大湖街166巷大湖公園入口旁,大湖街166巷大湖公園入口旁,<1,less_than,1,0,<1,0.31,7.3
112年4月,臺北市,信義區,永吉路120巷92號,永吉路120巷92號,<1,less_than,1,0,<1,0.32,7.2
112年4月,臺北市,北投區,興東街1號對面,興東街1號對面,<1,less_than,1,0,<1,0.39,7.1
112年4月,臺北市,南港區,研究院路二段1號,研究院路2段1號,<1,less_than,1,0,<1,0.51,7.3
112年4月,臺北市,萬華區,西園路1段127號,西園路1段127號,<1,less_than,1,0,<1,0.45,7.3
112年4月,臺北市,萬華區,長泰街8號,長泰街8號,<1,less_than,1,0,<1,0.53,7.4
112年4月,臺北市,萬華區,柳州街62號,柳州街62號,<1,less_than,1,0,<1,0.46,7.3
112年4月,臺北市,萬華區,西藏路171號,西藏路171號,<1,less_than,1,0,<1,0.49,7.4
112年4月,臺北市,萬華區,萬大路423巷115號,萬大路423巷115號,<1,less_than,1,0,<1,0.48,7.2
112年4月,臺北市,萬華區,莒光路176號,莒光路176號,<1,less_than,1,0,<1,0.44,7.3
112年4月,臺北市,大同區,大龍街126號,大龍街126號,<1,less_than,1,0,<1,0.46,7.3
112年4月,臺北市,大同區,哈密街59巷﹝龍塘綠地﹞,哈密街59巷﹝龍塘綠地﹞,<1,less_than,1,0,<1,0.58,7.3
112年4月,臺北市,大同區,迪化街1段268號,迪化街1段268號,<1,less_than,1,0,<1,0.42,7.4
112年4月,臺北市,大同區,延平北路2段61巷16號,延平北路2段61巷16號,<1,less_than,1,0,<1,0.4,7.3
112年4月,臺北市,大同區,昌吉街118號,昌吉街118號,<1,less_than,1,0,<1,0.46,7.4
112年4月,臺北市,中山區,臺北市中山區中山北路1段106-1號,中山北路1段106-1號,<1,less_than,1,0,<1,0.39,7.4
112年4月,臺北市,士林區,天母東路69巷30號,天母東路69巷30號,<1,less_than,1,0,<1,0.47,7.5
112年4月,臺北市,士林區,華齡街2巷口,華齡街2巷口,<1,less_than,1,0,<1,0.34,7.4
112年4月,臺北市,士林區,後港街38巷臨5之1號,後港街38巷臨5之1號,<1,less_than,1,0,<1,0.37,7.4
112年4月,臺北市,士林區,至善路2段322巷口,至善路2段322巷口,<1,less_than,1,0,<1,0.36,7.5
112年4月,臺北市,士林區,中山北路5段460巷1號,中山北路5段460巷1號,<1,less_than,1,0,<1,0.38,7.2
112年4月,臺北市,北投區,行義路1號,行義路1號,<1,less_than,1,0,<1,0.38,7.1
112年4月,臺北市,中山區,民族東路臨41號,民族東路臨41號,<1,less_than,1,0,<1,0.41,7.3
112年4月,臺北市,松山區,延壽街373號,延壽街373號,<1,less_than,1,0,<1,0.49,7.1
112年4月,臺北市,松山區,臺北市松山區八德路2段364巷5弄29號對面,八德路2段364巷5弄29號對面,<1,less_than,1,0,<1,0.42,7.2
112年4月,臺北市,萬華區,桂林路167巷14號（三清宮）,桂林路167巷14號（三清宮）,<1,less_than,1,0,<1,0.42,7.3
112年4月,臺北市,大安區,大安區四維路52巷1號對面,四維路52巷1號對面,<1,less_than,1,0,<1,0.45,7
112年4月,臺北市,大安區,和平東路三段308巷15弄涼亭旁,和平東路3段308巷15弄涼亭旁,<1,less_than,1,0,<1,0.54,7.2
112年4月,臺北市,中正區,思源街1號,思源街1號,<1,less_than,1,0,<1,0.49,7.2
112年4月,臺北市,文山區,羅斯福路六段268號,羅斯福路6段268號,<1,less_than,1,0,<1,0.46,7.3
112年4月,臺北市,文山區,木新路3段55號,木新路3段55號,<1,less_than,1,0,<1,0.67,7.3
112年4月,臺北市,士林區,至善路二段449號,至善路2段449號,<1,less_than,1,0,<1,0.31,7.1
112年4月,臺北市,士林區,格致路198號,格致路198號,<1,less_than,1,0,<1,0.53,6.9
112年4月,臺北市,中山區,中山北路1段110-7號,中山北路1段110-7號,<1,less_than,1,0,<1,0.43,7.3
112年4月,臺北市,北投區,承德路七段388號對面﹝北投加壓站﹞,承德路7段388號對面﹝北投加壓站﹞,<1,less_than,1,0,<1,0.46,7.3
112年5月,臺北市,大安區,師大路107號,師大路107號,<1,less_than,1,0,<1,0.53,7.4
112年5月,臺北市,大安區,建國南路1段354號,建國南路1段354號,<1,less_than,1,0,<1,0.59,7.4
112年5月,臺北市,文山區,興隆路2段234號,興隆路2段234號,<1,less_than,1,0,<1,0.56,7.3
112年5月,臺北市,文山區,景福街19號1樓,景福街19號1樓,<1,less_than,1,0,<1,0.48,7.4
112年5月,臺北市,文山區,木柵路1段280號,木柵路1段280號,<1,less_than,1,0,<1,0.56,7.3
112年5月,臺北市,信義區,莊敬路393號,莊敬路393號,<1,less_than,1,0,<1,0.59,7.4
112年5月,臺北市,內湖區,康寧路3段99巷17弄26號旁,康寧路3段99巷17弄26號旁,<1,less_than,1,0,<1,0.49,7.4
112年5月,臺北市,內湖區,康樂街206號附近,康樂街206號附近,<1,less_than,1,0,<1,0.5,7.3
112年5月,臺北市,松山區,臺北市松山區南京東路4段52巷16弄口,南京東路4段52巷16弄口,<1,less_than,1,0,<1,0.54,7.3
112年5月,臺北市,松山區,民權東路5段41-1號,民權東路5段41-1號,<1,less_than,1,0,<1,0.55,7.3
112年5月,臺北市,松山區,敦化北路199巷9號旁,敦化北路199巷9號旁,<1,less_than,1,0,<1,0.43,7.4
112年5月,臺北市,南港區,中坡南路51號,中坡南路51號,<1,less_than,1,0,<1,0.52,7.3
112年5月,臺北市,萬華區,萬大路423巷115號,萬大路423巷115號,<1,less_than,1,0,<1,0.54,7.3
112年5月,臺北市,萬華區,西藏路171號,西藏路171號,<1,less_than,1,0,<1,0.55,7.4
112年5月,臺北市,萬華區,西園路1段127號,西園路1段127號,<1,less_than,1,0,<1,0.54,7.4
112年5月,臺北市,萬華區,柳州街62號,柳州街62號,<1,less_than,1,0,<1,0.54,7.4
112年5月,臺北市,萬華區,長泰街8號,長泰街8號,<1,less_than,1,0,<1,0.55,7.4
112年5月,臺北市,萬華區,莒光路176號,莒光路176號,<1,less_than,1,0,<1,0.53,7.4
112年5月,臺北市,大同區,延平北路2段61巷16號,延平北路2段61巷16號,<1,less_than,1,0,<1,0.45,7.3
112年5月,臺北市,大同區,大龍街126號,大龍街126號,<1,less_than,1,0,<1,0.47,7.2
112年5月,臺北市,大同區,昌吉街118號,昌吉街118號,<1,less_than,1,0,<1,0.45,7.3
112年5月,臺北市,大同區,哈密街59巷﹝龍塘綠地﹞,哈密街59巷﹝龍塘綠地﹞,<1,less_than,1,0,<1,0.46,7.2
112年5月,臺北市,大同區,迪化街1段268號,迪化街1段268號,<1,less_than,1,0,<1,0.46,7.2
112年5月,臺北市,中山區,臺北市中山區中山北路1段106-1號,中山北路1段106-1號,<1,less_than,1,0,<1,0.44,7.4
112年5月,臺北市,士林區,華齡街2巷口,華齡街2巷口,<1,less_than,1,0,<1,0.45,7.2
112年5月,臺北市,士林區,天母東路69巷30號,天母東路69巷30號,<1,less_than,1,0,<1,0.44,7.2
112年5月,臺北市,士林區,後港街38巷臨5之1號,後港街38巷臨5之1號,<1,less_than,1,0,<1,0.45,7.1
112年5月,臺北市,士林區,至善路2段322巷口,至善路2段322巷口,<1,less_than,1,0,<1,0.37,7.3
112年5月,臺北市,士林區,中山北路5段460巷1號,中山北路5段460巷1號,<1,less_than,1,0,<1,0.46,6.9
112年5月,臺北市,北投區,行義路1號,行義路1號,<1,less_than,1,0,<1,0.5,7
112年5月,臺北市,大安區,長興街131號,長興街131號,<1,less_than,1,0,<1,0.51,7.3
112年5月,臺北市,中正區,思源街1號,思源街1號,<1,less_than,1,0,<1,0.54,7.4
112年5月,新北市,新店區,直潭路127號(直潭淨水場),直潭路127號(直潭淨水場),<1,less_than,1,0,<1,0.53,7.2
112年5月,臺北市,士林區,至善路3段110號,至善路3段110號,<1,less_than,1,0,<1,0.53,7.4
112年5月,臺北市,北投區,泉源路260號,泉源路260號,<1,less_than,1,0,<1,0.53,8
112年5月,臺北市,北投區,鹿角坑加壓站 竹子湖路75-1號對面,鹿角坑加壓站 竹子湖路75-1號對面,<1,less_than,1,0,<1,0.56,8.1
112年5月,臺北市,士林區,菁山路101巷79號,菁山路101巷79號,<1,less_than,1,0,<1,0.57,7.8
112年5月,臺北市,內湖區,大湖街116巷內,大湖街116巷內,<1,less_than,1,0,<1,0.47,7.5
112年5月,臺北市,信義區,永吉路120巷92號,永吉路120巷92號,<1,less_than,1,0,<1,0.54,7.5
112年5月,臺北市,北投區,興東街1號對面,興東街1號對面,<1,less_than,1,0,<1,0.34,7.3
112年5月,臺北市,南港區,研究院路二段1號,研究院路2段1號,<1,less_than,1,0,<1,0.38,7.4
112年5月,臺北市,中山區,民族東路臨41號,民族東路臨41號,<1,less_than,1,0,<1,0.41,7.6
112年5月,臺北市,松山區,臺北市松山區八德路2段364巷5弄29號對面,八德路2段364巷5弄29號對面,<1,less_than,1,0,<1,0.43,7.5
112年5月,臺北市,松山區,延壽街373號,延壽街373號,<1,less_than,1,0,<1,0.51,7.6
112年5月,臺北市,萬華區,桂林路167巷14號（三清宮）,桂林路167巷14號（三清宮）,<1,less_than,1,0,<1,0.46,7.6
112年5月,臺北市,大安區,和平東路三段308巷15弄涼亭旁,和平東路3段308巷15弄涼亭旁,<1,less_than,1,0,<1,0.46,7.6
112年5月,臺北市,大安區,大安區四維路52巷1號對面,四維路52巷1號對面,<1,less_than,1,0,<1,0.49,7.6
112年5月,臺北市,中正區,思源街1號,思源街1號,<1,less_than,1,0,<1,0.53,7.5
112年5月,臺北市,文山區,木新路3段55號,木新路3段55號,<1,less_than,1,0,<1,0.47,7.5
112年5月,臺北市,文山區,羅斯福路六段268號,羅斯福路6段268號,<1,less_than,1,0,<1,0.49,7.6
112年5月,臺北市,士林區,至善路二段449號,至善路2段449號,<1,less_than,1,0,<1,0.45,7.4
112年5月,臺北市,士林區,格致路198號,格致路198號,<1,less_than,1,0,<1,0.38,7
112年5月,臺北市,中山區,中山北路1段110-7號,中山北路1段110-7號,<1,less_than,1,0,<1,0.4,7.5
112年5月,臺北市,北投區,承德路七段388號對面﹝北投加壓站﹞,承德路7段388號對面﹝北投加壓站﹞,<1,less_than,1,0,<1,0.34,7.4
112年6月,臺北市,大安區,長興街131號,長興街131號,<1,less_than,1,0,<1,0.51,7.2
112年6月,臺北市,中正區,思源街1號,思源街1號,<1,less_than,1,0,<1,0.56,7.4
112年6月,新北市,新店區,新北市新店區直潭路127號,直潭路127號,<1,less_than,1,0,<1,0.5,7
112年6月,臺北市,士林區,至善路3段110號,至善路3段110號,<1,less_than,1,0,<1,0.55,7
112年6月,臺北市,士林區,菁山路101巷79號,菁山路101巷79號,<1,less_than,1,0,<1,0.48,7.7
112年6月,臺北市,北投區,泉源路260號,泉源路260號,<1,less_than,1,0,<1,0.56,7.7
112年6月,臺北市,北投區,鹿角坑加壓站 竹子湖路75-1號對面,鹿角坑加壓站 竹子湖路75-1號對面,<1,less_than,1,0,<1,0.51,7.9
112年6月,臺北市,大安區,和平東路三段308巷15弄涼亭旁,和平東路3段308巷15弄涼亭旁,<1,less_than,1,0,<1,0.45,7.5
112年6月,臺北市,大安區,大安區四維路52巷1號對面,四維路52巷1號對面,<1,less_than,1,0,<1,0.54,7.4
112年6月,臺北市,中正區,思源街1號,思源街1號,<1,less_than,1,0,<1,0.5,7.4
112年6月,臺北市,內湖區,大湖街116巷內,大湖街116巷內,<1,less_than,1,0,<1,0.52,7.4
112年6月,臺北市,文山區,木新路3段55號,木新路3段55號,<1,less_than,1,0,<1,0.47,7.3
112年6月,臺北市,文山區,羅斯福路六段268號,羅斯福路6段268號,<1,less_than,1,0,<1,0.5,7.5
112年6月,臺北市,信義區,永吉路120巷92號,永吉路120巷92號,<1,less_than,1,0,<1,0.49,7.4
112年6月,臺北市,南港區,研究院路二段1號,研究院路2段1號,<1,less_than,1,0,<1,0.39,7.4
112年6月,臺北市,北投區,興東街1號對面,興東街1號對面,<1,less_than,1,0,<1,0.39,7.4
112年6月,臺北市,士林區,至善路二段449號,至善路2段449號,<1,less_than,1,0,<1,0.42,7.4
112年6月,臺北市,士林區,格致路198號,格致路198號,<1,less_than,1,0,<1,0.54,6.9
112年6月,臺北市,中山區,中山北路1段110-7號,中山北路1段110-7號,<1,less_than,1,0,<1,0.49,7.4
112年6月,臺北市,中山區,民族東路臨41號,民族東路臨41號,<1,less_than,1,0,<1,0.43,7.8
112年6月,臺北市,北投區,承德路七段388號對面﹝北投加壓站﹞,承德路7段388號對面﹝北投加壓站﹞,<1,less_than,1,0,<1,0.45,7.3
112年6月,臺北市,松山區,延壽街373號,延壽街373號,<1,less_than,1,0,<1,0.42,7.3
112年6月,臺北市,松山區,臺北市松山區八德路2段364巷5弄29號對面,八德路2段364巷5弄29號對面,<1,less_than,1,0,<1,0.43,7.4
112年6月,臺北市,萬華區,桂林路167巷14號（三清宮）,桂林路167巷14號（三清宮）,<1,less_than,1,0,<1,0.48,7.4
112年6月,臺北市,內湖區,內溝里康樂街206-4號旁附近,內溝里康樂街206-4號旁附近,<1,less_than,1,0,<1,0.54,7.2
112年6月,臺北市,內湖區,康寧路3段99巷17弄26號旁,康寧路3段99巷17弄26號旁,<1,less_than,1,0,<1,0.56,7.2
112年6月,臺北市,松山區,臺北市松山區南京東路4段52巷16弄口,南京東路4段52巷16弄口,<1,less_than,1,0,<1,0.53,7.2
112年6月,臺北市,松山區,民權東路5段41-1號,民權東路5段41-1號,<1,less_than,1,0,<1,0.57,7.2
112年6月,臺北市,松山區,敦化北路199巷9號旁,敦化北路199巷9號旁,<1,less_than,1,0,<1,0.44,7.2
112年6月,臺北市,南港區,中坡南路51號,中坡南路51號,<1,less_than,1,0,<1,0.58,7.3
112年6月,臺北市,萬華區,西藏路171號,西藏路171號,<1,less_than,1,0,<1,0.55,7.3
112年6月,臺北市,萬華區,柳州街62號,柳州街62號,<1,less_than,1,0,<1,0.52,7.3
112年6月,臺北市,萬華區,長泰街8號,長泰街8號,<1,less_than,1,0,<1,0.3,7.2
112年6月,臺北市,萬華區,西園路1段127號,西園路1段127號,<1,less_than,1,0,<1,0.52,7.3
112年6月,臺北市,萬華區,莒光路176號,莒光路176號,<1,less_than,1,0,<1,0.6,7.2
112年6月,臺北市,萬華區,萬大路423巷115號,萬大路423巷115號,<1,less_than,1,0,<1,0.53,7.3
112年6月,臺北市,大安區,師大路107號,師大路107號,<1,less_than,1,0,<1,0.55,7.3
112年6月,臺北市,大安區,建國南路1段354號,建國南路1段354號,<1,less_than,1,0,<1,0.53,7.3
112年6月,臺北市,文山區,景福街19號1樓,景福街19號1樓,<1,less_than,1,0,<1,0.54,7.2
112年6月,臺北市,文山區,木柵路1段280號,木柵路1段280號,<1,less_than,1,0,<1,0.61,7.2
112年6月,臺北市,文山區,興隆路2段234號,興隆路2段234號,<1,less_than,1,0,<1,0.56,7.3
112年6月,臺北市,信義區,莊敬路393號,莊敬路393號,<1,less_than,1,0,<1,0.56,7.3
112年6月,臺北市,大同區,昌吉街118號,昌吉街118號,<1,less_than,1,0,<1,0.59,7.2
112年6月,臺北市,大同區,延平北路2段61巷16號,延平北路2段61巷16號,<1,less_than,1,0,<1,0.47,7.2
112年6月,臺北市,大同區,迪化街1段268號,迪化街1段268號,<1,less_than,1,0,<1,0.48,7.2
112年6月,臺北市,大同區,大龍街126號,大龍街126號,<1,less_than,1,0,<1,0.5,7.3
112年6月,臺北市,大同區,哈密街49巷口,哈密街49巷口,<1,less_than,1,0,<1,0.56,7.3
112年6月,臺北市,中山區,中山北路1段110-7號,中山北路1段110-7號,<1,less_than,1,0,<1,0.41,7.4
112年6月,臺北市,士林區,華齡街2巷口,華齡街2巷口,<1,less_than,1,0,<1,0.47,7.3
112年6月,臺北市,士林區,後港街38巷臨5之1號,後港街38巷臨5之1號,<1,less_than,1,0,<1,0.48,7.1
112年6月,臺北市,士林區,天母東路69巷30號,天母東路69巷30號,<1,less_than,1,0,<1,0.49,7.2
112年6月,臺北市,士林區,至善路2段322巷口,至善路2段322巷口,<1,less_than,1,0,<1,0.46,7.4
112年6月,臺北市,士林區,中山北路5段460巷1號,中山北路5段460巷1號,<1,less_than,1,0,<1,0.49,7.2
112年6月,臺北市,北投區,行義路1號,行義路1號,<1,less_than,1,0,<1,0.52,7
112年7月,臺北市,內湖區,臺北市內湖區大湖街166巷大湖公園入口旁,大湖街166巷大湖公園入口旁,<1,less_than,1,0,<1,0.36,7.1
112年7月,臺北市,信義區,永吉路120巷92號,永吉路120巷92號,<1,less_than,1,0,<1,0.46,7.2
112年7月,臺北市,北投區,興東街1號對面,興東街1號對面,<1,less_than,1,0,<1,0.34,7.2
112年7月,臺北市,南港區,研究院路二段1號,研究院路2段1號,<1,less_than,1,0,<1,0.32,7.1
112年7月,臺北市,中山區,民族東路臨41號,民族東路臨41號,<1,less_than,1,0,<1,0.41,7.4
112年7月,臺北市,松山區,臺北市松山區八德路2段364巷5弄29號對面,八德路2段364巷5弄29號對面,<1,less_than,1,0,<1,0.41,7.3
112年7月,臺北市,松山區,延壽街373號,延壽街373號,<1,less_than,1,0,<1,0.41,7.1
112年7月,臺北市,萬華區,桂林路167巷14號（三清宮）,桂林路167巷14號（三清宮）,<1,less_than,1,0,<1,0.45,7.4
112年7月,臺北市,大安區,大安區四維路52巷1號對面,四維路52巷1號對面,<1,less_than,1,0,<1,0.44,7.3
112年7月,臺北市,大安區,和平東路三段308巷15弄涼亭旁,和平東路3段308巷15弄涼亭旁,<1,less_than,1,0,<1,0.5,7.2
112年7月,臺北市,中正區,思源街1號,思源街1號,<1,less_than,1,0,<1,0.55,7
112年7月,臺北市,內湖區,康寧路3段99巷17弄26號旁,康寧路3段99巷17弄26號旁,<1,less_than,1,0,<1,0.52,7.2
112年7月,臺北市,內湖區,康樂街206號附近,康樂街206號附近,<1,less_than,1,0,<1,0.42,7.2
112年7月,臺北市,文山區,羅斯福路六段268號,羅斯福路6段268號,<1,less_than,1,0,<1,0.5,7.3
112年7月,臺北市,文山區,木新路3段55號,木新路3段55號,<1,less_than,1,0,<1,0.49,7.1
112年7月,臺北市,松山區,民權東路5段41-1號,民權東路5段41-1號,<1,less_than,1,0,<1,0.54,7.2
112年7月,臺北市,松山區,臺北市松山區南京東路4段52巷16弄口,南京東路4段52巷16弄口,<1,less_than,1,0,<1,0.57,7.2
112年7月,臺北市,松山區,敦化北路199巷9號旁,敦化北路199巷9號旁,<1,less_than,1,0,<1,0.43,7.2
112年7月,臺北市,南港區,中坡南路51號,中坡南路51號,<1,less_than,1,0,<1,0.51,7.2
112年7月,臺北市,士林區,至善路二段449號,至善路2段449號,<1,less_than,1,0,<1,0.44,7.3
112年7月,臺北市,士林區,格致路198號,格致路198號,<1,less_than,1,0,<1,0.52,7.5
112年7月,臺北市,大安區,建國南路1段354號,建國南路1段354號,<1,less_than,1,0,<1,0.54,7.5
112年7月,臺北市,大安區,師大路107號,師大路107號,<1,less_than,1,0,<1,0.55,7.5
112年7月,臺北市,中山區,中山北路1段110-7號,中山北路1段110-7號,<1,less_than,1,0,<1,0.48,7.3
112年7月,臺北市,文山區,景福街19號1樓,景福街19號1樓,<1,less_than,1,0,<1,0.47,7.4
112年7月,臺北市,文山區,木柵路1段280號,木柵路1段280號,<1,less_than,1,0,<1,0.54,7.4
112年7月,臺北市,文山區,興隆路2段234號,興隆路2段234號,<1,less_than,1,0,<1,0.55,7.4
112年7月,臺北市,北投區,承德路七段388號對面﹝北投加壓站﹞,承德路7段388號對面﹝北投加壓站﹞,<1,less_than,1,0,<1,0.45,7.6
112年7月,臺北市,信義區,莊敬路393號,莊敬路393號,<1,less_than,1,0,<1,0.54,7.5
112年7月,臺北市,萬華區,長泰街8號,長泰街8號,<1,less_than,1,0,<1,0.53,7.3
112年7月,臺北市,萬華區,西園路1段127號,西園路1段127號,<1,less_than,1,0,<1,0.5,7.3
112年7月,臺北市,萬華區,西藏路171號,西藏路171號,<1,less_than,1,0,<1,0.54,7.3
112年7月,臺北市,萬華區,柳州街62號,柳州街62號,<1,less_than,1,0,<1,0.51,7.4
112年7月,臺北市,萬華區,莒光路176號,莒光路176號,<1,less_than,1,0,<1,0.51,7.3
112年7月,臺北市,萬華區,萬大路423巷115號,萬大路423巷115號,<1,less_than,1,0,<1,0.57,7.3
112年7月,臺北市,大安區,長興街131號,長興街131號,<1,less_than,1,0,<1,0.49,7.5
112年7月,臺北市,中正區,思源街1號,思源街1號,<1,less_than,1,0,<1,0.52,7.2
112年7月,新北市,新店區,直潭路127號(直潭淨水場),直潭路127號(直潭淨水場),<1,less_than,1,0,<1,0.5,7.1
112年7月,臺北市,士林區,至善路3段110號,至善路3段110號,<1,less_than,1,0,<1,0.54,7.4
112年7月,臺北市,士林區,菁山路101巷79號,菁山路101巷79號,2,number,2,1,7,0.55,7.8
112年7月,臺北市,大同區,哈密街59巷﹝龍塘綠地﹞,哈密街59巷﹝龍塘綠地﹞,<1,less_than,1,0,<1,0.49,7.2
112年7月,臺北市,大同區,昌吉街118號,昌吉街118號,<1,less_than,1,0,<1,0.58,7.2
112年7月,臺北市,大同區,迪化街1段268號,迪化街1段268號,<1,less_than,1,0,<1,0.46,7.1
112年7月,臺北市,大同區,大龍街126號,大龍街126號,<1,less_than,1,0,<1,0.55,7.2
112年7月,臺北市,大同區,延平北路2段61巷16號,延平北路2段61巷16號,<1,less_than,1,0,<1,0.44,7.2
112年7月,臺北市,中山區,臺北市中山區中山北路1段106-1號,中山北路1段106-1號,<1,less_than,1,0,<1,0.42,7.4
112年7月,臺北市,北投區,鹿角坑加壓站 竹子湖路75-1號對面,鹿角坑加壓站 竹子湖路75-1號對面,<1,less_than,1,0,<1,0.6,8.1
112年7月,臺北市,北投區,泉源路260號,泉源路260號,<1,less_than,1,0,<1,0.51,7.9
112年7月,臺北市,士林區,至善路2段322巷口,至善路2段322巷口,<1,less_than,1,0,<1,0.36,7.4
112年7月,臺北市,士林區,天母東路69巷30號,天母東路69巷30號,<1,less_than,1,0,<1,0.46,7.3
112年7月,臺北市,士林區,華齡街2巷口,華齡街2巷口,<1,less_than,1,0,<1,0.44,7.3
112年7月,臺北市,士林區,後港街38巷臨5之1號,後港街38巷臨5之1號,<1,less_than,1,0,<1,0.49,7.2
112年7月,臺北市,士林區,中山北路5段460巷1號,中山北路5段460巷1號,<1,less_than,1,0,<1,0.41,7.1
112年7月,臺北市,北投區,行義路1號,行義路1號,<1,less_than,1,0,<1,0.48,7.1
112年8月,臺北市,內湖區,康樂街206號附近,康樂街206號附近,<1,less_than,1,0,<1,0.47,7.1
112年8月,臺北市,內湖區,康寧路3段99巷17弄26號旁,康寧路3段99巷17弄26號旁,<1,less_than,1,0,<1,0.5,7.2
112年8月,臺北市,松山區,臺北市松山區南京東路4段52巷16弄口,南京東路4段52巷16弄口,<1,less_than,1,0,<1,0.47,7.1
112年8月,臺北市,松山區,敦化北路199巷9號旁,敦化北路199巷9號旁,<1,less_than,1,0,<1,0.43,7.2
112年8月,臺北市,松山區,民權東路5段41-1號,民權東路5段41-1號,<1,less_than,1,0,<1,0.58,7.2
112年8月,臺北市,南港區,中坡南路51號,中坡南路51號,<1,less_than,1,0,<1,0.54,7.3
112年8月,臺北市,大安區,建國南路1段354號,建國南路1段354號,<1,less_than,1,0,<1,0.53,7.3
112年8月,臺北市,大安區,師大路107號,師大路107號,<1,less_than,1,0,<1,0.51,7.3
112年8月,臺北市,文山區,興隆路2段234號,興隆路2段234號,<1,less_than,1,0,<1,0.53,7.3
112年8月,臺北市,文山區,木柵路1段280號,木柵路1段280號,<1,less_than,1,0,<1,0.55,7.2
112年8月,臺北市,文山區,景福街19號1樓,景福街19號1樓,<1,less_than,1,0,<1,0.51,7.3
112年8月,臺北市,信義區,莊敬路393號,莊敬路393號,<1,less_than,1,0,<1,0.56,7.3
112年8月,臺北市,大安區,長興街131號,長興街131號,<1,less_than,1,0,<1,0.52,7.5
112年8月,臺北市,中正區,思源街1號,思源街1號,<1,less_than,1,0,<1,0.57,7.5
112年8月,新北市,新店區,直潭路127號(直潭淨水場),直潭路127號(直潭淨水場),<1,less_than,1,0,<1,0.53,7.2
112年8月,臺北市,士林區,菁山路101巷79號,菁山路101巷79號,<1,less_than,1,0,<1,0.56,7.7
112年8月,臺北市,士林區,至善路3段110號,至善路3段110號,<1,less_than,1,0,<1,0.55,7.3
112年8月,臺北市,北投區,泉源路260號,泉源路260號,<1,less_than,1,0,<1,0.6,7.8
112年8月,臺北市,北投區,鹿角坑加壓站 竹子湖路75-1號對面,鹿角坑加壓站 竹子湖路75-1號對面,<1,less_than,1,0,<1,0.57,7.9
112年8月,臺北市,萬華區,西園路1段127號,西園路1段127號,<1,less_than,1,0,<1,0.57,7.5
112年8月,臺北市,萬華區,西藏路171號,西藏路171號,<1,less_than,1,0,<1,0.59,7.4
112年8月,臺北市,萬華區,長泰街8號,長泰街8號,<1,less_than,1,0,<1,0.59,7.5
112年8月,臺北市,萬華區,莒光路176號,莒光路176號,<1,less_than,1,0,<1,0.58,7.5
112年8月,臺北市,萬華區,柳州街62號,柳州街62號,<1,less_than,1,0,<1,0.56,7.4
112年8月,臺北市,萬華區,萬大路423巷115號,萬大路423巷115號,<1,less_than,1,0,<1,0.58,7.3
112年8月,臺北市,大同區,昌吉街118號,昌吉街118號,<1,less_than,1,0,<1,0.53,7.2
112年8月,臺北市,大同區,迪化街1段268號,迪化街1段268號,<1,less_than,1,0,<1,0.47,7.2
112年8月,臺北市,大同區,大龍街126號,大龍街126號,<1,less_than,1,0,<1,0.51,7.2
112年8月,臺北市,大同區,延平北路2段61巷16號,延平北路2段61巷16號,<1,less_than,1,0,<1,0.52,7.2
112年8月,臺北市,大同區,哈密街59巷﹝龍塘綠地﹞,哈密街59巷﹝龍塘綠地﹞,<1,less_than,1,0,<1,0.53,7.2
112年8月,臺北市,中山區,臺北市中山區中山北路1段106-1號,中山北路1段106-1號,<1,less_than,1,0,<1,0.46,7.4
112年8月,臺北市,士林區,天母東路69巷30號,天母東路69巷30號,<1,less_than,1,0,<1,0.48,7.2
112年8月,臺北市,士林區,後港街38巷臨5之1號,後港街38巷臨5之1號,<1,less_than,1,0,<1,0.54,7.2
112年8月,臺北市,士林區,至善路2段322巷口,至善路2段322巷口,<1,less_than,1,0,<1,0.39,7.2
112年8月,臺北市,士林區,華齡街2巷口,華齡街2巷口,<1,less_than,1,0,<1,0.4,7.3
112年8月,臺北市,士林區,中山北路5段460巷1號,中山北路5段460巷1號,<1,less_than,1,0,<1,0.4,7.2
112年8月,臺北市,北投區,行義路1號,行義路1號,<1,less_than,1,0,<1,0.51,7
112年8月,臺北市,中山區,民族東路臨41號,民族東路臨41號,<1,less_than,1,0,<1,0.56,7.3
112年8月,臺北市,內湖區,臺北市內湖區大湖街166巷大湖公園入口旁,大湖街166巷大湖公園入口旁,<1,less_than,1,0,<1,0.29,7.1
112年8月,臺北市,松山區,延壽街373號,延壽街373號,<1,less_than,1,0,<1,0.53,7
112年8月,臺北市,松山區,臺北市松山區八德路2段364巷5弄29號對面,八德路2段364巷5弄29號對面,<1,less_than,1,0,<1,0.47,7.3
112年8月,臺北市,信義區,永吉路120巷92號,永吉路120巷92號,<1,less_than,1,0,<1,0.52,7.1
112年8月,臺北市,南港區,研究院路二段1號,研究院路2段1號,<1,less_than,1,0,<1,0.47,7.1
112年8月,臺北市,北投區,興東街1號對面,興東街1號對面,<1,less_than,1,0,<1,0.48,7.1
112年8月,臺北市,萬華區,桂林路167巷14號（三清宮）,桂林路167巷14號（三清宮）,<1,less_than,1,0,<1,0.51,7.4
112年8月,臺北市,大安區,和平東路三段308巷15弄涼亭旁,和平東路3段308巷15弄涼亭旁,<1,less_than,1,0,<1,0.51,7
112年8月,臺北市,大安區,大安區四維路52巷1號對面,四維路52巷1號對面,<1,less_than,1,0,<1,0.46,7
112年8月,臺北市,中正區,思源街1號,思源街1號,<1,less_than,1,0,<1,0.54,7
112年8月,臺北市,文山區,羅斯福路六段268號,羅斯福路6段268號,<1,less_than,1,0,<1,0.52,7.1
112年8月,臺北市,文山區,木新路3段55號,木新路3段55號,<1,less_than,1,0,<1,0.45,7
112年8月,臺北市,士林區,至善路二段449號,至善路2段449號,<1,less_than,1,0,<1,0.47,7.6
112年8月,臺北市,士林區,格致路198號,格致路198號,<1,less_than,1,0,<1,0.47,7.3
112年8月,臺北市,中山區,中山北路1段110-7號,中山北路1段110-7號,<1,less_than,1,0,<1,0.47,7.4
112年8月,臺北市,北投區,承德路七段388號對面﹝北投加壓站﹞,承德路7段388號對面﹝北投加壓站﹞,<1,less_than,1,0,<1,0.46,7.1
112年9月,臺北市,內湖區,大湖街116巷內,大湖街116巷內,<1,less_than,1,0,<1,0.48,7
112年9月,臺北市,信義區,永吉路120巷92號,永吉路120巷92號,<1,less_than,1,0,<1,0.43,7
112年9月,臺北市,南港區,研究院路二段1號,研究院路2段1號,<1,less_than,1,0,<1,0.44,7.1
112年9月,臺北市,北投區,興東街1號對面,興東街1號對面,<1,less_than,1,0,<1,0.36,7.1
112年9月,臺北市,內湖區,康寧路3段99巷17弄26號旁,康寧路3段99巷17弄26號旁,<1,less_than,1,0,<1,0.51,7.1
112年9月,臺北市,內湖區,康樂街206號附近,康樂街206號附近,<1,less_than,1,0,<1,0.44,7.1
112年9月,臺北市,松山區,臺北市松山區南京東路4段52巷16弄口,南京東路4段52巷16弄口,<1,less_than,1,0,<1,0.53,6.9
112年9月,臺北市,松山區,敦化北路199巷9號旁,敦化北路199巷9號旁,<1,less_than,1,0,<1,0.45,7.1
112年9月,臺北市,松山區,民權東路5段41-1號,民權東路5段41-1號,<1,less_than,1,0,<1,0.56,7
112年9月,臺北市,南港區,中坡南路51號,中坡南路51號,<1,less_than,1,0,<1,0.53,7.2
112年9月,臺北市,中山區,民族東路臨41號,民族東路臨41號,<1,less_than,1,0,<1,0.57,6.9
112年9月,臺北市,松山區,臺北市松山區八德路2段364巷5弄29號對面,八德路2段364巷5弄29號對面,<1,less_than,1,0,<1,0.5,7.1
112年9月,臺北市,松山區,延壽街373號,延壽街373號,<1,less_than,1,0,<1,0.55,6.9
112年9月,臺北市,萬華區,桂林路167巷14號（三清宮）,桂林路167巷14號（三清宮）,<1,less_than,1,0,<1,0.51,7
112年9月,臺北市,大安區,長興街131號,長興街131號,<1,less_than,1,0,<1,0.52,7.2
112年9月,臺北市,中正區,思源街1號,思源街1號,<1,less_than,1,0,<1,0.58,7.4
112年9月,新北市,新店區,直潭路127號(直潭淨水場),直潭路127號(直潭淨水場),<1,less_than,1,0,<1,0.54,7
112年9月,臺北市,士林區,至善路3段110號,至善路3段110號,<1,less_than,1,0,<1,0.53,7.2
112年9月,臺北市,士林區,菁山路101巷79號,菁山路101巷79號,<1,less_than,1,0,<1,0.4,7.4
112年9月,臺北市,北投區,泉源路260號,泉源路260號,<1,less_than,1,0,<1,0.52,7.9
112年9月,臺北市,北投區,鹿角坑加壓站 竹子湖路75-1號對面,鹿角坑加壓站 竹子湖路75-1號對面,<1,less_than,1,0,<1,0.57,8
112年9月,臺北市,大安區,師大路107號,師大路107號,<1,less_than,1,0,<1,0.61,7.1
112年9月,臺北市,大安區,大安區四維路52巷1號對面,四維路52巷1號對面,<1,less_than,1,0,<1,0.49,7.4
112年9月,臺北市,大安區,建國南路1段354號,建國南路1段354號,<1,less_than,1,0,<1,0.61,7.1
112年9月,臺北市,大安區,和平東路三段308巷15弄涼亭旁,和平東路3段308巷15弄涼亭旁,<1,less_than,1,0,<1,0.51,7.2
112年9月,臺北市,中正區,思源街1號,思源街1號,<1,less_than,1,0,<1,0.58,7
112年9月,臺北市,文山區,羅斯福路六段268號,羅斯福路6段268號,<1,less_than,1,0,<1,0.47,7.4
112年9月,臺北市,文山區,木新路3段55號,木新路3段55號,<1,less_than,1,0,<1,0.53,7.1
112年9月,臺北市,文山區,興隆路2段234號,興隆路2段234號,<1,less_than,1,0,<1,0.53,7
112年9月,臺北市,文山區,木柵路1段280號,木柵路1段280號,<1,less_than,1,0,<1,0.55,7
112年9月,臺北市,文山區,景福街19號1樓,景福街19號1樓,<1,less_than,1,0,<1,0.54,7.1
112年9月,臺北市,信義區,莊敬路393號,莊敬路393號,<1,less_than,1,0,<1,0.6,7.1
112年9月,臺北市,士林區,格致路198號,格致路198號,<1,less_than,1,0,<1,0.51,6.8
112年9月,臺北市,士林區,至善路二段449號,至善路2段449號,<1,less_than,1,0,<1,0.53,7.5
112年9月,臺北市,中山區,中山北路1段110-7號,中山北路1段110-7號,<1,less_than,1,0,<1,0.51,7.1
112年9月,臺北市,北投區,承德路七段388號對面﹝北投加壓站﹞,承德路7段388號對面﹝北投加壓站﹞,<1,less_than,1,0,<1,0.46,7.1
112年9月,臺北市,萬華區,西藏路171號,西藏路171號,<1,less_than,1,0,<1,0.58,7.2
112年9月,臺北市,萬華區,柳州街62號,柳州街62號,<1,less_than,1,0,<1,0.54,7.4
112年9月,臺北市,萬華區,西園路1段127號,西園路1段127號,<1,less_than,1,0,<1,0.57,7.4
112年9月,臺北市,萬華區,長泰街8號,長泰街8號,<1,less_than,1,0,<1,0.57,7.3
112年9月,臺北市,萬華區,萬大路423巷115號,萬大路423巷115號,<1,less_than,1,0,<1,0.58,7.2
112年9月,臺北市,萬華區,莒光路176號,莒光路176號,<1,less_than,1,0,<1,0.58,7.4
112年9月,臺北市,大同區,大龍街126號,大龍街126號,<1,less_than,1,0,<1,0.36,7.3
112年9月,臺北市,大同區,延平北路2段61巷16號,延平北路2段61巷16號,<1,less_than,1,0,<1,0.45,7.2
112年9月,臺北市,大同區,迪化街1段268號,迪化街1段268號,<1,less_than,1,0,<1,0.49,7.2
112年9月,臺北市,大同區,昌吉街118號,昌吉街118號,<1,less_than,1,0,<1,0.56,7.4
112年9月,臺北市,大同區,哈密街49巷口,哈密街49巷口,<1,less_than,1,0,<1,0.59,7.2
112年9月,臺北市,中山區,臺北市中山區中山北路1段106-1號,中山北路1段106-1號,<1,less_than,1,0,<1,0.45,7.3
112年9月,臺北市,士林區,華齡街2巷口,華齡街2巷口,<1,less_than,1,0,<1,0.25,7.9
112年9月,臺北市,士林區,至善路2段322巷口,至善路2段322巷口,<1,less_than,1,0,<1,0.31,7.4
112年9月,臺北市,士林區,天母東路69巷30號,天母東路69巷30號,<1,less_than,1,0,<1,0.49,7.2
112年9月,臺北市,士林區,後港街38巷臨5之1號,後港街38巷臨5之1號,<1,less_than,1,0,<1,0.49,7
112年9月,臺北市,士林區,中山北路5段460巷1號,中山北路5段460巷1號,<1,less_than,1,0,<1,0.48,7
112年9月,臺北市,北投區,行義路1號,行義路1號,<1,less_than,1,0,<1,0.52,7
112年10月,臺北市,內湖區,大湖街116巷內,大湖街116巷內,<1,less_than,1,0,<1,0.32,7.3
112年10月,臺北市,信義區,永吉路120巷92號,永吉路120巷92號,<1,less_than,1,0,<1,0.59,7.2
112年10月,臺北市,南港區,研究院路二段1號,研究院路2段1號,<1,less_than,1,0,<1,0.32,7.1
112年10月,臺北市,北投區,興東街1號對面,興東街1號對面,<1,less_than,1,0,<1,0.36,7.1
112年10月,臺北市,中山區,民族東路臨41號,民族東路臨41號,<1,less_than,1,0,<1,0.5,7.2
112年10月,臺北市,松山區,延壽街373號,延壽街373號,<1,less_than,1,0,<1,0.47,7.1
112年10月,臺北市,松山區,臺北市松山區八德路2段364巷5弄29號對面,八德路2段364巷5弄29號對面,<1,less_than,1,0,<1,0.49,7.1
112年10月,臺北市,萬華區,桂林路167巷14號（三清宮）,桂林路167巷14號（三清宮）,<1,less_than,1,0,<1,0.46,7.4
112年10月,臺北市,大安區,和平東路三段308巷15弄涼亭旁,和平東路3段308巷15弄涼亭旁,<1,less_than,1,0,<1,0.42,7.2
112年10月,臺北市,大安區,大安區四維路52巷1號對面,四維路52巷1號對面,<1,less_than,1,0,<1,0.48,7.5
112年10月,臺北市,中正區,思源街1號,思源街1號,<1,less_than,1,0,<1,0.56,7.2
112年10月,臺北市,文山區,木新路3段55號,木新路3段55號,<1,less_than,1,0,<1,0.55,7.5
112年10月,臺北市,文山區,羅斯福路六段268號,羅斯福路6段268號,<1,less_than,1,0,<1,0.45,7.1
112年10月,臺北市,士林區,至善路二段449號,至善路2段449號,<1,less_than,1,0,<1,0.55,7.3
112年10月,臺北市,士林區,格致路198號,格致路198號,<1,less_than,1,0,<1,0.59,7.5
112年10月,臺北市,中山區,中山北路1段110-7號,中山北路1段110-7號,<1,less_than,1,0,<1,0.53,7.3
112年10月,臺北市,北投區,承德路七段388號對面﹝北投加壓站﹞,承德路7段388號對面﹝北投加壓站﹞,<1,less_than,1,0,<1,0.54,7.2
112年10月,臺北市,大安區,長興街131號,長興街131號,<1,less_than,1,0,<1,0.52,7.4
112年10月,臺北市,中正區,思源街1號,思源街1號,<1,less_than,1,0,<1,0.51,7.6
112年10月,新北市,新店區,直潭路127號(直潭淨水場),直潭路127號(直潭淨水場),<1,less_than,1,0,<1,0.58,7.3
112年10月,臺北市,士林區,菁山路101巷79號,菁山路101巷79號,<1,less_than,1,0,<1,0.36,7.8
112年10月,臺北市,士林區,至善路3段110號,至善路3段110號,<1,less_than,1,0,<1,0.55,7.4
112年10月,臺北市,北投區,泉源路260號,泉源路260號,<1,less_than,1,0,<1,0.51,7.9
112年10月,臺北市,北投區,鹿角坑加壓站 竹子湖路75-1號對面,鹿角坑加壓站 竹子湖路75-1號對面,<1,less_than,1,0,<1,0.46,7.9
112年10月,臺北市,內湖區,康樂街206號附近,康樂街206號附近,<1,less_than,1,0,<1,0.51,7.1
112年10月,臺北市,內湖區,康寧路3段99巷17弄26號旁,康寧路3段99巷17弄26號旁,<1,less_than,1,0,<1,0.51,7.2
112年10月,臺北市,松山區,敦化北路199巷9號旁,敦化北路199巷9號旁,<1,less_than,1,0,<1,0.44,7.1
112年10月,臺北市,松山區,臺北市松山區南京東路4段52巷16弄口,南京東路4段52巷16弄口,<1,less_than,1,0,<1,0.52,7.1
112年10月,臺北市,松山區,民權東路5段41-1號,民權東路5段41-1號,<1,less_than,1,0,<1,0.56,7.2
112年10月,臺北市,南港區,中坡南路51號,中坡南路51號,<1,less_than,1,0,<1,0.51,7.3
112年10月,臺北市,大安區,建國南路1段354號,建國南路1段354號,<1,less_than,1,0,<1,0.54,7.2
112年10月,臺北市,大安區,師大路107號,師大路107號,<1,less_than,1,0,<1,0.53,7.2
112年10月,臺北市,文山區,木柵路1段280號,木柵路1段280號,<1,less_than,1,0,<13,0.54,7.2
112年10月,臺北市,文山區,景福街19號1樓,景福街19號1樓,<1,less_than,1,0,<1,0.51,7.2
112年10月,臺北市,文山區,興隆路2段234號,興隆路2段234號,<1,less_than,1,0,<1,0.54,7.1
112年10月,臺北市,信義區,莊敬路393號,莊敬路393號,<1,less_than,1,0,<1,0.55,7.2
112年10月,臺北市,萬華區,長泰街8號,長泰街8號,<1,less_than,1,0,<1,0.58,7.2
112年10月,臺北市,萬華區,西藏路171號,西藏路171號,<1,less_than,1,0,<1,0.6,7.2
112年10月,臺北市,萬華區,西園路1段127號,西園路1段127號,<1,less_than,1,0,<1,0.56,7.2
112年10月,臺北市,萬華區,莒光路176號,莒光路176號,<1,less_than,1,0,<1,0.59,7.2
112年10月,臺北市,萬華區,柳州街62號,柳州街62號,<1,less_than,1,0,<1,0.53,7.2
112年10月,臺北市,萬華區,萬大路423巷115號,萬大路423巷115號,<1,less_than,1,0,<1,0.58,7.2
112年10月,臺北市,大同區,大龍街126號,大龍街126號,<1,less_than,1,0,<1,0.49,7.3
112年10月,臺北市,大同區,哈密街59巷﹝龍塘綠地﹞,哈密街59巷﹝龍塘綠地﹞,<1,less_than,1,0,<1,0.49,7.2
112年10月,臺北市,大同區,延平北路2段61巷16號,延平北路2段61巷16號,<1,less_than,1,0,<1,0.44,7.2
112年10月,臺北市,大同區,昌吉街118號,昌吉街118號,<1,less_than,1,0,<1,0.51,7.2
112年10月,臺北市,大同區,迪化街1段268號,迪化街1段268號,<1,less_than,1,0,<1,0.42,7.2
112年10月,臺北市,中山區,臺北市中山區中山北路1段106-1號,中山北路1段106-1號,<1,less_than,1,0,<1,0.44,7.3
112年10月,臺北市,士林區,至善路2段322巷口,至善路2段322巷口,<1,less_than,1,0,<1,0.46,7.5
112年10月,臺北市,士林區,後港街38巷臨5之1號,後港街38巷臨5之1號,<1,less_than,1,0,<1,0.51,7.3
112年10月,臺北市,士林區,華齡街2巷口,華齡街2巷口,<1,less_than,1,0,<1,0.24,8.2
112年10月,臺北市,士林區,天母東路69巷30號,天母東路69巷30號,<1,less_than,1,0,<1,0.51,7.3
112年10月,臺北市,士林區,中山北路5段460巷1號,中山北路5段460巷1號,<1,less_than,1,0,<1,0.48,7
112年10月,臺北市,北投區,行義路1號,行義路1號,<1,less_than,1,0,<1,0.48,7.1
112年11月,臺北市,大安區,長興街131號,長興街131號,<1,less_than,1,0,<1,0.56,7.4
112年11月,臺北市,中正區,思源街1號,思源街1號,<1,less_than,1,0,<1,0.59,7.6
112年11月,新北市,新店區,直潭路127號(直潭淨水場),直潭路127號(直潭淨水場),<1,less_than,1,0,<1,0.53,7.3
112年11月,臺北市,內湖區,臺北市內湖區大湖街166巷大湖公園入口旁,大湖街166巷大湖公園入口旁,<1,less_than,1,0,<1,0.47,7.4
112年11月,臺北市,信義區,永吉路120巷92號,永吉路120巷92號,<1,less_than,1,0,<1,0.55,7.6
112年11月,臺北市,南港區,研究院路二段1號,研究院路2段1號,<1,less_than,1,0,<1,0.38,7.3
112年11月,臺北市,北投區,興東街1號對面,興東街1號對面,<1,less_than,1,0,<1,0.35,7.5
112年11月,臺北市,士林區,菁山路101巷79號,菁山路101巷79號,<1,less_than,1,0,<1,0.4,7.6
112年11月,臺北市,士林區,至善路3段110號,至善路3段110號,<1,less_than,1,0,<1,0.55,7.5
112年11月,臺北市,北投區,鹿角坑加壓站 竹子湖路75-1號對面,鹿角坑加壓站 竹子湖路75-1號對面,<1,less_than,1,0,<1,0.65,8
112年11月,臺北市,北投區,泉源路260號,泉源路260號,<1,less_than,1,0,<1,0.6,8
112年11月,臺北市,中山區,民族東路臨41號,民族東路臨41號,<1,less_than,1,0,<1,0.5,7.3
112年11月,臺北市,松山區,延壽街373號,延壽街373號,<1,less_than,1,0,<1,0.45,7.3
112年11月,臺北市,松山區,臺北市松山區八德路2段364巷5弄29號對面,八德路2段364巷5弄29號對面,<1,less_than,1,0,<1,0.5,7.6
112年11月,臺北市,萬華區,桂林路167巷14號（三清宮）,桂林路167巷14號（三清宮）,<1,less_than,1,0,<1,0.52,7.5
112年11月,臺北市,大安區,和平東路三段308巷15弄涼亭旁,和平東路3段308巷15弄涼亭旁,<1,less_than,1,0,<1,0.51,7.4
112年11月,臺北市,大安區,大安區四維路52巷1號對面,四維路52巷1號對面,<1,less_than,1,0,<1,0.52,7.4
112年11月,臺北市,中正區,思源街1號,思源街1號,<1,less_than,1,0,<1,0.49,7.3
112年11月,臺北市,文山區,羅斯福路六段268號,羅斯福路6段268號,<1,less_than,1,0,<1,0.55,7.6
112年11月,臺北市,文山區,木新路3段55號,木新路3段55號,<1,less_than,1,0,<1,0.44,7.4
112年11月,臺北市,士林區,格致路198號,格致路198號,<1,less_than,1,0,<1,0.48,7.6
112年11月,臺北市,士林區,至善路二段449號,至善路2段449號,<1,less_than,1,0,<1,0.49,7.7
112年11月,臺北市,中山區,中山北路1段110-7號,中山北路1段110-7號,<1,less_than,1,0,<1,0.61,7.7
112年11月,臺北市,北投區,承德路七段388號對面﹝北投加壓站﹞,承德路7段388號對面﹝北投加壓站﹞,<1,less_than,1,0,<1,0.41,7.5
112年11月,臺北市,內湖區,康樂街206號附近,康樂街206號附近,<1,less_than,1,0,<1,0.62,7.2
112年11月,臺北市,內湖區,康寧路3段99巷17弄26號旁,康寧路3段99巷17弄26號旁,<1,less_than,1,0,<1,0.56,7.3
112年11月,臺北市,松山區,臺北市松山區南京東路4段52巷16弄口,南京東路4段52巷16弄口,<1,less_than,1,0,<1,0.53,7.3
112年11月,臺北市,松山區,敦化北路199巷9號旁,敦化北路199巷9號旁,<1,less_than,1,0,<1,0.52,7.3
112年11月,臺北市,松山區,民權東路5段41-1號,民權東路5段41-1號,<1,less_than,1,0,<1,0.64,7.3
112年11月,臺北市,南港區,中坡南路51號,中坡南路51號,<1,less_than,1,0,<1,0.56,7.4
112年11月,臺北市,大安區,建國南路1段354號,建國南路1段354號,<1,less_than,1,0,<1,0.58,7.3
112年11月,臺北市,大安區,師大路107號,師大路107號,<1,less_than,1,0,<1,0.56,7.3
112年11月,臺北市,文山區,木柵路1段280號,木柵路1段280號,<1,less_than,1,0,<1,0.54,7.2
112年11月,臺北市,文山區,興隆路2段234號,興隆路2段234號,<1,less_than,1,0,<1,0.54,7.1
112年11月,臺北市,文山區,景福街19號1樓,景福街19號1樓,<1,less_than,1,0,<1,0.54,7.3
112年11月,臺北市,信義區,莊敬路393號,莊敬路393號,<1,less_than,1,0,<1,0.58,7.2
112年11月,臺北市,中正區,臺北市中正區思源街1號,思源街1號,<1,less_than,1,0,<1,0.56,7.5
112年11月,臺北市,萬華區,西園路1段127號,西園路1段127號,<1,less_than,1,0,<1,0.54,7.6
112年11月,臺北市,萬華區,萬大路423巷115號,萬大路423巷115號,<1,less_than,1,0,<1,0.58,7.5
112年11月,臺北市,萬華區,西藏路171號,西藏路171號,<1,less_than,1,0,<1,0.57,7.4
112年11月,臺北市,萬華區,西藏路171號,西藏路171號,<1,less_than,1,0,<1,0.57,7.5
112年11月,臺北市,萬華區,柳州街62號,柳州街62號,<1,less_than,1,0,<1,0.53,7.5
112年11月,臺北市,大同區,昌吉街118號,昌吉街118號,<1,less_than,1,0,<1,0.5,7.2
112年11月,臺北市,大同區,大龍街126號,大龍街126號,<1,less_than,1,0,<1,0.5,7.3
112年11月,臺北市,大同區,哈密街59巷﹝龍塘綠地﹞,哈密街59巷﹝龍塘綠地﹞,<1,less_than,1,0,<1,0.5,7.2
112年11月,臺北市,大同區,迪化街1段268號,迪化街1段268號,<1,less_than,1,0,<1,0.5,7.2
112年11月,臺北市,大同區,延平北路2段61巷16號,延平北路2段61巷16號,<1,less_than,1,0,<1,0.49,7.2
112年11月,臺北市,中山區,臺北市中山區中山北路1段106-1號,中山北路1段106-1號,<1,less_than,1,0,<1,0.47,7.2
112年11月,臺北市,士林區,後港街38巷臨5之1號,後港街38巷臨5之1號,<1,less_than,1,0,<1,0.5,7.2
112年11月,臺北市,士林區,天母東路69巷30號,天母東路69巷30號,<1,less_than,1,0,<1,0.51,7.2
112年11月,臺北市,士林區,至善路2段322巷口,至善路2段322巷口,<1,less_than,1,0,<1,0.52,7.2
112年11月,臺北市,士林區,華齡街2巷口,華齡街2巷口,<1,less_than,1,0,<1,0.4,7.2
112年11月,臺北市,士林區,中山北路5段460巷1號,中山北路5段460巷1號,<1,less_than,1,0,<1,0.56,6.9
112年11月,臺北市,北投區,行義路1號,行義路1號,<1,less_than,1,0,<1,0.53,7
112年12月,臺北市,大安區,長興街131號,長興街131號,<1,less_than,1,0,<1,0.55,7.7
112年12月,臺北市,中正區,思源街1號,思源街1號,<1,less_than,1,0,<1,0.56,7.6
112年12月,臺北市,內湖區,臺北市內湖區大湖街166巷大湖公園入口旁,大湖街166巷大湖公園入口旁,<1,less_than,1,0,<1,0.52,7.5
112年12月,新北市,新店區,直潭路127號(直潭淨水場),直潭路127號(直潭淨水場),<1,less_than,1,0,<1,0.59,7.2
112年12月,臺北市,信義區,永吉路120巷92號,永吉路120巷92號,<1,less_than,1,0,<1,0.52,7.7
112年12月,臺北市,南港區,研究院路二段1號,研究院路2段1號,<1,less_than,1,0,<1,0.48,7.6
112年12月,臺北市,北投區,興東街1號對面,興東街1號對面,<1,less_than,1,0,<1,0.52,7.5
112年12月,臺北市,士林區,至善路3段110號,至善路3段110號,<1,less_than,1,0,<1,0.51,6.9
112年12月,臺北市,士林區,菁山路101巷79號,菁山路101巷79號,<1,less_than,1,0,<1,0.51,7.7
112年12月,臺北市,中山區,民族東路臨41號,民族東路臨41號,<1,less_than,1,0,<1,0.57,7.5
112年12月,臺北市,北投區,泉源路260號,泉源路260號,<1,less_than,1,0,<1,0.53,7.8
112年12月,臺北市,松山區,延壽街373號,延壽街373號,<1,less_than,1,0,<1,0.49,7.4
112年12月,臺北市,松山區,臺北市松山區八德路2段364巷5弄29號對面,八德路2段364巷5弄29號對面,<1,less_than,1,0,<1,0.54,7.6
112年12月,臺北市,萬華區,桂林路167巷14號（三清宮）,桂林路167巷14號（三清宮）,<1,less_than,1,0,<1,0.51,7.7
112年12月,臺北市,北投區,鹿角坑加壓站 竹子湖路75-1號對面,鹿角坑加壓站 竹子湖路75-1號對面,<1,less_than,1,0,2,0.55,7.8
112年12月,臺北市,大安區,和平東路三段308巷15弄涼亭旁,和平東路3段308巷15弄涼亭旁,<1,less_than,1,0,<1,0.48,7.7
112年12月,臺北市,大安區,大安區四維路52巷1號對面,四維路52巷1號對面,<1,less_than,1,0,<1,0.5,7.7
112年12月,臺北市,中正區,思源街1號,思源街1號,<1,less_than,1,0,<1,0.56,7.4
112年12月,臺北市,文山區,木新路3段55號,木新路3段55號,<1,less_than,1,0,<1,0.5,7.5
112年12月,臺北市,文山區,羅斯福路六段268號,羅斯福路6段268號,<1,less_than,1,0,<1,0.5,7.2
112年12月,臺北市,士林區,格致路198號,格致路198號,<1,less_than,1,0,<1,0.58,7.4
112年12月,臺北市,士林區,至善路二段449號,至善路2段449號,<1,less_than,1,0,<1,0.55,7.4
112年12月,臺北市,中山區,中山北路1段110-7號,中山北路1段110-7號,<1,less_than,1,0,<1,0.5,7.6
112年12月,臺北市,北投區,承德路七段388號對面﹝北投加壓站﹞,承德路7段388號對面﹝北投加壓站﹞,<1,less_than,1,0,<1,0.47,7.6
112年12月,臺北市,內湖區,康樂街206號附近,康樂街206號附近,<1,less_than,1,0,<1,0.6,7.2
112年12月,臺北市,內湖區,康寧路3段99巷17弄26號旁,康寧路3段99巷17弄26號旁,<1,less_than,1,0,<1,0.46,7.2
112年12月,臺北市,松山區,民權東路5段41-1號,民權東路5段41-1號,<1,less_than,1,0,<1,0.49,7.4
112年12月,臺北市,松山區,臺北市松山區南京東路4段52巷16弄口,南京東路4段52巷16弄口,<1,less_than,1,0,<1,0.47,7.2
112年12月,臺北市,松山區,敦化北路199巷9號旁,敦化北路199巷9號旁,<1,less_than,1,0,<1,0.4,7.3
112年12月,臺北市,南港區,中坡南路51號,中坡南路51號,<1,less_than,1,0,<1,0.53,7.3
112年12月,臺北市,大安區,建國南路1段354號,建國南路1段354號,<1,less_than,1,0,<1,0.56,7.3
112年12月,臺北市,大安區,師大路107號,師大路107號,<1,less_than,1,0,<1,0.55,7.4
112年12月,臺北市,文山區,興隆路2段234號,興隆路2段234號,<1,less_than,1,0,<1,0.52,7.2
112年12月,臺北市,文山區,景福街19號1樓,景福街19號1樓,<1,less_than,1,0,<1,0.53,7.2
112年12月,臺北市,文山區,木柵路1段280號,木柵路1段280號,<1,less_than,1,0,<1,0.56,7.2
112年12月,臺北市,信義區,莊敬路393號,莊敬路393號,<1,less_than,1,0,<1,0.56,7.3
112年12月,臺北市,萬華區,西園路1段127號,西園路1段127號,<1,less_than,1,0,<1,0.49,7.3
112年12月,臺北市,萬華區,西藏路171號,西藏路171號,<1,less_than,1,0,<1,0.54,7.3
112年12月,臺北市,萬華區,長泰街8號,長泰街8號,<1,less_than,1,0,<1,0.51,7.3
112年12月,臺北市,萬華區,萬大路423巷115號,萬大路423巷115號,<1,less_than,1,0,<1,0.5,7.3
112年12月,臺北市,萬華區,莒光路176號,莒光路176號,<1,less_than,1,0,<1,0.52,7.3
112年12月,臺北市,萬華區,柳州街62號,柳州街62號,<1,less_than,1,0,<1,0.5,7.3
112年12月,臺北市,大同區,大龍街126號,大龍街126號,<1,less_than,1,0,<1,0.51,7.3
112年12月,臺北市,大同區,延平北路2段61巷16號,延平北路2段61巷16號,<1,less_than,1,0,<1,0.49,7.3
112年12月,臺北市,大同區,昌吉街118號,昌吉街118號,<1,less_than,1,0,<1,0.55,7.2
112年12月,臺北市,大同區,迪化街1段268號,迪化街1段268號,<1,less_than,1,0,<1,0.52,7.2
112年12月,臺北市,大同區,哈密街59巷﹝龍塘綠地﹞,哈密街59巷﹝龍塘綠地﹞,<1,less_than,1,0,<1,0.56,7.2
112年12月,臺北市,中山區,中山北路1段110-7號,中山北路1段110-7號,<1,less_than,1,0,<1,0.55,7.3
112年12月,臺北市,士林區,至善路2段322巷口,至善路2段322巷口,<1,less_than,1,0,<1,0.53,7.2
112年12月,臺北市,士林區,天母東路69巷30號,天母東路69巷30號,<1,less_than,1,0,<1,0.53,7.1
112年12月,臺北市,士林區,後港街38巷臨5之1號,後港街38巷臨5之1號,<1,less_than,1,0,<1,0.53,7.2
112年12月,臺北市,士林區,華齡街2巷口,華齡街2巷口,<1,less_than,1,0,<1,0.45,7.2
112年12月,臺北市,士林區,中山北路5段460巷1號,中山北路5段460巷1號,<1,less_than,1,0,<1,0.55,6.9
112年12月,臺北市,北投區,行義路1號,行義路1號,<1,less_than,1,0,<1,0.55,7
113年1月,臺北市,大安區,長興街131號,長興街131號,<1,less_than,1,0,<1,0.49,7.5
113年1月,臺北市,中正區,思源街1號,思源街1號,<1,less_than,1,0,<1,0.56,7.5
113年1月,新北市,新店區,直潭路127號(直潭淨水場),直潭路127號(直潭淨水場),<1,less_than,1,0,<1,0.5,7.1
113年1月,臺北市,士林區,菁山路101巷79號,菁山路101巷79號,<1,less_than,1,0,<1,0.53,7.9
113年1月,臺北市,士林區,至善路3段110號,至善路3段110號,<1,less_than,1,0,<1,0.54,7.3
113年1月,臺北市,北投區,鹿角坑加壓站 竹子湖路75-1號對面,鹿角坑加壓站 竹子湖路75-1號對面,<1,less_than,1,0,<1,0.57,7.9
113年1月,臺北市,北投區,泉源路260號,泉源路260號,<1,less_than,1,0,<1,0.54,8
113年1月,臺北市,內湖區,臺北市內湖區大湖街166巷大湖公園入口旁,大湖街166巷大湖公園入口旁,<1,less_than,1,0,<1,0.45,7.4
113年1月,臺北市,信義區,永吉路120巷92號,永吉路120巷92號,<1,less_than,1,0,<1,0.46,7.4
113年1月,臺北市,北投區,興東街1號對面,興東街1號對面,<1,less_than,1,0,<1,0.44,7.3
113年1月,臺北市,南港區,研究院路二段1號,研究院路2段1號,<1,less_than,1,0,<1,0.37,7.3
113年1月,臺北市,中山區,民族東路臨41號,民族東路臨41號,<1,less_than,1,0,<1,0.53,7.4
113年1月,臺北市,松山區,臺北市松山區八德路2段364巷5弄29號對面,八德路2段364巷5弄29號對面,<1,less_than,1,0,<1,0.47,7.5
113年1月,臺北市,松山區,延壽街373號,延壽街373號,<1,less_than,1,0,<1,0.52,7.4
113年1月,臺北市,萬華區,桂林路167巷14號（三清宮）,桂林路167巷14號（三清宮）,<1,less_than,1,0,<1,0.47,7.5
113年1月,臺北市,大安區,和平東路三段308巷15弄涼亭旁,和平東路3段308巷15弄涼亭旁,<1,less_than,1,0,<1,0.39,7.4
113年1月,臺北市,大安區,大安區四維路52巷1號對面,四維路52巷1號對面,<1,less_than,1,0,<1,0.45,7.5
113年1月,臺北市,中正區,思源街1號,思源街1號,<1,less_than,1,0,<1,0.48,7.3
113年1月,臺北市,文山區,木新路3段55號,木新路3段55號,<1,less_than,1,0,<1,0.49,7.3
113年1月,臺北市,文山區,羅斯福路六段268號,羅斯福路6段268號,<1,less_than,1,0,<1,0.51,7.7
113年1月,臺北市,士林區,至善路二段449號,至善路2段449號,<1,less_than,1,0,<1,0.53,7.6
113年1月,臺北市,士林區,格致路198號,格致路198號,<1,less_than,1,0,<1,0.44,7.5
113年1月,臺北市,中山區,中山北路1段110-7號,中山北路1段110-7號,<1,less_than,1,0,<1,0.5,7.6
113年1月,臺北市,北投區,承德路七段388號對面﹝北投加壓站﹞,承德路7段388號對面﹝北投加壓站﹞,<1,less_than,1,0,<1,0.48,7.6
113年1月,臺北市,內湖區,康寧路3段99巷17弄26號旁,康寧路3段99巷17弄26號旁,<1,less_than,1,0,<1,0.47,7.4
113年1月,臺北市,內湖區,康樂街206號附近,康樂街206號附近,<1,less_than,1,0,<1,0.47,7.3
113年1月,臺北市,松山區,民權東路5段41-1號,民權東路5段41-1號,<1,less_than,1,0,<1,0.49,7.4
113年1月,臺北市,松山區,臺北市松山區南京東路4段52巷16弄口,南京東路4段52巷16弄口,<1,less_than,1,0,<1,0.48,7.3
113年1月,臺北市,松山區,敦化北路199巷9號旁,敦化北路199巷9號旁,<1,less_than,1,0,<1,0.45,7.4
113年1月,臺北市,南港區,中坡南路51號,中坡南路51號,<1,less_than,1,0,<1,0.48,7.4
113年1月,臺北市,大安區,建國南路1段354號,建國南路1段354號,<1,less_than,1,0,<1,0.5,7.5
113年1月,臺北市,大安區,師大路105巷與師大路口,師大路105巷與師大路口,<1,less_than,1,0,<1,0.5,7.5
113年1月,臺北市,文山區,木柵路1段280號,木柵路1段280號,<1,less_than,1,0,<1,0.55,7.4
113年1月,臺北市,文山區,景福街19號1樓,景福街19號1樓,<1,less_than,1,0,<1,0.48,7.3
113年1月,臺北市,文山區,興隆路2段234號,興隆路2段234號,<1,less_than,1,0,<1,0.53,7.3
113年1月,臺北市,信義區,莊敬路393號,莊敬路393號,<1,less_than,1,0,<1,0.51,7.5
113年1月,臺北市,萬華區,西藏路171號,西藏路171號,<1,less_than,1,0,<1,0.51,7.5
113年1月,臺北市,萬華區,西園路1段127號,西園路1段127號,<1,less_than,1,0,<1,0.51,7.5
113年1月,臺北市,萬華區,長泰街8號,長泰街8號,<1,less_than,1,0,<1,0.49,7.5
113年1月,臺北市,萬華區,柳州街62號,柳州街62號,<1,less_than,1,0,<1,0.5,7.5
113年1月,臺北市,萬華區,莒光路176號,莒光路176號,<1,less_than,1,0,<1,0.51,7.5
113年1月,臺北市,萬華區,萬大路423巷115號,萬大路423巷115號,<1,less_than,1,0,<1,0.49,7.5
113年1月,臺北市,大同區,哈密街59巷﹝龍塘綠地﹞,哈密街59巷﹝龍塘綠地﹞,<1,less_than,1,0,<1,0.43,7.3
113年1月,臺北市,大同區,延平北路2段61巷16號,延平北路2段61巷16號,<1,less_than,1,0,<1,0.44,7.2
113年1月,臺北市,大同區,迪化街1段268號,迪化街1段268號,<1,less_than,1,0,<1,0.44,7.1
113年1月,臺北市,大同區,大龍街126號,大龍街126號,<1,less_than,1,0,<1,0.47,7.2
113年1月,臺北市,大同區,昌吉街118號,昌吉街118號,<1,less_than,1,0,<1,0.47,7.2
113年1月,臺北市,中山區,長安西路38號,長安西路38號,<1,less_than,1,0,<1,0.44,7.2
113年1月,臺北市,士林區,天母東路69巷30號,天母東路69巷30號,<1,less_than,1,0,<1,0.5,7.1
113年1月,臺北市,士林區,後港街38巷臨5之1號,後港街38巷臨5之1號,<1,less_than,1,0,<1,0.46,7.1
113年1月,臺北市,士林區,至善路2段322巷口,至善路2段322巷口,<1,less_than,1,0,<1,0.45,7.3
113年1月,臺北市,士林區,華齡街2巷口,華齡街2巷口,<1,less_than,1,0,<1,0.4,7.1
113年1月,臺北市,士林區,中山北路5段460巷1號,中山北路5段460巷1號,<1,less_than,1,0,<1,0.56,7
113年1月,臺北市,北投區,行義路1號,行義路1號,<1,less_than,1,0,<1,0.47,7
113年2月,臺北市,大安區,建國南路1段354號,建國南路1段354號,<1,less_than,1,0,<1,0.52,7.3
113年2月,臺北市,大安區,師大路105巷與師大路口,師大路105巷與師大路口,<1,less_than,1,0,<1,0.54,7.3
113年2月,臺北市,松山區,民族東路765號對面公園,民族東路765號對面公園,<1,less_than,1,0,<1,0.54,7.3
113年2月,臺北市,內湖區,臺北市內湖區大湖街166巷大湖公園入口旁,大湖街166巷大湖公園入口旁,<1,less_than,1,0,<1,0.45,7.4
113年2月,臺北市,文山區,木柵路1段280號,木柵路1段280號,<1,less_than,1,0,<1,0.56,7.3
113年2月,臺北市,文山區,興隆路2段234號,興隆路2段234號,<1,less_than,1,0,<1,0.55,7.3
113年2月,臺北市,文山區,景福街19號1樓,景福街19號1樓,<1,less_than,1,0,<1,0.56,7.3
113年2月,臺北市,松山區,臺北市松山區八德路2段364巷5弄29號對面,八德路2段364巷5弄29號對面,<1,less_than,1,0,<1,0.5,7.5
113年2月,臺北市,松山區,延壽街373號,延壽街373號,<1,less_than,1,0,<1,0.49,7.3
113年2月,臺北市,信義區,莊敬路393號,莊敬路393號,<1,less_than,1,0,<1,0.55,7.3
113年2月,臺北市,信義區,永吉路120巷92號,永吉路120巷92號,<1,less_than,1,0,<1,0.49,7.5
113年2月,臺北市,北投區,興東街1號對面,興東街1號對面,<1,less_than,1,0,<1,0.41,7.3
113年2月,臺北市,南港區,研究院路二段1號,研究院路2段1號,<1,less_than,1,0,<1,0.41,7.3
113年2月,臺北市,萬華區,萬大路423巷115號,萬大路423巷115號,<1,less_than,1,0,<1,0.56,7.2
113年2月,臺北市,萬華區,西藏路171號,西藏路171號,<1,less_than,1,0,<1,0.54,7.2
113年2月,臺北市,萬華區,桂林路167巷14號（三清宮）,桂林路167巷14號（三清宮）,<1,less_than,1,0,<1,0.44,7.5
113年2月,臺北市,萬華區,柳州街62號,柳州街62號,<1,less_than,1,0,<1,0.49,7.2
113年2月,臺北市,萬華區,長泰街8號,長泰街8號,<1,less_than,1,0,<1,0.54,7.2
113年2月,臺北市,萬華區,西園路1段127號,西園路1段127號,<1,less_than,1,0,<1,0.54,7.2
113年2月,臺北市,萬華區,莒光路176號,莒光路176號,<1,less_than,1,0,<1,0.58,7.2
113年2月,臺北市,士林區,至善路二段449號,至善路2段449號,<1,less_than,1,0,<1,0.53,7.6
113年2月,臺北市,士林區,格致路198號,格致路198號,<1,less_than,1,0,<1,0.56,7.5
113年2月,臺北市,大安區,大安區四維路52巷1號對面,四維路52巷1號對面,<1,less_than,1,0,<1,0.45,7.6
113年2月,臺北市,大安區,和平東路三段308巷15弄涼亭旁,和平東路3段308巷15弄涼亭旁,<1,less_than,1,0,<1,0.54,7.6
113年2月,臺北市,中山區,中山北路1段110-7號,中山北路1段110-7號,<1,less_than,1,0,<1,0.51,7.6
113年2月,臺北市,中正區,思源街1號,思源街1號,<1,less_than,1,0,<1,0.5,7.5
113年2月,臺北市,內湖區,康寧路3段99巷17弄26號旁,康寧路3段99巷17弄26號旁,<1,less_than,1,0,<1,0.49,7.5
113年2月,臺北市,內湖區,內溝里康樂街206-4號旁附近,內溝里康樂街206-4號旁附近,<1,less_than,1,0,<1,0.49,7.4
113年2月,臺北市,文山區,羅斯福路六段268號,羅斯福路6段268號,<1,less_than,1,0,<1,0.4,7.7
113年2月,臺北市,文山區,木新路3段55號,木新路3段55號,<1,less_than,1,0,<1,0.36,7.5
113年2月,臺北市,北投區,承德路七段388號對面﹝北投加壓站﹞,承德路7段388號對面﹝北投加壓站﹞,<1,less_than,1,0,<1,0.52,7.6
113年2月,臺北市,松山區,民權東路5段41-1號,民權東路5段41-1號,<1,less_than,1,0,<1,0.56,7.5
113年2月,臺北市,松山區,敦化北路199巷9號旁,敦化北路199巷9號旁,<1,less_than,1,0,<1,0.43,7.4
113年2月,臺北市,松山區,臺北市松山區南京東路4段52巷16弄口,南京東路4段52巷16弄口,<1,less_than,1,0,<1,0.52,7.4
113年2月,臺北市,南港區,中坡南路51號,中坡南路51號,<1,less_than,1,0,<1,0.47,7.6
113年2月,臺北市,大同區,哈密街59巷﹝龍塘綠地﹞,哈密街59巷﹝龍塘綠地﹞,<1,less_than,1,0,<1,0.52,7.3
113年2月,臺北市,大同區,迪化街1段268號,迪化街1段268號,<1,less_than,1,0,<1,0.49,7.1
113年2月,臺北市,大同區,昌吉街118號,昌吉街118號,<1,less_than,1,0,<1,0.49,7.2
113年2月,臺北市,大同區,延平北路2段61巷16號,延平北路2段61巷16號,<1,less_than,1,0,<1,0.45,7.1
113年2月,臺北市,大同區,大龍街126號,大龍街126號,<1,less_than,1,0,<1,0.51,7.3
113年2月,臺北市,大安區,長興街131號,長興街131號,<1,less_than,1,0,<1,0.56,7.5
113年2月,臺北市,中山區,臺北市中山區中山北路1段106-1號,中山北路1段106-1號,<1,less_than,1,0,<1,0.42,7.2
113年2月,臺北市,中正區,思源街1號,思源街1號,<1,less_than,1,0,<1,0.58,7.6
113年2月,新北市,新店區,直潭路127號(直潭淨水場),直潭路127號(直潭淨水場),<1,less_than,1,0,<1,0.48,7.2
113年2月,臺北市,士林區,天母東路69巷30號,天母東路69巷30號,<1,less_than,1,0,<1,0.45,7.3
113年2月,臺北市,士林區,至善路2段322巷口,至善路2段322巷口,<1,less_than,1,0,<1,0.52,7.5
113年2月,臺北市,士林區,後港街38巷臨5之1號,後港街38巷臨5之1號,<1,less_than,1,0,<1,0.44,7.4
113年2月,臺北市,士林區,華齡街2巷口,華齡街2巷口,<1,less_than,1,0,<1,0.41,7.4
113年2月,臺北市,士林區,至善路3段110號,至善路3段110號,<1,less_than,1,0,<1,0.56,7.3
113年2月,臺北市,士林區,菁山路101巷79號,菁山路101巷79號,<1,less_than,1,0,<1,0.54,7.8
113年2月,臺北市,士林區,中山北路5段460巷1號,中山北路5段460巷1號,<1,less_than,1,0,<1,0.47,7.1
113年2月,臺北市,北投區,行義路1號,行義路1號,<1,less_than,1,0,<1,0.41,7.1
113年2月,臺北市,北投區,泉源路260號,泉源路260號,<1,less_than,1,0,<1,0.55,8.1
113年2月,臺北市,北投區,鹿角坑加壓站 竹子湖路75-1號對面,鹿角坑加壓站 竹子湖路75-1號對面,<1,less_than,1,0,<1,0.53,8
113年3月,臺北市,內湖區,臺北市內湖區大湖街166巷大湖公園入口旁,大湖街166巷大湖公園入口旁,<1,less_than,1,0,<1,0.34,7.5
113年3月,臺北市,信義區,永吉路120巷92號,永吉路120巷92號,<1,less_than,1,0,<1,0.56,7.4
113年3月,臺北市,南港區,研究院路二段1號,研究院路2段1號,<1,less_than,1,0,<1,0.4,7.5
113年3月,臺北市,北投區,興東街1號對面,興東街1號對面,<1,less_than,1,0,<1,0.45,7.5
113年3月,臺北市,萬華區,西園路1段127號,西園路1段127號,<1,less_than,1,0,<1,0.56,7.5
113年3月,臺北市,萬華區,長泰街8號,長泰街8號,<1,less_than,1,0,<1,0.55,7.5
113年3月,臺北市,萬華區,莒光路176號,莒光路176號,<1,less_than,1,0,<1,0.54,7.4
113年3月,臺北市,萬華區,西藏路171號,西藏路171號,<1,less_than,1,0,<1,0.53,7.5
113年3月,臺北市,萬華區,萬大路423巷115號,萬大路423巷115號,<1,less_than,1,0,<1,0.53,7.5
113年3月,臺北市,萬華區,柳州街62號,柳州街62號,<1,less_than,1,0,<1,0.55,7.5
113年3月,臺北市,大同區,延平北路2段61巷16號,延平北路2段61巷16號,<1,less_than,1,0,<1,0.41,7.3
113年3月,臺北市,大同區,大龍街126號,大龍街126號,<1,less_than,1,0,<1,0.43,7.4
113年3月,臺北市,大同區,迪化街1段268號,迪化街1段268號,<1,less_than,1,0,<1,0.46,7.3
113年3月,臺北市,大同區,昌吉街118號,昌吉街118號,<1,less_than,1,0,<1,0.46,7.4
113年3月,臺北市,大同區,哈密街59巷﹝龍塘綠地﹞,哈密街59巷﹝龍塘綠地﹞,<1,less_than,1,0,<1,0.45,7.4
113年3月,臺北市,松山區,民族東路765號對面公園,民族東路765號對面公園,<1,less_than,1,0,<1,0.45,7.4
113年3月,臺北市,中山區,臺北市中山區中山北路1段106-1號,中山北路1段106-1號,<1,less_than,1,0,<1,0.45,7.4
113年3月,臺北市,松山區,延壽街373號,延壽街373號,<1,less_than,1,0,<1,0.38,7.5
113年3月,臺北市,松山區,八德路二段366巷21-2號對面,八德路2段366巷21-2號對面,<1,less_than,1,0,<1,0.44,7.5
113年3月,臺北市,萬華區,桂林路167巷14號（三清宮）,桂林路167巷14號（三清宮）,<1,less_than,1,0,<1,0.43,7.5
113年3月,臺北市,士林區,華齡街2巷口,華齡街2巷口,<1,less_than,1,0,<1,0.4,7.3
113年3月,臺北市,士林區,至善路2段322巷口,至善路2段322巷口,<1,less_than,1,0,<1,0.55,7.3
113年3月,臺北市,士林區,後港街38巷臨5之1號,後港街38巷臨5之1號,<1,less_than,1,0,<1,0.43,7.1
113年3月,臺北市,士林區,天母東路69巷30號,天母東路69巷30號,<1,less_than,1,0,<1,0.47,7.3
113年3月,臺北市,士林區,中山北路5段460巷1號,中山北路5段460巷1號,<1,less_than,1,0,<1,0.47,7
113年3月,臺北市,北投區,行義路1號,行義路1號,<1,less_than,1,0,<1,0.49,7.2
113年3月,臺北市,大安區,和平東路三段308巷15弄涼亭旁,和平東路3段308巷15弄涼亭旁,<1,less_than,1,0,<1,0.43,7.4
113年3月,臺北市,大安區,大安區四維路52巷1號對面,四維路52巷1號對面,<1,less_than,1,0,<1,0.51,7.3
113年3月,臺北市,中正區,臺北市中正區思源街1號,思源街1號,<1,less_than,1,0,<1,0.49,7.4
113年3月,臺北市,文山區,木新路3段55號,木新路3段55號,<1,less_than,1,0,<1,0.44,7.4
113年3月,臺北市,文山區,羅斯福路六段268號,羅斯福路6段268號,<1,less_than,1,0,<1,0.46,7.4
113年3月,臺北市,士林區,格致路198號,格致路198號,<1,less_than,1,0,<1,0.53,7.2
113年3月,臺北市,士林區,至善路二段449號,至善路2段449號,<1,less_than,1,0,<1,0.48,7.4
113年3月,臺北市,中山區,中山北路1段110-7號,中山北路1段110-7號,<1,less_than,1,0,<1,0.45,7.5
113年3月,臺北市,北投區,承德路七段388號對面﹝北投加壓站﹞,承德路7段388號對面﹝北投加壓站﹞,<1,less_than,1,0,<1,0.39,7.6
113年3月,臺北市,內湖區,康樂街206號附近,康樂街206號附近,<1,less_than,1,0,<1,0.44,7.4
113年3月,臺北市,內湖區,康寧路3段99巷17弄26號旁,康寧路3段99巷17弄26號旁,<1,less_than,1,0,<1,0.52,7.3
113年3月,臺北市,松山區,民權東路5段41-1號,民權東路5段41-1號,<1,less_than,1,0,<1,0.5,7
113年3月,臺北市,松山區,敦化北路199巷9號旁,敦化北路199巷9號旁,<1,less_than,1,0,<1,0.41,7.3
113年3月,臺北市,松山區,臺北市松山區南京東路4段52巷16弄口,南京東路4段52巷16弄口,<1,less_than,1,0,<1,0.45,7.3
113年3月,臺北市,南港區,中坡南路51號,中坡南路51號,<1,less_than,1,0,<1,0.47,7.2
113年3月,臺北市,大安區,師大路105巷與師大路口,師大路105巷與師大路口,3,number,3,1,12,0.54,7.4
113年3月,臺北市,大安區,建國南路1段354號,建國南路1段354號,<1,less_than,1,0,<1,0.54,7.4
113年3月,臺北市,文山區,木柵路1段280號,木柵路1段280號,<1,less_than,1,0,<1,0.54,7.3
113年3月,臺北市,文山區,景福街19號1樓,景福街19號1樓,<1,less_than,1,0,<1,0.47,7.5
113年3月,臺北市,文山區,興隆路2段234號,興隆路2段234號,<1,less_than,1,0,<1,0.56,7.3
113年3月,臺北市,信義區,莊敬路393號,莊敬路393號,<1,less_than,1,0,<1,0.51,7.4
113年3月,臺北市,大安區,長興街131號,長興街131號,<1,less_than,1,0,<1,0.54,7.3
113年3月,臺北市,中正區,臺北市中正區思源街1號,思源街1號,<1,less_than,1,0,<1,0.52,7.3
113年3月,新北市,新店區,新北市新店區直潭路127號,直潭路127號,<1,less_than,1,0,<1,0.5,7.2
113年3月,臺北市,士林區,菁山路101巷79號,菁山路101巷79號,<1,less_than,1,0,<1,0.49,7.8
113年3月,臺北市,士林區,至善路3段110號,至善路3段110號,<1,less_than,1,0,<1,0.55,7.4
113年3月,臺北市,北投區,泉源路260號,泉源路260號,<1,less_than,1,0,<1,0.66,8
113年3月,臺北市,北投區,泉源路260號,泉源路260號,<1,less_than,1,0,<1,0.59,8
113年4月,臺北市,內湖區,臺北市內湖區大湖街166巷大湖公園入口旁,大湖街166巷大湖公園入口旁,<1,less_than,1,0,<1,0.44,7.3
113年4月,臺北市,信義區,永吉路120巷92號,永吉路120巷92號,<1,less_than,1,0,<1,0.45,7.3
113年4月,臺北市,南港區,研究院路二段1號,研究院路2段1號,<1,less_than,1,0,<1,0.33,7.5
113年4月,臺北市,北投區,興東街1號對面,興東街1號對面,<1,less_than,1,0,<1,0.42,7.4
113年4月,臺北市,內湖區,內溝里康樂街206-4號旁附近,內溝里康樂街206-4號旁附近,<1,less_than,1,0,<1,0.45,7.3
113年4月,臺北市,內湖區,康寧路3段99巷17弄26號旁,康寧路3段99巷17弄26號旁,<1,less_than,1,0,<1,0.47,7.3
113年4月,臺北市,松山區,敦化北路199巷9號旁,敦化北路199巷9號旁,<1,less_than,1,0,<1,0.42,7.6
113年4月,臺北市,松山區,臺北市松山區南京東路4段52巷16弄口,南京東路4段52巷16弄口,<1,less_than,1,0,<1,0.51,7.3
113年4月,臺北市,松山區,民權東路5段41-1號,民權東路5段41-1號,<1,less_than,1,0,<1,0.51,7.3
113年4月,臺北市,南港區,中坡南路51號,中坡南路51號,<1,less_than,1,0,<1,0.47,7.4
113年4月,臺北市,大安區,建國南路1段354號,建國南路1段354號,<1,less_than,1,0,<1,0.57,7.2
113年4月,臺北市,大安區,師大路105巷與師大路口,師大路105巷與師大路口,<1,less_than,1,0,<1,0.58,7.2
113年4月,臺北市,文山區,景福街19號1樓,景福街19號1樓,<1,less_than,1,0,<1,0.51,7.3
113年4月,臺北市,文山區,木柵路1段280號,木柵路1段280號,<1,less_than,1,0,<1,0.58,7.2
113年4月,臺北市,文山區,興隆路2段234號,興隆路2段234號,<1,less_than,1,0,<1,0.56,7.2
113年4月,臺北市,信義區,莊敬路393號,莊敬路393號,<1,less_than,1,0,<1,0.52,7.2
113年4月,臺北市,松山區,民族東路765號對面公園,民族東路765號對面公園,<1,less_than,1,0,<1,0.51,7.2
113年4月,臺北市,松山區,延壽街373號,延壽街373號,<1,less_than,1,0,<1,0.44,7.2
113年4月,臺北市,松山區,臺北市松山區八德路2段364巷5弄29號對面,八德路2段364巷5弄29號對面,<1,less_than,1,0,<1,0.46,7.3
113年4月,臺北市,萬華區,桂林路167巷14號（三清宮）,桂林路167巷14號（三清宮）,<1,less_than,1,0,<1,0.5,7.3
113年4月,臺北市,大安區,大安區四維路52巷1號對面,四維路52巷1號對面,<1,less_than,1,0,<1,0.47,7.4
113年4月,臺北市,大安區,和平東路三段308巷15弄涼亭旁,和平東路3段308巷15弄涼亭旁,<1,less_than,1,0,<1,0.47,7.4
113年4月,臺北市,中正區,思源街1號,思源街1號,<1,less_than,1,0,<1,0.42,7.3
113年4月,臺北市,文山區,羅斯福路六段268號,羅斯福路6段268號,<1,less_than,1,0,<1,0.45,7.5
113年4月,臺北市,文山區,木新路3段55號,木新路3段55號,<1,less_than,1,0,<1,0.41,7.4
113年4月,臺北市,士林區,至善路二段449號,至善路2段449號,<1,less_than,1,0,<1,0.55,7.6
113年4月,臺北市,士林區,格致路198號,格致路198號,<1,less_than,1,0,<1,0.5,7.8
113年4月,臺北市,中山區,中山北路1段110-7號,中山北路1段110-7號,<1,less_than,1,0,<1,0.48,7.5
113年4月,臺北市,北投區,承德路七段388號對面﹝北投加壓站﹞,承德路7段388號對面﹝北投加壓站﹞,<1,less_than,1,0,<1,0.38,7.7
113年4月,臺北市,萬華區,西園路1段127號,西園路1段127號,<1,less_than,1,0,<1,0.55,7.3
113年4月,臺北市,萬華區,西藏路171號,西藏路171號,<1,less_than,1,0,<1,0.58,7.2
113年4月,臺北市,萬華區,長泰街8號,長泰街8號,<1,less_than,1,0,<1,0.58,7.3
113年4月,臺北市,萬華區,莒光路176號,莒光路176號,<1,less_than,1,0,<1,0.56,7.3
113年4月,臺北市,萬華區,萬大路423巷115號,萬大路423巷115號,<1,less_than,1,0,<1,0.57,7.3
113年4月,臺北市,萬華區,柳州街62號,柳州街62號,<1,less_than,1,0,<1,0.55,7.3
113年4月,臺北市,大同區,哈密街59巷﹝龍塘綠地﹞,哈密街59巷﹝龍塘綠地﹞,<1,less_than,1,0,<1,0.51,7.4
113年4月,臺北市,大同區,延平北路2段61巷16號,延平北路2段61巷16號,<1,less_than,1,0,<1,0.47,7.3
113年4月,臺北市,大同區,大龍街126號,大龍街126號,<1,less_than,1,0,<1,0.54,7.4
113年4月,臺北市,大同區,昌吉街118號,昌吉街118號,<1,less_than,1,0,<1,0.51,7.4
113年4月,臺北市,大同區,迪化街1段268號,迪化街1段268號,<1,less_than,1,0,<1,0.48,7.4
113年4月,臺北市,大安區,長興街131號,長興街131號,<1,less_than,1,0,<1,0.54,7.3
113年4月,臺北市,中山區,臺北市中山區中山北路1段106-1號,中山北路1段106-1號,<1,less_than,1,0,<1,0.47,7.4
113年4月,臺北市,中正區,思源街1號,思源街1號,<1,less_than,1,0,<1,0.58,7.2
113年4月,新北市,新店區,直潭路127號(直潭淨水場),直潭路127號(直潭淨水場),<1,less_than,1,0,<1,0.47,7.3
113年4月,臺北市,士林區,後港街38巷臨5之1號,後港街38巷臨5之1號,<1,less_than,1,0,<1,0.46,7.3
113年4月,臺北市,士林區,天母東路69巷30號,天母東路69巷30號,<1,less_than,1,0,<1,0.45,7.4
113年4月,臺北市,士林區,至善路2段322巷口,至善路2段322巷口,<1,less_than,1,0,<1,0.41,7.3
113年4月,臺北市,士林區,至善路3段110號,至善路3段110號,<1,less_than,1,0,<1,0.55,7.2
113年4月,臺北市,士林區,菁山路101巷79號,菁山路101巷79號,<1,less_than,1,0,<1,0.61,7.8
113年4月,臺北市,士林區,華齡街2巷口,華齡街2巷口,<1,less_than,1,0,<1,0.43,7.3
113年4月,臺北市,士林區,中山北路5段460巷1號,中山北路5段460巷1號,<1,less_than,1,0,<1,0.49,7.3
113年4月,臺北市,北投區,鹿角坑加壓站 竹子湖路75-1號對面,鹿角坑加壓站 竹子湖路75-1號對面,<1,less_than,1,0,<1,0.57,8
113年4月,臺北市,北投區,行義路1號,行義路1號,<1,less_than,1,0,<1,0.5,7.1
113年4月,臺北市,北投區,泉源路260號,泉源路260號,<1,less_than,1,0,<1,0.56,8
113年5月,臺北市,內湖區,康樂街206號附近,康樂街206號附近,<1,less_than,1,0,<1,0.47,7.4
113年5月,臺北市,內湖區,康寧路3段99巷17弄26號旁,康寧路3段99巷17弄26號旁,<1,less_than,1,0,<1,0.46,7.4
113年5月,臺北市,內湖區,臺北市內湖區大湖街166巷大湖公園入口旁,大湖街166巷大湖公園入口旁,<1,less_than,1,0,<1,0.46,7.5
113年5月,臺北市,松山區,臺北市松山區南京東路4段52巷16弄口,南京東路4段52巷16弄口,<1,less_than,1,0,<1,0.52,7.4
113年5月,臺北市,松山區,敦化北路199巷9號旁,敦化北路199巷9號旁,<1,less_than,1,0,<1,0.34,7.4
113年5月,臺北市,松山區,民權東路5段41-1號,民權東路5段41-1號,<1,less_than,1,0,<1,0.49,7.6
113年5月,臺北市,信義區,永吉路120巷92號,永吉路120巷92號,<1,less_than,1,0,<1,0.58,7.5
113年5月,臺北市,南港區,研究院路二段1號,研究院路2段1號,<1,less_than,1,0,<1,0.45,7.4
113年5月,臺北市,南港區,中坡南路51號,中坡南路51號,<1,less_than,1,0,<1,0.5,7.3
113年5月,臺北市,北投區,興東街1號對面,興東街1號對面,<1,less_than,1,0,<1,0.31,7.4
113年5月,臺北市,松山區,民族東路765號對面公園,民族東路765號對面公園,<1,less_than,1,0,<1,0.49,7.4
113年5月,臺北市,松山區,臺北市松山區八德路2段364巷5弄29號對面,八德路2段364巷5弄29號對面,<1,less_than,1,0,<1,0.52,7.5
113年5月,臺北市,松山區,延壽街373號,延壽街373號,<1,less_than,1,0,<1,0.43,7.4
113年5月,臺北市,萬華區,桂林路167巷14號（三清宮）,桂林路167巷14號（三清宮）,<1,less_than,1,0,<1,0.42,7.4
113年5月,臺北市,大安區,建國南路1段354號,建國南路1段354號,<1,less_than,1,0,<1,0.6,7.6
113年5月,臺北市,大安區,師大路105巷與師大路口,師大路105巷與師大路口,<1,less_than,1,0,<1,0.59,7.6
113年5月,臺北市,文山區,興隆路2段234號,興隆路2段234號,<1,less_than,1,0,<1,0.55,7.6
113年5月,臺北市,文山區,景福街19號1樓,景福街19號1樓,<1,less_than,1,0,<1,0.53,7.5
113年5月,臺北市,文山區,木柵路1段280號,木柵路1段280號,<1,less_than,1,0,<1,0.53,7.4
113年5月,臺北市,信義區,莊敬路393號,莊敬路393號,<1,less_than,1,0,<1,0.6,7.5
113年5月,臺北市,萬華區,西藏路171號,西藏路171號,<1,less_than,1,0,<1,0.6,7.5
113年5月,臺北市,萬華區,長泰街8號,長泰街8號,<1,less_than,1,0,<1,0.4,7.4
113年5月,臺北市,萬華區,西園路1段127號,西園路1段127號,<1,less_than,1,0,<1,0.59,7.6
113年5月,臺北市,萬華區,莒光路176號,莒光路176號,<1,less_than,1,0,<1,0.61,7.5
113年5月,臺北市,萬華區,萬大路423巷115號,萬大路423巷115號,<1,less_than,1,0,<1,0.58,7.4
113年5月,臺北市,萬華區,柳州街62號,柳州街62號,<1,less_than,1,0,<1,0.6,7.6
113年5月,臺北市,大同區,延平北路2段61巷16號,延平北路2段61巷16號,<1,less_than,1,0,<1,0.41,7.1
113年5月,臺北市,大同區,昌吉街118號,昌吉街118號,<1,less_than,1,0,<1,0.44,7.2
113年5月,臺北市,大同區,大龍街126號,大龍街126號,<1,less_than,1,0,<1,0.45,7.3
113年5月,臺北市,大同區,迪化街1段268號,迪化街1段268號,<1,less_than,1,0,<1,0.46,7.1
113年5月,臺北市,大同區,哈密街59巷﹝龍塘綠地﹞,哈密街59巷﹝龍塘綠地﹞,<1,less_than,1,0,<1,0.44,7.2
113年5月,臺北市,中山區,臺北市中山區中山北路1段106-1號,中山北路1段106-1號,<1,less_than,1,0,<1,0.42,7.2
113年5月,臺北市,士林區,至善路2段322巷口,至善路2段322巷口,<1,less_than,1,0,<1,0.42,7.4
113年5月,臺北市,士林區,天母東路69巷30號,天母東路69巷30號,<1,less_than,1,0,<1,0.43,7.5
113年5月,臺北市,士林區,後港街38巷臨5之1號,後港街38巷臨5之1號,<1,less_than,1,0,<1,0.43,7.4
113年5月,臺北市,士林區,華齡街2巷口,華齡街2巷口,<1,less_than,1,0,<1,0.4,7.5
113年5月,臺北市,士林區,中山北路5段460巷1號,中山北路5段460巷1號,<1,less_than,1,0,<1,0.46,7.4
113年5月,臺北市,北投區,行義路1號,行義路1號,<1,less_than,1,0,<1,0.4,7.2
113年5月,臺北市,大安區,長興街131號,長興街131號,<1,less_than,1,0,<1,0.53,7.4
113年5月,臺北市,中正區,思源街1號,思源街1號,<1,less_than,1,0,<1,0.56,7.5
113年5月,新北市,新店區,直潭路127號(直潭淨水場),直潭路127號(直潭淨水場),<1,less_than,1,0,<1,0.5,7.1
113年5月,臺北市,士林區,至善路3段110號,至善路3段110號,<1,less_than,1,0,<1,0.52,7.4
113年5月,臺北市,士林區,菁山路101巷79號,菁山路101巷79號,<1,less_than,1,0,<1,0.58,7.9
113年5月,臺北市,北投區,泉源路260號,泉源路260號,<1,less_than,1,0,<1,0.53,8.2
113年5月,臺北市,北投區,鹿角坑加壓站 竹子湖路75-1號對面,鹿角坑加壓站 竹子湖路75-1號對面,<1,less_than,1,0,<1,0.59,7.9
113年5月,臺北市,大安區,大安區四維路52巷1號對面,四維路52巷1號對面,<1,less_than,1,0,<1,0.49,7.3
113年5月,臺北市,大安區,和平東路三段308巷15弄涼亭旁,和平東路3段308巷15弄涼亭旁,<1,less_than,1,0,<1,0.41,7.3
113年5月,臺北市,中正區,思源街1號,思源街1號,<1,less_than,1,0,<1,0.49,7.2
113年5月,臺北市,文山區,木新路3段55號,木新路3段55號,<1,less_than,1,0,<1,0.43,7.3
113年5月,臺北市,文山區,羅斯福路六段268號,羅斯福路6段268號,<1,less_than,1,0,<1,0.49,7.4
113年5月,臺北市,士林區,格致路198號,格致路198號,<1,less_than,1,0,<1,0.68,7.1
113年5月,臺北市,士林區,至善路二段449號,至善路2段449號,<1,less_than,1,0,<1,0.55,7.3
113年5月,臺北市,中山區,中山北路1段110-7號,中山北路1段110-7號,<1,less_than,1,0,<1,0.5,7.4
113年5月,臺北市,北投區,承德路七段388號對面﹝北投加壓站﹞,承德路7段388號對面﹝北投加壓站﹞,<1,less_than,1,0,<1,0.5,7.1
113年6月,臺北市,內湖區,臺北市內湖區大湖街166巷大湖公園入口旁,大湖街166巷大湖公園入口旁,<1,less_than,1,0,<1,0.42,7.3
113年6月,臺北市,信義區,永吉路120巷92號,永吉路120巷92號,<1,less_than,1,0,<1,0.53,7.4
113年6月,臺北市,北投區,興東街1號對面,興東街1號對面,<1,less_than,1,0,<1,0.41,7.3
113年6月,臺北市,南港區,研究院路二段1號,研究院路2段1號,<1,less_than,1,0,<1,0.46,7.3
113年6月,臺北市,松山區,民族東路765號對面公園,民族東路765號對面公園,<1,less_than,1,0,<1,0.51,7.1
113年6月,臺北市,松山區,延壽街373號,延壽街373號,<1,less_than,1,0,<1,0.53,7.1
113年6月,臺北市,松山區,八德路二段366巷21-2號對面,八德路2段366巷21-2號對面,<1,less_than,1,0,<1,0.51,7.1
113年6月,臺北市,萬華區,桂林路167巷14號（三清宮）,桂林路167巷14號（三清宮）,<1,less_than,1,0,<1,0.44,7
113年6月,臺北市,大安區,和平東路三段308巷15弄涼亭旁,和平東路3段308巷15弄涼亭旁,<1,less_than,1,0,<1,0.5,7.3
113年6月,臺北市,大安區,大安區四維路52巷1號對面,四維路52巷1號對面,<1,less_than,1,0,<1,0.47,7.2
113年6月,臺北市,中正區,臺北市中正區思源街1號,思源街1號,<1,less_than,1,0,<1,0.55,7.2
113年6月,臺北市,內湖區,康寧路3段99巷17弄26號旁,康寧路3段99巷17弄26號旁,<1,less_than,1,0,<1,0.41,7.3
113年6月,臺北市,內湖區,康樂街206號附近,康樂街206號附近,<1,less_than,1,0,<1,0.46,7.4
113年6月,臺北市,文山區,木新路3段55號,木新路3段55號,<1,less_than,1,0,<1,0.38,7.3
113年6月,臺北市,文山區,羅斯福路六段268號,羅斯福路6段268號,<1,less_than,1,0,<1,0.47,7.5
113年6月,臺北市,松山區,臺北市松山區南京東路4段52巷16弄口,南京東路4段52巷16弄口,<1,less_than,1,0,<1,0.42,7.4
113年6月,臺北市,松山區,民權東路5段41-1號,民權東路5段41-1號,<1,less_than,1,0,<1,0.4,7.4
113年6月,臺北市,松山區,敦化北路199巷9號旁,敦化北路199巷9號旁,<1,less_than,1,0,<1,0.41,7.3
113年6月,臺北市,南港區,中坡南路51號,中坡南路51號,<1,less_than,1,0,<1,0.47,7.4
113年6月,臺北市,士林區,至善路二段449號,至善路2段449號,<1,less_than,1,0,<1,0.56,7.4
113年6月,臺北市,士林區,格致路198號,格致路198號,<1,less_than,1,0,<1,0.42,7.6
113年6月,臺北市,大安區,師大路105巷與師大路口,師大路105巷與師大路口,<1,less_than,1,0,<1,0.54,7.3
113年6月,臺北市,大安區,建國南路1段354號,建國南路1段354號,<1,less_than,1,0,<1,0.51,7.3
113年6月,臺北市,中山區,中山北路1段110-7號,中山北路1段110-7號,<1,less_than,1,0,<1,0.47,7.5
113年6月,臺北市,文山區,景福街19號1樓,景福街19號1樓,<1,less_than,1,0,<1,0.48,7.3
113年6月,臺北市,文山區,木柵路1段280號,木柵路1段280號,<1,less_than,1,0,<1,0.48,7.3
113年6月,臺北市,文山區,興隆路2段234號,興隆路2段234號,<1,less_than,1,0,<1,0.47,7.3
113年6月,臺北市,北投區,承德路七段388號對面﹝北投加壓站﹞,承德路7段388號對面﹝北投加壓站﹞,<1,less_than,1,0,<1,0.56,7.5
113年6月,臺北市,信義區,莊敬路393號,莊敬路393號,<1,less_than,1,0,<1,0.48,7.3
113年6月,臺北市,大安區,長興街131號,長興街131號,<1,less_than,1,0,<1,0.52,7.3
113年6月,臺北市,中正區,思源街1號,思源街1號,<1,less_than,1,0,<1,0.57,7.3
113年6月,新北市,新店區,直潭路127號(直潭淨水場),直潭路127號(直潭淨水場),<1,less_than,1,0,<1,0.47,7
113年6月,臺北市,萬華區,西園路1段127號,西園路1段127號,<1,less_than,1,0,<1,0.53,7.2
113年6月,臺北市,萬華區,長泰街8號,長泰街8號,<1,less_than,1,0,<1,0.44,7.1
113年6月,臺北市,萬華區,萬大路423巷115號,萬大路423巷115號,<1,less_than,1,0,<1,0.55,7.2
113年6月,臺北市,萬華區,莒光路176號,莒光路176號,<1,less_than,1,0,<1,0.48,7.2
113年6月,臺北市,萬華區,西藏路171號,西藏路171號,<1,less_than,1,0,<1,0.52,7.2
113年6月,臺北市,萬華區,柳州街62號,柳州街62號,<1,less_than,1,0,<1,0.53,7.2
113年6月,臺北市,士林區,菁山路101巷79號,菁山路101巷79號,<1,less_than,1,0,<1,0.55,7.7
113年6月,臺北市,士林區,至善路3段110號,至善路3段110號,<1,less_than,1,0,<1,0.56,7.2
113年6月,臺北市,大同區,昌吉街118號,昌吉街118號,<1,less_than,1,0,<1,0.49,7.3
113年6月,臺北市,大同區,大龍街126號,大龍街126號,<1,less_than,1,0,<1,0.47,7.3
113年6月,臺北市,大同區,迪化街1段268號,迪化街1段268號,<1,less_than,1,0,<1,0.44,7.2
113年6月,臺北市,大同區,延平北路2段61巷16號,延平北路2段61巷16號,<1,less_than,1,0,<1,0.45,7.2
113年6月,臺北市,大同區,哈密街59巷﹝龍塘綠地﹞,哈密街59巷﹝龍塘綠地﹞,<1,less_than,1,0,<1,0.49,7.3
113年6月,臺北市,中山區,臺北市中山區中山北路1段106-1號,中山北路1段106-1號,<1,less_than,1,0,<1,0.39,7.2
113年6月,臺北市,北投區,鹿角坑加壓站 竹子湖路75-1號對面,鹿角坑加壓站 竹子湖路75-1號對面,<1,less_than,1,0,<1,0.66,7.8
113年6月,臺北市,北投區,泉源路260號,泉源路260號,<1,less_than,1,0,<1,0.57,8
113年6月,臺北市,士林區,至善路2段322巷口,至善路2段322巷口,<1,less_than,1,0,<1,0.36,7.2
113年6月,臺北市,士林區,中山北路5段320號,中山北路5段320號,<1,less_than,1,0,<1,0.44,7.1
113年6月,臺北市,士林區,華齡街2巷口,華齡街2巷口,<1,less_than,1,0,<1,0.36,7.2
113年6月,臺北市,士林區,天母東路69巷30號,天母東路69巷30號,<1,less_than,1,0,<1,0.43,7
113年6月,臺北市,士林區,後港街38巷臨5之1號,後港街38巷臨5之1號,<1,less_than,1,0,<1,0.42,7
113年6月,臺北市,北投區,行義路1號,行義路1號,<1,less_than,1,0,<1,0.36,7.2
113年7月,臺北市,內湖區,臺北市內湖區大湖街166巷大湖公園入口旁,大湖街166巷大湖公園入口旁,<1,less_than,1,0,<1,0.46,7.2
113年7月,臺北市,信義區,永吉路120巷92號,永吉路120巷92號,<1,less_than,1,0,<1,0.47,7.2
113年7月,臺北市,南港區,研究院路二段1號,研究院路2段1號,<1,less_than,1,0,<1,0.47,7.2
113年7月,臺北市,北投區,興東街1號對面,興東街1號對面,<1,less_than,1,0,<1,0.41,7.2
113年7月,臺北市,松山區,民族東路765號對面公園,民族東路765號對面公園,<1,less_than,1,0,<1,0.51,7.2
113年7月,臺北市,松山區,延壽街373號,延壽街373號,<1,less_than,1,0,<1,0.43,7.2
113年7月,臺北市,松山區,臺北市松山區八德路2段364巷5弄29號對面,八德路2段364巷5弄29號對面,<1,less_than,1,0,<1,0.5,7.1
113年7月,臺北市,萬華區,桂林路167巷14號（三清宮）,桂林路167巷14號（三清宮）,<1,less_than,1,0,<1,0.43,7.2
113年7月,臺北市,內湖區,康寧路3段99巷17弄26號旁,康寧路3段99巷17弄26號旁,<1,less_than,1,0,<1,0.44,7.4
113年7月,臺北市,內湖區,康樂街206號附近,康樂街206號附近,<1,less_than,1,0,<1,0.44,7.2
113年7月,臺北市,松山區,臺北市松山區南京東路4段52巷16弄口,南京東路4段52巷16弄口,<1,less_than,1,0,<1,0.47,7.4
113年7月,臺北市,松山區,敦化北路199巷9號旁,敦化北路199巷9號旁,<1,less_than,1,0,<1,0.44,7.3
113年7月,臺北市,松山區,民權東路5段41-1號,民權東路5段41-1號,<1,less_than,1,0,<1,0.51,7.5
113年7月,臺北市,南港區,中坡南路51號,中坡南路51號,<1,less_than,1,0,<1,0.45,7.4
113年7月,臺北市,大安區,建國南路1段354號,建國南路1段354號,<1,less_than,1,0,<1,0.5,7.5
113年7月,臺北市,大安區,師大路105巷與師大路口,師大路105巷與師大路口,<1,less_than,1,0,<1,0.53,7.4
113年7月,臺北市,文山區,木柵路1段280號,木柵路1段280號,<1,less_than,1,0,<1,0.55,7.3
113年7月,臺北市,文山區,景福街19號1樓,景福街19號1樓,<1,less_than,1,0,<1,0.56,7.3
113年7月,臺北市,文山區,興隆路2段234號,興隆路2段234號,<1,less_than,1,0,<1,0.53,7.2
113年7月,臺北市,信義區,莊敬路393號,莊敬路393號,<1,less_than,1,0,<1,0.45,7.4
113年7月,臺北市,大安區,長興街131號,長興街131號,<1,less_than,1,0,<1,0.47,7.5
113年7月,臺北市,中正區,思源街1號,思源街1號,<1,less_than,1,0,<1,0.61,7.4
113年7月,新北市,新店區,直潭路127號(直潭淨水場),直潭路127號(直潭淨水場),<1,less_than,1,0,<1,0.51,7.2
113年7月,臺北市,士林區,至善路3段110號,至善路3段110號,<1,less_than,1,0,<1,0.54,7.3
113年7月,臺北市,士林區,菁山路101巷79號,菁山路101巷79號,3,number,3,1,4,0.58,7.7
113年7月,臺北市,北投區,泉源路260號,泉源路260號,<1,less_than,1,0,<1,,7.8
113年7月,臺北市,北投區,鹿角坑加壓站 竹子湖路75-1號對面,鹿角坑加壓站 竹子湖路75-1號對面,<1,less_than,1,0,<1,0.61,8.1
113年7月,臺北市,大安區,大安區四維路52巷1號對面,四維路52巷1號對面,<1,less_than,1,0,<1,0.52,7.7
113年7月,臺北市,大安區,和平東路三段308巷15弄涼亭旁,和平東路3段308巷15弄涼亭旁,<1,less_than,1,0,<1,0.53,7.6
113年7月,臺北市,中正區,臺北市中正區思源街1號,思源街1號,<1,less_than,1,0,<1,0.53,7.4
113年7月,臺北市,文山區,木新路3段55號,木新路3段55號,<1,less_than,1,0,<1,0.51,7.4
113年7月,臺北市,文山區,羅斯福路六段268號,羅斯福路6段268號,<1,less_than,1,0,<1,0.53,7.6
113年7月,臺北市,士林區,至善路二段449號,至善路2段449號,<1,less_than,1,0,<1,0.56,7.5
113年7月,臺北市,士林區,格致路198號,格致路198號,<1,less_than,1,0,<1,0.5,7.8
113年7月,臺北市,中山區,中山北路1段110-7號,中山北路1段110-7號,<1,less_than,1,0,<1,0.49,7.3
113年7月,臺北市,北投區,承德路七段388號對面﹝北投加壓站﹞,承德路7段388號對面﹝北投加壓站﹞,<1,less_than,1,0,<1,0.49,7.3
113年7月,新北市,新店區,直潭路127號(直潭淨水場),直潭路127號(直潭淨水場),<1,less_than,1,0,,0.56,6.7
113年7月,臺北市,萬華區,柳州街62號,柳州街62號,<1,less_than,1,0,<1,0.55,7.4
113年7月,臺北市,萬華區,萬大路423巷115號,萬大路423巷115號,<1,less_than,1,0,<1,0.58,7.4
113年7月,臺北市,萬華區,長泰街8號,長泰街8號,<1,less_than,1,0,<1,0.51,7.5
113年7月,臺北市,萬華區,西藏路171號,西藏路171號,<1,less_than,1,0,<1,0.55,7.5
113年7月,臺北市,萬華區,西園路1段127號,西園路1段127號,<1,less_than,1,0,<1,0.57,7.6
113年7月,臺北市,萬華區,莒光路176號,莒光路176號,<1,less_than,1,0,<1,0.57,7.6
113年7月,臺北市,大同區,延平北路2段61巷16號,延平北路2段61巷16號,<1,less_than,1,0,<1,0.48,7.4
113年7月,臺北市,大同區,昌吉街118號,昌吉街118號,<1,less_than,1,0,<1,0.52,7.4
113年7月,臺北市,大同區,大龍街126號,大龍街126號,<1,less_than,1,0,<1,0.55,7.3
113年7月,臺北市,大同區,哈密街59巷﹝龍塘綠地﹞,哈密街59巷﹝龍塘綠地﹞,<1,less_than,1,0,<1,0.57,7.4
113年7月,臺北市,大同區,迪化街1段268號,迪化街1段268號,<1,less_than,1,0,<1,0.47,7.4
113年7月,臺北市,中山區,臺北市中山區中山北路1段106-1號,中山北路1段106-1號,<1,less_than,1,0,<1,0.52,7.4
113年7月,臺北市,士林區,至善路二段449號,至善路2段449號,<1,less_than,1,0,<1,0.55,7.4
113年7月,臺北市,士林區,天母東路69巷30號,天母東路69巷30號,<1,less_than,1,0,<1,0.56,7.5
113年7月,臺北市,士林區,至善路2段322巷口,至善路2段322巷口,<1,less_than,1,0,<1,0.4,7.3
113年7月,臺北市,士林區,後港街38巷臨5之1號,後港街38巷臨5之1號,<1,less_than,1,0,<1,0.51,7.2
113年7月,臺北市,士林區,中山北路5段460巷1號,中山北路5段460巷1號,<1,less_than,1,0,<1,0.51,7.1
113年7月,臺北市,北投區,行義路1號,行義路1號,<1,less_than,1,0,<1,0.45,7.4
113年8月,臺北市,士林區,至善路3段110號,至善路3段110號,<1,less_than,1,0,<1,0.54,7.8
113年8月,臺北市,北投區,泉源路260號,泉源路260號,<1,less_than,1,0,<1,0.65,8
113年8月,臺北市,北投區,鹿角坑加壓站 竹子湖路75-1號對面,鹿角坑加壓站 竹子湖路75-1號對面,<1,less_than,1,0,<1,0.61,8.1
113年8月,臺北市,士林區,菁山路101巷79號,菁山路101巷79號,2,number,2,1,<1,0.51,7.9
113年8月,臺北市,大安區,長興街131號,長興街131號,<1,less_than,1,0,<1,0.59,7.4
113年8月,臺北市,中正區,思源街1號,思源街1號,<1,less_than,1,0,<1,0.55,7.6
113年8月,新北市,新店區,直潭路127號(直潭淨水場),直潭路127號(直潭淨水場),<1,less_than,1,0,<1,0.55,7.2
113年8月,臺北市,松山區,民族東路765號對面公園,民族東路765號對面公園,<1,less_than,1,0,<1,0.52,7.2
113年8月,臺北市,松山區,八德路二段366巷21-2號對面,八德路2段366巷21-2號對面,<1,less_than,1,0,<1,0.52,7.3
113年8月,臺北市,松山區,延壽街373號,延壽街373號,<1,less_than,1,0,<1,0.51,7.2
113年8月,臺北市,萬華區,桂林路167巷14號（三清宮）,桂林路167巷14號（三清宮）,<1,less_than,1,0,<1,0.51,7.2
113年8月,臺北市,大安區,大安區四維路52巷1號對面,四維路52巷1號對面,<1,less_than,1,0,<1,0.5,7.3
113年8月,臺北市,大安區,和平東路三段308巷15弄涼亭旁,和平東路3段308巷15弄涼亭旁,<1,less_than,1,0,<1,0.51,7.4
113年8月,臺北市,中正區,思源街1號,思源街1號,<1,less_than,1,0,<1,0.57,7.1
113年8月,臺北市,文山區,木新路3段55號,木新路3段55號,<1,less_than,1,0,<1,0.51,7.1
113年8月,臺北市,文山區,羅斯福路六段268號,羅斯福路6段268號,<1,less_than,1,0,<1,0.61,7.5
113年8月,臺北市,士林區,格致路198號,格致路198號,<1,less_than,1,0,<1,0.56,7.6
113年8月,臺北市,士林區,至善路二段449號,至善路2段449號,<1,less_than,1,0,<1,0.5,7.8
113年8月,臺北市,中山區,中山北路1段110-7號,中山北路1段110-7號,<1,less_than,1,0,<1,0.53,7.6
113年8月,臺北市,北投區,承德路七段388號對面﹝北投加壓站﹞,承德路7段388號對面﹝北投加壓站﹞,<1,less_than,1,0,<1,0.53,7.8
113年8月,臺北市,內湖區,康寧路3段99巷17弄26號旁,康寧路3段99巷17弄26號旁,<1,less_than,1,0,<1,0.48,7.3
113年8月,臺北市,內湖區,內溝里康樂街206-4號旁附近,內溝里康樂街206-4號旁附近,<1,less_than,1,0,<1,0.46,7.1
113年8月,臺北市,松山區,敦化北路199巷9號旁,敦化北路199巷9號旁,<1,less_than,1,0,<1,0.42,7.2
113年8月,臺北市,松山區,臺北市松山區南京東路4段52巷16弄口,南京東路4段52巷16弄口,<1,less_than,1,0,<1,0.55,7.3
113年8月,臺北市,松山區,民權東路5段41-1號,民權東路5段41-1號,<1,less_than,1,0,<1,0.45,7.4
113年8月,臺北市,南港區,中坡南路51號,中坡南路51號,<1,less_than,1,0,<1,0.5,7.2
113年8月,臺北市,大安區,師大路105巷與師大路口,師大路105巷與師大路口,<1,less_than,1,0,<1,0.54,7.4
113年8月,臺北市,大安區,建國南路1段354號,建國南路1段354號,<1,less_than,1,0,<1,0.52,7.5
113年8月,臺北市,文山區,興隆路2段234號,興隆路2段234號,<1,less_than,1,0,<1,0.55,7.4
113年8月,臺北市,文山區,景福街19號1樓,景福街19號1樓,<1,less_than,1,0,<1,0.6,7.3
113年8月,臺北市,文山區,木柵路1段280號,木柵路1段280號,<1,less_than,1,0,<1,0.59,7.4
113年8月,臺北市,信義區,莊敬路393號,莊敬路393號,<1,less_than,1,0,<1,0.49,7.5
113年8月,臺北市,內湖區,臺北市內湖區大湖街166巷大湖公園入口旁,大湖街166巷大湖公園入口旁,<1,less_than,1,0,<1,0.43,7.2
113年8月,臺北市,信義區,永吉路120巷92號,永吉路120巷92號,<1,less_than,1,0,<1,0.4,7.2
113年8月,臺北市,南港區,研究院路二段1號,研究院路2段1號,<1,less_than,1,0,<1,0.51,7.2
113年8月,臺北市,北投區,興東街1號對面,興東街1號對面,<1,less_than,1,0,<1,0.46,7.1
113年8月,臺北市,萬華區,萬大路423巷115號,萬大路423巷115號,<1,less_than,1,0,<1,0.61,7.3
113年8月,臺北市,萬華區,西藏路171號,西藏路171號,<1,less_than,1,0,<1,0.55,7.3
113年8月,臺北市,萬華區,長泰街8號,長泰街8號,<1,less_than,1,0,<1,0.5,7.2
113年8月,臺北市,萬華區,西園路1段127號,西園路1段127號,<1,less_than,1,0,<1,0.57,7.3
113年8月,臺北市,萬華區,莒光路176號,莒光路176號,<1,less_than,1,0,<1,0.58,7.3
113年8月,臺北市,萬華區,柳州街62號,柳州街62號,<1,less_than,1,0,<1,0.57,7.3
113年8月,臺北市,大同區,大龍街126號,大龍街126號,<1,less_than,1,0,<1,0.5,7.4
113年8月,臺北市,大同區,延平北路2段61巷16號,延平北路2段61巷16號,<1,less_than,1,0,<1,0.44,7.3
113年8月,臺北市,大同區,昌吉街118號,昌吉街118號,<1,less_than,1,0,<1,0.53,7.4
113年8月,臺北市,大同區,迪化街1段268號,迪化街1段268號,<1,less_than,1,0,<1,0.4,7.3
113年8月,臺北市,大同區,哈密街59巷﹝龍塘綠地﹞,哈密街59巷﹝龍塘綠地﹞,<1,less_than,1,0,<1,0.54,7.3
113年8月,臺北市,中山區,臺北市中山區中山北路1段106-1號,中山北路1段106-1號,<1,less_than,1,0,<1,0.41,7.4
113年8月,臺北市,士林區,天母東路69巷30號,天母東路69巷30號,<1,less_than,1,0,<1,0.48,7.2
113年8月,臺北市,士林區,至善路2段322巷口,至善路2段322巷口,<1,less_than,1,0,<1,0.35,7.3
113年8月,臺北市,士林區,至善路二段449號,至善路2段449號,<1,less_than,1,0,<1,0.52,7.2
113年8月,臺北市,士林區,後港街38巷臨5之1號,後港街38巷臨5之1號,<1,less_than,1,0,<1,0.51,7.1
113年8月,臺北市,士林區,中山北路5段460巷1號,中山北路5段460巷1號,<1,less_than,1,0,<1,0.43,7
113年8月,臺北市,北投區,行義路1號,行義路1號,<1,less_than,1,0,<1,0.41,7.3
113年9月,臺北市,萬華區,柳州街62號,柳州街62號,<1,less_than,1,0,<1,0.56,7.5
113年9月,臺北市,萬華區,西園路1段127號,西園路1段127號,<1,less_than,1,0,<1,0.57,7.5
113年9月,臺北市,萬華區,西藏路171號,西藏路171號,<1,less_than,1,0,<1,0.55,7.4
113年9月,臺北市,萬華區,長泰街8號,長泰街8號,<1,less_than,1,0,<1,0.45,7.4
113年9月,臺北市,萬華區,莒光路176號,莒光路176號,<1,less_than,1,0,<1,0.54,7.5
113年9月,臺北市,萬華區,萬大路423巷115號,萬大路423巷115號,<1,less_than,1,0,<1,0.56,7.3
113年9月,臺北市,中山區,中山北路1段106-1號,中山北路1段106-1號,<1,less_than,1,0,<1,0.38,7.5
113年9月,臺北市,大同區,延平北路2段61巷16號,延平北路2段61巷16號,<1,less_than,1,0,<1,0.49,7.2
113年9月,臺北市,大同區,大龍街126號,大龍街126號,<1,less_than,1,0,<1,0.49,7.4
113年9月,臺北市,大同區,昌吉街118號,昌吉街118號,<1,less_than,1,0,<1,0.51,7.3
113年9月,臺北市,大同區,哈密街59巷﹝龍塘綠地﹞,哈密街59巷﹝龍塘綠地﹞,<1,less_than,1,0,<1,0.51,7.3
113年9月,臺北市,大同區,迪化街1段268號,迪化街1段268號,<1,less_than,1,0,<1,0.4,7.2
113年9月,臺北市,士林區,後港街38巷臨5之1號,後港街38巷臨5之1號,<1,less_than,1,0,<1,0.46,7.4
113年9月,臺北市,士林區,至善路2段322巷口,至善路2段322巷口,<1,less_than,1,0,<1,0.38,7.3
113年9月,臺北市,士林區,至善路二段449號,至善路2段449號,<1,less_than,1,0,<1,0.52,7.3
113年9月,臺北市,士林區,中山北路5段460巷1號,中山北路5段460巷1號,<1,less_than,1,0,<1,0.45,7.1
113年9月,臺北市,士林區,天母東路69巷30號,天母東路69巷30號,<1,less_than,1,0,<1,0.44,7.5
113年9月,臺北市,北投區,行義路1號,行義路1號,<1,less_than,1,0,<1,0.35,7.4
113年9月,臺北市,北投區,興東街1號對面,興東街1號對面,<1,less_than,1,0,<1,0.43,7.1
113年9月,臺北市,南港區,研究院路二段1號,研究院路2段1號,<1,less_than,1,0,<1,0.39,7.2
113年9月,臺北市,內湖區,大湖街166巷大湖公園入口旁,大湖街166巷大湖公園入口旁,<1,less_than,1,0,<1,0.35,7.3
113年9月,臺北市,信義區,永吉路120巷92號,永吉路120巷92號,<1,less_than,1,0,<1,0.49,7.4
113年9月,臺北市,文山區,木新路3段55號,木新路3段55號,<1,less_than,1,0,<1,0.51,7.3
113年9月,臺北市,大安區,和平東路三段308巷15弄涼亭旁,和平東路3段308巷15弄涼亭旁,<1,less_than,1,0,<1,0.48,7.4
113年9月,臺北市,大安區,四維路52巷1號對面,四維路52巷1號對面,<1,less_than,1,0,<1,0.55,7.3
113年9月,臺北市,中正區,思源街1號,思源街1號,<1,less_than,1,0,<1,0.51,7.1
113年9月,臺北市,文山區,羅斯福路六段268號,羅斯福路6段268號,<1,less_than,1,0,<1,0.6,7.6
113年9月,臺北市,中山區,中山北路1段110-7號,中山北路1段110-7號,<1,less_than,1,0,<1,0.45,7.5
113年9月,臺北市,士林區,至善路二段449號,至善路2段449號,<1,less_than,1,0,<1,0.47,7.6
113年9月,臺北市,士林區,格致路198號,格致路198號,<1,less_than,1,0,<1,0.59,7.7
113年9月,臺北市,北投區,承德路七段388號對面﹝北投加壓站﹞,承德路7段388號對面﹝北投加壓站﹞,<1,less_than,1,0,<1,0.46,7.8
113年9月,臺北市,內湖區,康樂街206號附近,康樂街206號附近,<1,less_than,1,0,<1,0.4,7.2
113年9月,臺北市,內湖區,康寧路3段99巷17弄26號旁,康寧路3段99巷17弄26號旁,<1,less_than,1,0,<1,0.43,7.3
113年9月,臺北市,松山區,民權東路5段41-1號,民權東路5段41-1號,<1,less_than,1,0,<1,0.42,7.1
113年9月,臺北市,南港區,中坡南路51號,中坡南路51號,<1,less_than,1,0,<1,0.41,7
113年9月,臺北市,松山區,南京東路4段52巷16弄口,南京東路4段52巷16弄口,<1,less_than,1,0,<1,0.43,7
113年9月,臺北市,大安區,長興街131號,長興街131號,<1,less_than,1,0,<1,0.45,7
113年9月,臺北市,松山區,敦化??199巷9號旁,敦化北路199巷9號旁,<1,less_than,1,0,<1,0.41,7.2
113年9月,臺北市,中正區,思源街1號,思源街1號,<1,less_than,1,0,<1,0.53,7
113年9月,新北市,新店區,直潭路127號(直潭淨水場),直潭路127號(直潭淨水場),<1,less_than,1,0,<1,0.49,6.9
113年9月,臺北市,大安區,師大路105巷與師大路口,師大路105巷與師大路口,<1,less_than,1,0,<1,0.54,7.2
113年9月,臺北市,士林區,菁山路101巷79號,菁山路101巷79號,<1,less_than,1,0,<1,0.49,7.4
113年9月,臺北市,文山區,景福街19號1樓,景福街19號1樓,<1,less_than,1,0,<1,0.58,7
113年9月,臺北市,北投區,鹿角坑加壓站 竹子湖路75-1號對面,鹿角坑加壓站 竹子湖路75-1號對面,<1,less_than,1,0,<1,0.52,7.6
113年9月,臺北市,文山區,興隆路2段234號,興隆路2段234號,<1,less_than,1,0,<1,0.57,7
113年9月,臺北市,士林區,至善路3段110號,至善路3段110號,<1,less_than,1,0,<1,0.55,7.5
113年9月,臺北市,北投區,泉源路260號,泉源路260號,<1,less_than,1,0,<1,0.5,7.9
113年9月,臺北市,信義區,莊敬路393號,莊敬路393號,<1,less_than,1,0,<1,0.5,7.2
113年9月,臺北市,大安區,建國南路1段354號,建國南路1段354號,<1,less_than,1,0,<1,0.53,7.2
113年9月,臺北市,文山區,木柵路1段280號　　,木柵路1段280號,<1,less_than,1,0,<1,0.54,7.1
113年9月,臺北市,松山區,松山區八德路二段366巷21-2號對面,八德路2段366巷21-2號對面,<1,less_than,1,0,<1,0.43,7.2
113年9月,臺北市,松山區,延壽街373號,延壽街373號,<1,less_than,1,0,<1,0.46,7.1
113年9月,臺北市,松山區,民族東路765號對面公園,民族東路765號對面公園,<1,less_than,1,0,<1,0.4,7
113年9月,臺北市,萬華區,桂林路167巷14號（三清宮）,桂林路167巷14號（三清宮）,<1,less_than,1,0,<1,0.38,7.2
113年10月,臺北市,萬華區,桂林路167巷14號（三清宮）,桂林路167巷14號（三清宮）,<1,less_than,1,0,<1,0.36,7.1
113年10月,臺北市,松山區,民族東路765號對面公園,民族東路765號對面公園,<1,less_than,1,0,<1,0.47,6.8
113年10月,臺北市,松山區,延壽街373號,延壽街373號,<1,less_than,1,0,<1,0.46,6.9
113年10月,臺北市,松山區,八德路2段364巷5弄29號對面,八德路2段364巷5弄29號對面,<1,less_than,1,0,<1,0.46,7.1
113年10月,臺北市,南港區,研究院路二段1號,研究院路2段1號,<1,less_than,1,0,<1,0.5,7.3
113年10月,臺北市,信義區,莊敬路393號,莊敬路393號,<1,less_than,1,0,<1,0.5,7.2
113年10月,臺北市,大安區,師大路105巷與師大路口,師大路105巷與師大路口,<1,less_than,1,0,<1,0.5,7.1
113年10月,臺北市,信義區,永吉路120巷92號,永吉路120巷92號,<1,less_than,1,0,<1,0.53,7.1
113年10月,臺北市,內湖區,大湖街166巷大湖公園入口旁,大湖街166巷大湖公園入口旁,<1,less_than,1,0,<1,0.52,7.3
113年10月,臺北市,文山區,景福街19號1樓,景福街19號1樓,<1,less_than,1,0,<1,0.56,7.1
113年10月,臺北市,北投區,興東街1號對面,興東街1號對面,<1,less_than,1,0,<1,0.5,7.2
113年10月,臺北市,文山區,興隆路2段234號,興隆路2段234號,<1,less_than,1,0,<1,0.52,7.1
113年10月,臺北市,文山區,木柵路1段280號　　,木柵路1段280號,<1,less_than,1,0,<1,0.5,7
113年10月,臺北市,大安區,建國南路1段354號,建國南路1段354號,<1,less_than,1,0,<1,0.52,7.1
113年10月,臺北市,士林區,菁山路101巷79號,菁山路101巷79號,<1,less_than,1,0,<1,0.64,7.7
113年10月,臺北市,士林區,至善路3段110號,至善路3段110號,<1,less_than,1,0,<1,0.54,7.2
113年10月,臺北市,北投區,鹿角坑加壓站 竹子湖路75-1號對面,鹿角坑加壓站 竹子湖路75-1號對面,<1,less_than,1,0,<1,0.53,7.8
113年10月,臺北市,北投區,泉源路260號,泉源路260號,<1,less_than,1,0,<1,0.59,7.9
113年10月,新北市,新店區,新店區直潭路127號,直潭路127號,<1,less_than,1,0,<1,0.53,7
113年10月,臺北市,大安區,長興街131號,長興街131號,<1,less_than,1,0,<1,0.54,7.6
113年10月,臺北市,中正區,思源街1號,思源街1號,<1,less_than,1,0,<1,0.55,7.2
113年10月,臺北市,中正區,思源街1號,思源街1號,<1,less_than,1,0,<1,0.5,7.3
113年10月,臺北市,大安區,四維路52巷1號對面,四維路52巷1號對面,<1,less_than,1,0,<1,0.46,7.5
113年10月,臺北市,文山區,羅斯福路六段268號,羅斯福路6段268號,<1,less_than,1,0,<1,0.45,7.3
113年10月,臺北市,文山區,木新路3段55號,木新路3段55號,<1,less_than,1,0,<1,0.53,7.4
113年10月,臺北市,大安區,和平東路三段308巷15弄涼亭旁,和平東路3段308巷15弄涼亭旁,<1,less_than,1,0,<1,0.39,7.3
113年10月,臺北市,中山區,中山北路1段110-7號,中山北路1段110-7號,<1,less_than,1,0,<1,0.51,7.6
113年10月,臺北市,士林區,至善路二段449號,至善路2段449號,<1,less_than,1,0,<1,0.62,7.7
113年10月,臺北市,士林區,格致路198號,格致路198號,<1,less_than,1,0,<1,0.44,7.9
113年10月,臺北市,北投區,承德路七段388號對面﹝北投加壓站﹞,承德路7段388號對面﹝北投加壓站﹞,<1,less_than,1,0,<1,0.49,7.8
113年10月,臺北市,萬華區,柳州街62號,柳州街62號,<1,less_than,1,0,<1,0.56,7.5
113年10月,臺北市,萬華區,西園路1段127號,西園路1段127號,<1,less_than,1,0,<1,0.55,7.5
113年10月,臺北市,萬華區,西藏路171號,西藏路171號,<1,less_than,1,0,<1,0.53,7.3
113年10月,臺北市,萬華區,長泰街8號,長泰街8號,<1,less_than,1,0,<1,0.46,7.3
113年10月,臺北市,萬華區,莒光路176號,莒光路176號,<1,less_than,1,0,<1,0.53,7.4
113年10月,臺北市,萬華區,萬大路423巷115號,萬大路423巷115號,<1,less_than,1,0,<1,0.56,7.3
113年10月,臺北市,中山區,中山北路1段106-1號,中山北路1段106-1號,<1,less_than,1,0,<1,0.44,7
113年10月,臺北市,大同區,昌吉街118號,昌吉街118號,<1,less_than,1,0,<1,0.53,7.1
113年10月,臺北市,大同區,大龍街126號,大龍街126號,<1,less_than,1,0,<1,0.49,7.1
113年10月,臺北市,大同區,哈密街59巷﹝龍塘綠地﹞,哈密街59巷﹝龍塘綠地﹞,<1,less_than,1,0,<1,0.52,7.2
113年10月,臺北市,大同區,迪化街1段268號,迪化街1段268號,<1,less_than,1,0,<1,0.43,7.1
113年10月,臺北市,大同區,延平北路2段61巷16號,延平北路2段61巷16號,<1,less_than,1,0,<1,0.44,7.1
113年10月,臺北市,士林區,承德路四段5-1號,承德路4段5-1號,<1,less_than,1,0,<1,0.51,7.1
113年10月,臺北市,北投區,行義路1號,行義路1號,<1,less_than,1,0,<1,0.43,7.1
113年10月,臺北市,松山區,民權東路5段41-1號,民權東路5段41-1號,<1,less_than,1,0,<1,0.48,7.2
113年10月,臺北市,士林區,中山北路5段460巷1號,中山北路5段460巷1號,<1,less_than,1,0,<1,0.53,6.9
113年10月,臺北市,內湖區,康樂街206號附近,康樂街206號附近,<1,less_than,1,0,<1,0.44,7.2
113年10月,臺北市,士林區,天母東路69巷30號,天母東路69巷30號,<1,less_than,1,0,<1,0.47,7.1
113年10月,臺北市,松山區,敦化??199巷9號旁,敦化北路199巷9號旁,<1,less_than,1,0,<1,0.43,7.1
113年10月,臺北市,內湖區,康寧路3段99巷17弄26號旁,康寧路3段99巷17弄26號旁,<1,less_than,1,0,<1,0.48,7.2
113年10月,臺北市,松山區,南京東路4段52巷16弄口,南京東路4段52巷16弄口,<1,less_than,1,0,<1,0.49,7.1
113年10月,臺北市,士林區,後港街38巷臨5之1號,後港街38巷臨5之1號,<1,less_than,1,0,<1,0.47,7.1
113年10月,臺北市,士林區,至善路2段322巷口,至善路2段322巷口,<1,less_than,1,0,<1,0.58,7.3
113年10月,臺北市,南港區,中坡南路51號,中坡南路51號,<1,less_than,1,0,<1,0.48,7.1
113年11月,臺北市,大安區,長興街131號,長興街131號,<1,less_than,1,0,<1,0.48,7
113年11月,新北市,新店區,新店區直潭路127號,直潭路127號,<1,less_than,1,0,<1,0.51,6.9
113年11月,臺北市,中正區,思源街1號,思源街1號,<1,less_than,1,0,<1,0.55,7.2
113年11月,臺北市,士林區,菁山路101巷79號,菁山路101巷79號,<1,less_than,1,0,<1,0.47,7.5
113年11月,臺北市,士林區,至善路3段110號,至善路3段110號,<1,less_than,1,0,<1,0.6,7.4
113年11月,臺北市,北投區,泉源路260號,泉源路260號,<1,less_than,1,0,<1,0.54,7.8
113年11月,臺北市,北投區,興東街1號對面,興東街1號對面,<1,less_than,1,0,<1,0.36,6.8
113年11月,臺北市,信義區,永吉路120巷92號,永吉路120巷92號,<1,less_than,1,0,<1,0.54,7
113年11月,臺北市,北投區,鹿角坑加壓站 竹子湖路75-1號對面,鹿角坑加壓站 竹子湖路75-1號對面,<10,less_than,10,0,<1,0.47,7.6
113年11月,臺北市,南港區,研究院路二段1號,研究院路2段1號,<1,less_than,1,0,<1,0.47,6.8
113年11月,臺北市,內湖區,大湖街166巷大湖公園入口旁,大湖街166巷大湖公園入口旁,<1,less_than,1,0,<1,0.43,7.2
113年11月,臺北市,萬華區,西園路1段127號,西園路1段127號,<1,less_than,1,0,<1,0.52,7.4
113年11月,臺北市,萬華區,柳州街62號,柳州街62號,<1,less_than,1,0,<1,0.55,7.4
113年11月,臺北市,萬華區,西藏路171號,西藏路171號,<1,less_than,1,0,<1,0.55,7.3
113年11月,臺北市,萬華區,長泰街8號,長泰街8號,<1,less_than,1,0,<1,0.49,7.3
113年11月,臺北市,萬華區,莒光路176號,莒光路176號,<1,less_than,1,0,<1,0.53,7.4
113年11月,臺北市,萬華區,萬大路423巷115號,萬大路423巷115號,<1,less_than,1,0,<1,0.52,7.3
113年11月,臺北市,中山區,中山北路1段106-1號,中山北路1段106-1號,<1,less_than,1,0,<1,0.44,7.3
113年11月,臺北市,大同區,延平北路2段61巷16號,延平北路2段61巷16號,<1,less_than,1,0,<1,0.5,7.2
113年11月,臺北市,大同區,大龍街126號,大龍街126號,<1,less_than,1,0,<1,0.53,7.4
113年11月,臺北市,大同區,昌吉街118號,昌吉街118號,<1,less_than,1,0,<1,0.54,7.3
113年11月,臺北市,大同區,哈密街59巷﹝龍塘綠地﹞,哈密街59巷﹝龍塘綠地﹞,<1,less_than,1,0,<1,0.54,7.3
113年11月,臺北市,大同區,迪化街1段268號,迪化街1段268號,<1,less_than,1,0,<1,0.51,7.2
113年11月,臺北市,士林區,承德路四段5-1號,承德路4段5-1號,<1,less_than,1,0,<1,0.49,7
113年11月,臺北市,士林區,後港街38巷臨5之1號,後港街38巷臨5之1號,<1,less_than,1,0,<1,0.46,7
113年11月,臺北市,士林區,中山北路5段460巷1號,中山北路5段460巷1號,<1,less_than,1,0,<1,0.53,6.6
113年11月,臺北市,士林區,天母東路69巷30號,天母東路69巷30號,<1,less_than,1,0,<1,0.52,7.1
113年11月,臺北市,北投區,行義路1號,行義路1號,<1,less_than,1,0,<1,0.46,7
113年11月,臺北市,士林區,至善路2段322巷口,至善路2段322巷口,<1,less_than,1,0,<1,0.54,7.1
113年11月,臺北市,松山區,松山區八德路二段366巷21-2號對面,八德路2段366巷21-2號對面,<1,less_than,1,0,<1,0.47,7.3
113年11月,臺北市,萬華區,桂林路167巷14號（三清宮）,桂林路167巷14號（三清宮）,<1,less_than,1,0,<1,0.36,7.2
113年11月,臺北市,松山區,民族東路765號對面公園,民族東路765號對面公園,<1,less_than,1,0,<1,0.49,7.2
113年11月,臺北市,松山區,延壽街373號,延壽街373號,<1,less_than,1,0,<1,0.49,7.2
113年11月,臺北市,大安區,四維路52巷1號對面,四維路52巷1號對面,<1,less_than,1,0,<1,0.52,7.2
113年11月,臺北市,大安區,師大路105巷與師大路口,師大路105巷與師大路口,<1,less_than,1,0,<1,0.56,7.3
113年11月,臺北市,文山區,木新路3段55號,木新路3段55號,<1,less_than,1,0,<1,0.51,7.2
113年11月,臺北市,文山區,羅斯福路六段268號,羅斯福路6段268號,<1,less_than,1,0,<1,0.53,7.4
113年11月,臺北市,中正區,思源街1號,思源街1號,<1,less_than,1,0,<1,0.56,7.1
113年11月,臺北市,中山區,中山北路1段110-7號,中山北路1段110-7號,<1,less_than,1,0,<1,0.49,7.6
113年11月,臺北市,士林區,至善路二段449號,至善路2段449號,<1,less_than,1,0,<1,0.54,7.6
113年11月,臺北市,士林區,格致路198號,格致路198號,<1,less_than,1,0,<1,0.54,7.6
113年11月,臺北市,北投區,承德路七段388號對面﹝北投加壓站﹞,承德路7段388號對面﹝北投加壓站﹞,<1,less_than,1,0,<1,0.5,7.3
113年11月,臺北市,松山區,民權東路5段41-1號,民權東路5段41-1號,<1,less_than,1,0,<1,0.53,7.4
113年11月,臺北市,內湖區,康寧路3段99巷17弄26號旁,康寧路3段99巷17弄26號旁,<1,less_than,1,0,<1,0.51,7.5
113年11月,臺北市,內湖區,康樂街206號附近,康樂街206號附近,<1,less_than,1,0,<1,0.5,7.4
113年11月,臺北市,南港區,中坡南路51號,中坡南路51號,<1,less_than,1,0,<1,0.56,7.4
113年11月,臺北市,松山區,敦化??199巷9號旁,敦化北路199巷9號旁,<1,less_than,1,0,<1,0.51,7.5
113年11月,臺北市,松山區,南京東路4段52巷16弄口,南京東路4段52巷16弄口,<1,less_than,1,0,<1,0.58,7.4
113年11月,臺北市,大安區,師大路105巷與師大路口,師大路105巷與師大路口,<1,less_than,1,0,<1,0.57,7.5
113年11月,臺北市,大安區,建國南路1段354號,建國南路1段354號,<1,less_than,1,0,<1,0.57,7.4
113年11月,臺北市,信義區,莊敬路393號,莊敬路393號,<1,less_than,1,0,<1,0.56,7.4
113年11月,臺北市,文山區,景福街19號1樓,景福街19號1樓,<1,less_than,1,0,<1,0.52,7.3
113年11月,臺北市,文山區,興隆路2段234號,興隆路2段234號,<1,less_than,1,0,<1,0.53,7.1
113年11月,臺北市,文山區,木柵路1段280號　　,木柵路1段280號,<1,less_than,1,0,<1,0.53,7.1
113年12月,臺北市,萬華區,西園路1段127號,西園路1段127號,<1,less_than,1,0,<1,0.59,7.5
113年12月,臺北市,萬華區,柳州街62號,柳州街62號,<1,less_than,1,0,<1,0.59,7.6
113年12月,臺北市,萬華區,西藏路171號,西藏路171號,<1,less_than,1,0,<1,0.55,7.6
113年12月,臺北市,萬華區,長泰街8號,長泰街8號,<1,less_than,1,0,<1,0.56,7.5
113年12月,臺北市,萬華區,莒光路176號,莒光路176號,<1,less_than,1,0,<1,0.55,7.6
113年12月,臺北市,萬華區,萬大路423巷115號,萬大路423巷115號,<1,less_than,1,0,<1,0.56,7.5
113年12月,臺北市,中山區,中山北路1段106-1號,中山北路1段106-1號,<1,less_than,1,0,<1,0.49,7.4
113年12月,臺北市,大同區,延平北路2段61巷16號,延平北路2段61巷16號,<1,less_than,1,0,<1,0.51,7.4
113年12月,臺北市,大同區,大龍街126號,大龍街126號,<1,less_than,1,0,<1,0.53,7.3
113年12月,臺北市,大同區,昌吉街118號,昌吉街118號,<1,less_than,1,0,<1,0.52,7.4
113年12月,臺北市,大同區,哈密街59巷﹝龍塘綠地﹞,哈密街59巷﹝龍塘綠地﹞,<1,less_than,1,0,<1,0.53,7.4
113年12月,臺北市,大同區,迪化街1段268號,迪化街1段268號,<1,less_than,1,0,<1,0.53,7.3
113年12月,臺北市,士林區,承德路四段5-1號,承德路4段5-1號,<1,less_than,1,0,<1,0.51,7.4
113年12月,臺北市,士林區,後港街38巷臨5之1號,後港街38巷臨5之1號,<1,less_than,1,0,<1,0.49,7.3
113年12月,臺北市,士林區,中山北路5段460巷1號,中山北路5段460巷1號,<1,less_than,1,0,<1,0.56,7
113年12月,臺北市,士林區,天母東路69巷30號,天母東路69巷30號,<1,less_than,1,0,<1,0.54,7.4
113年12月,臺北市,北投區,行義路1號,行義路1號,<1,less_than,1,0,3,0.5,7
113年12月,臺北市,士林區,至善路2段322巷口,至善路2段322巷口,<1,less_than,1,0,<1,0.57,7.5
113年12月,臺北市,中正區,思源街1號,思源街1號,<1,less_than,1,0,<1,0.54,7.5
113年12月,臺北市,大安區,長興街131號,長興街131號,<1,less_than,1,0,<1,0.58,7.6
113年12月,新北市,新店區,直潭路127號(直潭淨水場),直潭路127號(直潭淨水場),<1,less_than,1,0,<1,0.54,7.2
113年12月,臺北市,士林區,至善路3段110號,至善路3段110號,<1,less_than,1,0,<1,0.52,7.6
113年12月,臺北市,北投區,鹿角坑加壓站 竹子湖路75-1號對面,鹿角坑加壓站 竹子湖路75-1號對面,<1,less_than,1,0,<1,0.58,7.7
113年12月,臺北市,北投區,泉源路260號,泉源路260號,<1,less_than,1,0,<1,0.56,7.9
113年12月,臺北市,士林區,菁山路101巷79號,菁山路101巷79號,<1,less_than,1,0,<1,0.56,7.5
113年12月,臺北市,南港區,研究院路二段1號,研究院路2段1號,<1,less_than,1,0,<1,0.46,7.4
113年12月,臺北市,北投區,興東街1號對面,興東街1號對面,<1,less_than,1,0,<1,0.42,7.4
113年12月,臺北市,信義區,永吉路120巷92號,永吉路120巷92號,<1,less_than,1,0,<1,0.51,7.4
113年12月,臺北市,內湖區,大湖街166巷大湖公園入口旁,大湖街166巷大湖公園入口旁,<1,less_than,1,0,<1,0.45,7.4
113年12月,臺北市,萬華區,桂林路167巷14號（三清宮）,桂林路167巷14號（三清宮）,<1,less_than,1,0,<1,0.41,7.1
113年12月,臺北市,松山區,民族東路765號對面公園,民族東路765號對面公園,<1,less_than,1,0,<1,0.53,7
113年12月,臺北市,松山區,延壽街373號,延壽街373號,<1,less_than,1,0,<1,0.53,6.9
113年12月,臺北市,松山區,松山區八德路二段366巷21-2號對面,八德路2段366巷21-2號對面,<1,less_than,1,0,<1,0.52,7
113年12月,臺北市,文山區,羅斯福路六段268號,羅斯福路6段268號,<1,less_than,1,0,<1,0.47,7.7
113年12月,臺北市,文山區,木新路3段55號,木新路3段55號,<1,less_than,1,0,<1,0.45,7.5
113年12月,臺北市,中正區,思源街1號,思源街1號,<1,less_than,1,0,<1,0.56,7.4
113年12月,臺北市,大安區,富陽街底（廁所),富陽街底（廁所),<1,less_than,1,0,<1,0.44,7.6
113年12月,臺北市,大安區,四維路52巷1號對面,四維路52巷1號對面,<1,less_than,1,0,<1,0.47,7.5
113年12月,臺北市,士林區,至善路二段449號,至善路2段449號,<1,less_than,1,0,<1,0.58,7.5
113年12月,臺北市,中山區,中山北路1段110-7號,中山北路1段110-7號,<1,less_than,1,0,<1,0.47,7.5
113年12月,臺北市,士林區,格致路198號,格致路198號,<1,less_than,1,0,<1,0.55,7.4
113年12月,臺北市,北投區,承德路七段388號對面﹝北投加壓站﹞,承德路7段388號對面﹝北投加壓站﹞,<1,less_than,1,0,<1,0.47,7.4
113年12月,臺北市,松山區,民權東路5段41-1號,民權東路5段41-1號,<1,less_than,1,0,<1,0.54,7.5
113年12月,臺北市,內湖區,康寧路3段99巷17弄26號旁,康寧路3段99巷17弄26號旁,<1,less_than,1,0,<1,0.5,7.5
113年12月,臺北市,內湖區,康樂街206號附近,康樂街206號附近,<1,less_than,1,0,<1,0.49,7.4
113年12月,臺北市,南港區,中坡南路51號,中坡南路51號,<1,less_than,1,0,<1,0.54,7.4
113年12月,臺北市,松山區,敦化??199巷9號旁,敦化北路199巷9號旁,<1,less_than,1,0,<1,0.47,7.4
113年12月,臺北市,松山區,南京東路4段52巷16弄口,南京東路4段52巷16弄口,<1,less_than,1,0,<1,0.56,7.4
113年12月,臺北市,大安區,建國南路1段354號,建國南路1段354號,<1,less_than,1,0,<1,0.58,7.5
113年12月,臺北市,大安區,師大路105巷與師大路口,師大路105巷與師大路口,<1,less_than,1,0,<1,0.53,7.5
113年12月,臺北市,信義區,莊敬路393號,莊敬路393號,<1,less_than,1,0,<1,0.51,7.5
113年12月,臺北市,文山區,景福街19號1樓,景福街19號1樓,<1,less_than,1,0,<1,0.6,7.3
113年12月,臺北市,文山區,興隆路2段234號,興隆路2段234號,<1,less_than,1,0,<1,0.6,7.4
113年12月,臺北市,文山區,木柵路1段280號　　,木柵路1段280號,<1,less_than,1,0,<1,0.57,7.3
114年1月,臺北市,萬華區,西園路1段127號,西園路1段127號,<1,less_than,1,0,<1,0.55,7.5
114年1月,臺北市,萬華區,柳州街62號,柳州街62號,<1,less_than,1,0,<1,0.56,7.5
114年1月,臺北市,萬華區,西藏路171號,西藏路171號,<1,less_than,1,0,<1,0.56,7.6
114年1月,臺北市,萬華區,長泰街8號,長泰街8號,<1,less_than,1,0,<1,0.56,7.5
114年1月,臺北市,萬華區,莒光路176號,莒光路176號,<1,less_than,1,0,<1,0.49,7.6
114年1月,臺北市,萬華區,萬大路423巷115號,萬大路423巷115號,<1,less_than,1,0,<1,0.54,7.5
114年1月,臺北市,中山區,中山北路1段106-1號,中山北路1段106-1號,<1,less_than,1,0,<1,0.47,7.6
114年1月,臺北市,大同區,延平北路2段61巷16號,延平北路2段61巷16號,<1,less_than,1,0,<1,0.45,7.6
114年1月,臺北市,大同區,大龍街126號,大龍街126號,<1,less_than,1,0,<1,0.5,7.5
114年1月,臺北市,大同區,昌吉街118號,昌吉街118號,<1,less_than,1,0,<1,0.52,7.5
114年1月,臺北市,大同區,哈密街59巷﹝龍塘綠地﹞,哈密街59巷﹝龍塘綠地﹞,<1,less_than,1,0,<1,0.54,7.5
114年1月,臺北市,大同區,迪化街1段268號,迪化街1段268號,<1,less_than,1,0,<1,0.48,7.5
114年1月,臺北市,士林區,承德路四段5-1號,承德路4段5-1號,<1,less_than,1,0,<1,0.51,7.4
114年1月,臺北市,士林區,後港街38巷臨5之1號,後港街38巷臨5之1號,<1,less_than,1,0,<1,0.51,7.4
114年1月,臺北市,北投區,行義路1號,行義路1號,<1,less_than,1,0,<1,0.56,7.2
114年1月,臺北市,士林區,中山北路5段460巷1號,中山北路5段460巷1號,<1,less_than,1,0,<1,0.59,7
114年1月,臺北市,士林區,天母東路69巷30號,天母東路69巷30號,<1,less_than,1,0,<1,0.47,7.4
114年1月,臺北市,士林區,至善路2段322巷口,至善路2段322巷口,<1,less_than,1,0,<1,0.63,7.5
114年1月,臺北市,松山區,南京東路4段52巷16弄口,南京東路4段52巷16弄口,<1,less_than,1,0,<1,0.51,7.5
114年1月,臺北市,大安區,富陽街底（廁所),富陽街底（廁所),<1,less_than,1,0,<1,0.51,7.7
114年1月,臺北市,中正區,思源街1號,思源街1號,<1,less_than,1,0,<1,0.52,7.5
114年1月,臺北市,文山區,羅斯福路六段268號,羅斯福路6段268號,<1,less_than,1,0,<1,0.47,7.6
114年1月,臺北市,大安區,四維路52巷1號對面,四維路52巷1號對面,<1,less_than,1,0,<1,0.47,7.5
114年1月,臺北市,南港區,中坡南路51號,中坡南路51號,<1,less_than,1,0,<1,0.49,7.5
114年1月,臺北市,松山區,敦化??199巷9號旁,敦化北路199巷9號旁,<1,less_than,1,0,<1,0.45,7.5
114年1月,臺北市,內湖區,康寧路3段99巷17弄26號旁,康寧路3段99巷17弄26號旁,<1,less_than,1,0,<1,0.5,7.5
114年1月,臺北市,內湖區,康樂街206號附近,康樂街206號附近,<1,less_than,1,0,<1,0.51,7.5
114年1月,臺北市,文山區,木新路3段55號,木新路3段55號,<1,less_than,1,0,<1,0.47,7.6
114年1月,臺北市,松山區,民權東路5段41-1號,民權東路5段41-1號,<1,less_than,1,0,<1,0.54,7.5
114年1月,臺北市,大安區,師大路105巷與師大路口,師大路105巷與師大路口,<1,less_than,1,0,<1,0.55,7.6
114年1月,臺北市,中山區,中山北路1段110-7號,中山北路1段110-7號,<1,less_than,1,0,<1,0.49,7.5
114年1月,臺北市,文山區,木柵路1段280號　　,木柵路1段280號,<1,less_than,1,0,<1,0.51,7.5
114年1月,臺北市,北投區,承德路七段388號對面﹝北投加壓站﹞,承德路7段388號對面﹝北投加壓站﹞,<1,less_than,1,0,<1,0.38,7.4
114年1月,臺北市,士林區,至善路二段449號,至善路2段449號,<1,less_than,1,0,<1,0.54,7.4
114年1月,臺北市,士林區,格致路198號,格致路198號,<1,less_than,1,0,<1,0.51,7.3
114年1月,臺北市,文山區,景福街19號1樓,景福街19號1樓,<1,less_than,1,0,<1,0.52,7.5
114年1月,臺北市,文山區,興隆路2段234號,興隆路2段234號,<1,less_than,1,0,<1,0.52,7.4
114年1月,臺北市,信義區,莊敬路393號,莊敬路393號,<1,less_than,1,0,<1,0.53,7.6
114年1月,臺北市,大安區,建國南路1段354號,建國南路1段354號,<1,less_than,1,0,<1,0.53,7.6
114年1月,臺北市,松山區,松山區八德路二段366巷21-2號對面,八德路2段366巷21-2號對面,<1,less_than,1,0,<1,0.51,7.5
114年1月,臺北市,萬華區,桂林路167巷14號（三清宮）,桂林路167巷14號（三清宮）,<1,less_than,1,0,<1,0.43,7.3
114年1月,臺北市,松山區,民族東路765號對面公園,民族東路765號對面公園,<1,less_than,1,0,<1,0.53,7.4
114年1月,臺北市,松山區,延壽街373號,延壽街373號,<1,less_than,1,0,<1,0.47,7.3
114年1月,臺北市,北投區,興東街1號對面,興東街1號對面,<1,less_than,1,0,<1,0.34,7.2
114年1月,臺北市,信義區,永吉路120巷92號,永吉路120巷92號,<1,less_than,1,0,<1,0.52,7.3
114年1月,臺北市,內湖區,大湖街166巷大湖公園入口旁,大湖街166巷大湖公園入口旁,<1,less_than,1,0,<1,0.42,7.3
114年1月,臺北市,南港區,研究院路二段1號,研究院路2段1號,<1,less_than,1,0,<1,0.48,7.2
114年1月,新北市,新店區,直潭路127號(直潭淨水場),直潭路127號(直潭淨水場),<1,less_than,1,0,<1,0.45,7.3
114年1月,臺北市,大安區,長興街131號,長興街131號,<1,less_than,1,0,<1,0.5,7.6
114年1月,臺北市,中正區,思源街1號,思源街1號,<1,less_than,1,0,<1,0.48,7.1
114年1月,臺北市,北投區,鹿角坑加壓站 竹子湖路75-1號對面,鹿角坑加壓站 竹子湖路75-1號對面,<1,less_than,1,0,<1,0.56,7.7
114年1月,臺北市,士林區,至善路3段110號,至善路3段110號,<1,less_than,1,0,<1,0.59,7.3
114年1月,臺北市,士林區,菁山路101巷79號,菁山路101巷79號,<1,less_than,1,0,<1,0.61,7.3
114年1月,臺北市,北投區,泉源路260號,泉源路260號,<1,less_than,1,0,<1,0.61,7.7
114年2月,臺北市,內湖區,康樂街206號附近,康樂街206號附近,<1,less_than,1,0,<1,0.45,7.4
114年2月,臺北市,南港區,中坡南路51號,中坡南路51號,<1,less_than,1,0,<1,0.42,7.5
114年2月,臺北市,松山區,民權東路5段41-1號,民權東路5段41-1號,<1,less_than,1,0,<1,0.47,7.4
114年2月,臺北市,內湖區,康寧路3段99巷17弄26號旁,康寧路3段99巷17弄26號旁,<1,less_than,1,0,<1,0.44,7.4
114年2月,臺北市,松山區,南京東路4段52巷16弄口,南京東路4段52巷16弄口,<1,less_than,1,0,<1,0.47,7.4
114年2月,臺北市,松山區,敦化??199巷9號旁,敦化北路199巷9號旁,<1,less_than,1,0,<1,0.49,7.4
114年2月,臺北市,大安區,師大路105巷與師大路口,師大路105巷與師大路口,<1,less_than,1,0,<1,0.52,7.4
114年2月,臺北市,文山區,木柵路1段280號　　,木柵路1段280號,<1,less_than,1,0,<1,0.48,7.3
114年2月,臺北市,文山區,景福街19號1樓,景福街19號1樓,<1,less_than,1,0,<1,0.5,7.3
114年2月,臺北市,文山區,興隆路2段234號,興隆路2段234號,<1,less_than,1,0,<1,0.49,7.3
114年2月,臺北市,信義區,莊敬路393號,莊敬路393號,<1,less_than,1,0,<1,0.49,7.5
114年2月,臺北市,大安區,建國南路1段354號,建國南路1段354號,<1,less_than,1,0,<1,0.56,7.5
114年2月,臺北市,萬華區,柳州街62號,柳州街62號,<1,less_than,1,0,<1,0.54,7.3
114年2月,臺北市,萬華區,西園路1段127號,西園路1段127號,<1,less_than,1,0,<1,0.54,7.3
114年2月,臺北市,萬華區,西藏路171號,西藏路171號,<1,less_than,1,0,<1,0.53,7.3
114年2月,臺北市,萬華區,長泰街8號,長泰街8號,<1,less_than,1,0,<1,0.53,7.2
114年2月,臺北市,萬華區,莒光路176號,莒光路176號,<1,less_than,1,0,<1,0.52,7.3
114年2月,臺北市,萬華區,萬大路423巷115號,萬大路423巷115號,<1,less_than,1,0,<1,0.54,7.3
114年2月,臺北市,中山區,中山北路1段106-1號,中山北路1段106-1號,<1,less_than,1,0,<1,0.52,7.5
114年2月,臺北市,大同區,延平北路2段61巷16號,延平北路2段61巷16號,<1,less_than,1,0,<1,0.47,7.4
114年2月,臺北市,大同區,大龍街126號,大龍街126號,<1,less_than,1,0,<1,0.54,7.5
114年2月,臺北市,大同區,迪化街1段268號,迪化街1段268號,<1,less_than,1,0,<1,0.43,7.4
114年2月,臺北市,大同區,昌吉街118號,昌吉街118號,<1,less_than,1,0,<1,0.51,7.4
114年2月,臺北市,大同區,哈密街59巷﹝龍塘綠地﹞,哈密街59巷﹝龍塘綠地﹞,<1,less_than,1,0,<1,0.51,7.4
114年2月,臺北市,士林區,承德路四段5-1號,承德路4段5-1號,<1,less_than,1,0,<1,0.47,7.3
114年2月,臺北市,士林區,後港街38巷臨5之1號,後港街38巷臨5之1號,<1,less_than,1,0,<1,0.52,7.3
114年2月,臺北市,北投區,行義路1號,行義路1號,<1,less_than,1,0,<1,0.51,7.2
114年2月,臺北市,士林區,至善路2段322巷口,至善路2段322巷口,<1,less_than,1,0,<1,0.62,7.4
114年2月,臺北市,士林區,中山北路5段460巷1號,中山北路5段460巷1號,<1,less_than,1,0,<1,0.67,6.8
114年2月,臺北市,士林區,天母東路69巷30號,天母東路69巷30號,<1,less_than,1,0,<1,0.54,7.4
114年2月,臺北市,北投區,興東街1號對面,興東街1號對面,<1,less_than,1,0,<1,0.44,7.3
114年2月,臺北市,南港區,研究院路二段1號,研究院路2段1號,<1,less_than,1,0,<1,0.5,7.2
114年2月,臺北市,內湖區,大湖街166巷大湖公園入口旁,大湖街166巷大湖公園入口旁,<1,less_than,1,0,<1,0.44,7.4
114年2月,臺北市,信義區,永吉路120巷92號,永吉路120巷92號,<1,less_than,1,0,<1,0.55,7.4
114年2月,新北市,新店區,直潭路127號(直潭淨水場),直潭路127號(直潭淨水場),<1,less_than,1,0,<1,0.55,7.2
114年2月,臺北市,大安區,長興街131號,長興街131號,<1,less_than,1,0,<1,0.59,7.4
114年2月,臺北市,中正區,思源街1號,思源街1號,<1,less_than,1,0,<1,0.58,7.2
114年2月,臺北市,士林區,菁山路101巷79號,菁山路101巷79號,<1,less_than,1,0,<1,0.29,7.4
114年2月,臺北市,士林區,至善路3段110號,至善路3段110號,<1,less_than,1,0,<1,0.55,7.7
114年2月,臺北市,北投區,鹿角坑加壓站 竹子湖路75-1號對面,鹿角坑加壓站 竹子湖路75-1號對面,<1,less_than,1,0,<1,0.57,7.9
114年2月,臺北市,北投區,泉源路260號,泉源路260號,<1,less_than,1,0,<1,0.58,7.6
114年2月,臺北市,松山區,松山區八德路二段366巷21-2號對面,八德路2段366巷21-2號對面,<1,less_than,1,0,<1,0.56,7.4
114年2月,臺北市,萬華區,桂林路167巷14號（三清宮）,桂林路167巷14號（三清宮）,<1,less_than,1,0,<1,0.44,7
114年2月,臺北市,松山區,民族東路765號對面公園,民族東路765號對面公園,<1,less_than,1,0,<1,0.51,7.2
114年2月,臺北市,松山區,延壽街373號,延壽街373號,<1,less_than,1,0,<1,0.53,7.1
114年2月,臺北市,文山區,木新路3段55號,木新路3段55號,<1,less_than,1,0,<1,0.52,7.4
114年2月,臺北市,大安區,富陽街底（廁所),富陽街底（廁所),<1,less_than,1,0,<1,0.52,7.5
114年2月,臺北市,中正區,思源街1號,思源街1號,<1,less_than,1,0,<1,0.52,7.3
114年2月,臺北市,文山區,羅斯福路六段268號,羅斯福路6段268號,<1,less_than,1,0,<1,0.55,7.4
114年2月,臺北市,大安區,四維路52巷1號對面,四維路52巷1號對面,<1,less_than,1,0,<1,0.52,7.4
114年2月,臺北市,北投區,承德路七段388號對面﹝北投加壓站﹞,承德路7段388號對面﹝北投加壓站﹞,<1,less_than,1,0,<1,0.56,7.4
114年2月,臺北市,中山區,中山北路1段110-7號,中山北路1段110-7號,<1,less_than,1,0,<1,0.57,7.6
114年2月,臺北市,士林區,至善路二段449號,至善路2段449號,<1,less_than,1,0,<1,0.56,7.3
114年2月,臺北市,士林區,格致路198號,格致路198號,<1,less_than,1,0,<1,0.51,7
114年3月,臺北市,信義區,永吉路120巷92號,永吉路120巷92號,<1,less_than,1,0,<1,0.63,7.4
114年3月,臺北市,內湖區,大湖街166巷大湖公園入口旁,大湖街166巷大湖公園入口旁,<1,less_than,1,0,<1,0.44,7.4
114年3月,臺北市,南港區,研究院路二段1號,研究院路2段1號,<1,less_than,1,0,<1,0.55,7.4
114年3月,臺北市,北投區,興東街1號對面,興東街1號對面,<1,less_than,1,0,<1,0.54,7.5
114年3月,臺北市,萬華區,桂林路167巷14號（三清宮）,桂林路167巷14號（三清宮）,<1,less_than,1,0,<1,0.41,7.3
114年3月,臺北市,松山區,民族東路765號對面公園,民族東路765號對面公園,<1,less_than,1,0,<1,0.41,7.2
114年3月,臺北市,松山區,延壽街373號,延壽街373號,<1,less_than,1,0,<1,0.41,7.3
114年3月,臺北市,松山區,松山區八德路二段366巷21-2號對面,八德路2段366巷21-2號對面,<1,less_than,1,0,<1,0.46,7.4
114年3月,臺北市,文山區,羅斯福路六段268號,羅斯福路6段268號,<1,less_than,1,0,<1,0.51,7.3
114年3月,臺北市,文山區,木新路3段55號,木新路3段55號,<1,less_than,1,0,<1,0.51,7.4
114年3月,臺北市,大安區,富陽街底（廁所),富陽街底（廁所),<1,less_than,1,0,<1,0.55,7.4
114年3月,臺北市,中正區,思源街1號,思源街1號,<1,less_than,1,0,<1,0.56,7.3
114年3月,臺北市,大安區,四維路52巷1號對面,四維路52巷1號對面,<1,less_than,1,0,<1,0.54,7.4
114年3月,臺北市,北投區,承德路七段388號對面﹝北投加壓站﹞,承德路7段388號對面﹝北投加壓站﹞,<1,less_than,1,0,<1,0.55,7.5
114年3月,臺北市,中山區,中山北路1段110-7號,中山北路1段110-7號,<1,less_than,1,0,<1,0.44,7.4
114年3月,臺北市,士林區,至善路二段449號,至善路2段449號,<1,less_than,1,0,<1,0.5,7.2
114年3月,臺北市,士林區,格致路198號,格致路198號,<1,less_than,1,0,<1,0.49,7.2
114年3月,臺北市,松山區,松山區延壽街373號,延壽街373號,<1,less_than,1,0,<1,0.57,7.3
114年3月,臺北市,內湖區,康寧路3段99巷17弄26號旁,康寧路3段99巷17弄26號旁,<1,less_than,1,0,<1,0.52,7.3
114年3月,臺北市,內湖區,康樂街206號附近,康樂街206號附近,<1,less_than,1,0,<1,0.48,7.3
114年3月,臺北市,南港區,中坡南路51號,中坡南路51號,<1,less_than,1,0,<1,0.59,7.4
114年3月,臺北市,松山區,南京東路4段52巷16弄口,南京東路4段52巷16弄口,<1,less_than,1,0,<1,0.57,7.3
114年3月,臺北市,松山區,敦化??199巷9號旁,敦化北路199巷9號旁,<1,less_than,1,0,<1,0.52,7.4
114年3月,臺北市,大安區,建國南路1段354號,建國南路1段354號,<1,less_than,1,0,<1,0.64,7.5
114年3月,臺北市,大安區,師大路105巷與師大路口,師大路105巷與師大路口,<1,less_than,1,0,<1,0.62,7.5
114年3月,臺北市,文山區,景福街19號1樓,景福街19號1樓,<1,less_than,1,0,<1,0.55,7.3
114年3月,臺北市,文山區,興隆路2段234號,興隆路2段234號,<1,less_than,1,0,<1,0.54,7.3
114年3月,臺北市,文山區,木柵路1段280號　　,木柵路1段280號,<1,less_than,1,0,<1,0.56,7.4
114年3月,臺北市,信義區,莊敬路393號,莊敬路393號,<1,less_than,1,0,<1,0.59,7.5
114年3月,新北市,新店區,直潭路127號(直潭淨水場),直潭路127號(直潭淨水場),<1,less_than,1,0,<1,0.57,7.2
114年3月,臺北市,大安區,長興街131號,長興街131號,<1,less_than,1,0,<1,0.52,7.4
114年3月,臺北市,中正區,思源街1號,思源街1號,<1,less_than,1,0,<1,0.56,7.2
114年3月,臺北市,士林區,菁山路101巷79號,菁山路101巷79號,<1,less_than,1,0,<1,0.65,7.4
114年3月,臺北市,士林區,至善路3段110號,至善路3段110號,<1,less_than,1,0,<1,0.63,7.6
114年3月,臺北市,北投區,泉源路260號,泉源路260號,<1,less_than,1,0,<1,0.55,7.6
114年3月,臺北市,北投區,鹿角坑加壓站 竹子湖路75-1號對面,鹿角坑加壓站 竹子湖路75-1號對面,<1,less_than,1,0,<1,0.59,7.5
114年3月,臺北市,萬華區,西園路1段127號,西園路1段127號,<1,less_than,1,0,<1,0.54,7.4
114年3月,臺北市,萬華區,柳州街62號,柳州街62號,<1,less_than,1,0,<1,0.56,7.5
114年3月,臺北市,萬華區,西藏路171號,西藏路171號,<1,less_than,1,0,<1,0.56,7.4
114年3月,臺北市,萬華區,長泰街8號,長泰街8號,<1,less_than,1,0,<1,0.55,7.4
114年3月,臺北市,萬華區,莒光路176號,莒光路176號,<1,less_than,1,0,<1,0.59,7.4
114年3月,臺北市,萬華區,萬大路423巷115號,萬大路423巷115號,<1,less_than,1,0,<1,0.55,7.4
114年3月,臺北市,中山區,中山北路1段106-1號,中山北路1段106-1號,<1,less_than,1,0,<1,0.46,7.5
114年3月,臺北市,大同區,延平北路2段61巷16號,延平北路2段61巷16號,<1,less_than,1,0,<1,0.47,7.4
114年3月,臺北市,大同區,大龍街126號,大龍街126號,<1,less_than,1,0,<1,0.49,7.5
114年3月,臺北市,大同區,迪化街1段268號,迪化街1段268號,<1,less_than,1,0,<1,0.49,7.5
114年3月,臺北市,大同區,昌吉街118號,昌吉街118號,<1,less_than,1,0,<1,0.54,7.5
114年3月,臺北市,大同區,哈密街59巷﹝龍塘綠地﹞,哈密街59巷﹝龍塘綠地﹞,<1,less_than,1,0,<1,0.53,7.5
114年3月,臺北市,士林區,承德路四段5-1號,承德路4段5-1號,<1,less_than,1,0,<1,0.55,7.5
114年3月,臺北市,士林區,後港街38巷臨5之1號,後港街38巷臨5之1號,<1,less_than,1,0,<1,0.5,7.3
114年3月,臺北市,北投區,行義路1號,行義路1號,<1,less_than,1,0,<1,0.43,7.2
114年3月,臺北市,士林區,中山北路5段460巷1號,中山北路5段460巷1號,<1,less_than,1,0,<1,0.56,7.1
114年3月,臺北市,士林區,天母東路69巷30號,天母東路69巷30號,<1,less_than,1,0,<1,0.58,7.5
114年3月,臺北市,士林區,至善路2段322巷口,至善路2段322巷口,<1,less_than,1,0,<1,0.58,7.4
114年4月,臺北市,信義區,永吉路120巷92號,永吉路120巷92號,<1,less_than,1,0,<1,0.54,7.3
114年4月,臺北市,內湖區,大湖街166巷大湖公園入口旁,大湖街166巷大湖公園入口旁,<1,less_than,1,0,<1,0.45,7.1
114年4月,臺北市,南港區,研究院路二段1號,研究院路2段1號,<1,less_than,1,0,<1,0.49,7.2
114年4月,臺北市,北投區,興東街1號對面,興東街1號對面,<1,less_than,1,0,<1,0.43,7.1
114年4月,臺北市,萬華區,桂林路167巷14號（三清宮）,桂林路167巷14號（三清宮）,<1,less_than,1,0,<1,0.4,7.1
114年4月,臺北市,松山區,民族東路765號對面公園,民族東路765號對面公園,<1,less_than,1,0,<1,0.59,7.5
114年4月,臺北市,松山區,松山區八德路二段146巷1弄8號對面,八德路2段146巷1弄8號對面,<1,less_than,1,0,<1,0.55,7.4
114年4月,臺北市,松山區,松山區延壽街373號,延壽街373號,<1,less_than,1,0,<1,0.57,7.4
114年4月,臺北市,文山區,羅斯福路六段268號,羅斯福路6段268號,<1,less_than,1,0,<1,0.5,7.6
114年4月,臺北市,文山區,木新路3段55號,木新路3段55號,<1,less_than,1,0,<1,0.48,7.5
114年4月,臺北市,大安區,富陽街底（廁所),富陽街底（廁所),<1,less_than,1,0,<1,0.47,7.5
114年4月,臺北市,中正區,思源街1號,思源街1號,<1,less_than,1,0,<1,0.54,7.6
114年4月,臺北市,大安區,四維路52巷1號對面,四維路52巷1號對面,<1,less_than,1,0,<1,0.47,7.4
114年4月,臺北市,大安區,長興街131號,長興街131號,<1,less_than,1,0,<1,0.57,7.4
114年4月,臺北市,中山區,中山北路1段110-7號,中山北路1段110-7號,<1,less_than,1,0,<1,0.54,7.1
114年4月,臺北市,中正區,思源街1號,思源街1號,<1,less_than,1,0,<1,0.56,7.2
114年4月,新北市,新店區,新店區直潭路127號,直潭路127號,<1,less_than,1,0,<1,0.53,7.2
114年4月,臺北市,士林區,至善路二段449號,至善路2段449號,<1,less_than,1,0,<1,0.53,7.2
114年4月,臺北市,士林區,格致路198號,格致路198號,<1,less_than,1,0,<1,0.48,6.8
114年4月,臺北市,北投區,承德路七段388號對面﹝北投加壓站﹞,承德路7段388號對面﹝北投加壓站﹞,<1,less_than,1,0,<1,0.55,7.4
114年4月,臺北市,松山區,松山區健康路15巷交口,健康路15巷交口,<1,less_than,1,0,<1,0.5,7.3
114年4月,臺北市,內湖區,康寧路3段99巷17弄26號旁,康寧路3段99巷17弄26號旁,<1,less_than,1,0,<1,0.51,7.4
114年4月,臺北市,士林區,菁山路101巷79號,菁山路101巷79號,<1,less_than,1,0,<1,0.61,7.3
114年4月,臺北市,士林區,至善路3段110號,至善路3段110號,<1,less_than,1,0,<1,0.55,7.6
114年4月,臺北市,內湖區,康樂街206號附近,康樂街206號附近,<1,less_than,1,0,<1,0.5,7.4
114年4月,臺北市,北投區,泉源路260號,泉源路260號,<1,less_than,1,0,<1,0.57,7.5
114年4月,臺北市,北投區,鹿角坑加壓站 竹子湖路75-1號對面,鹿角坑加壓站 竹子湖路75-1號對面,<1,less_than,1,0,<1,0.64,7.5
114年4月,臺北市,南港區,中坡南路51號,中坡南路51號,<1,less_than,1,0,<1,0.51,7.4
114年4月,臺北市,松山區,敦化??199巷9號旁,敦化北路199巷9號旁,<1,less_than,1,0,<1,0.54,7.4
114年4月,臺北市,松山區,南京東路4段52巷16弄口,南京東路4段52巷16弄口,<1,less_than,1,0,<1,0.61,7.2
114年4月,臺北市,大安區,建國南路1段354號,建國南路1段354號,<1,less_than,1,0,<1,0.49,7.4
114年4月,臺北市,大安區,師大路105巷與師大路口,師大路105巷與師大路口,<1,less_than,1,0,<1,0.63,7.5
114年4月,臺北市,文山區,景福街19號1樓,景福街19號1樓,<1,less_than,1,0,<1,0.6,7.3
114年4月,臺北市,文山區,興隆路2段234號,興隆路2段234號,<1,less_than,1,0,<1,0.54,7.3
114年4月,臺北市,信義區,莊敬路393號,莊敬路393號,<1,less_than,1,0,<1,0.54,7.4
114年4月,臺北市,文山區,木柵路1段280號　　,木柵路1段280號,<1,less_than,1,0,<1,0.57,7.4
114年4月,臺北市,萬華區,柳州街62號,柳州街62號,<1,less_than,1,0,<1,0.55,7.3
114年4月,臺北市,萬華區,西園路1段127號,西園路1段127號,<1,less_than,1,0,<1,0.53,7.3
114年4月,臺北市,萬華區,西藏路171號,西藏路171號,<1,less_than,1,0,<1,0.52,7.3
114年4月,臺北市,萬華區,長泰街8號,長泰街8號,<1,less_than,1,0,<1,0.39,7.3
114年4月,臺北市,萬華區,莒光路176號,莒光路176號,<1,less_than,1,0,<1,0.55,7.3
114年4月,臺北市,萬華區,萬大路423巷115號,萬大路423巷115號,<1,less_than,1,0,<1,0.53,7.3
114年4月,臺北市,中山區,中山北路1段106-1號,中山北路1段106-1號,<1,less_than,1,0,<1,0.45,7.4
114年4月,臺北市,大同區,延平北路2段61巷16號,延平北路2段61巷16號,<1,less_than,1,0,<1,0.47,7.3
114年4月,臺北市,大同區,大龍街126號,大龍街126號,<1,less_than,1,0,<1,0.52,7.4
114年4月,臺北市,大同區,迪化街1段268號,迪化街1段268號,<1,less_than,1,0,<1,0.5,7.4
114年4月,臺北市,大同區,昌吉街118號,昌吉街118號,<1,less_than,1,0,<1,0.58,7.4
114年4月,臺北市,大同區,哈密街59巷﹝龍塘綠地﹞,哈密街59巷﹝龍塘綠地﹞,<1,less_than,1,0,<1,0.55,7.3
114年4月,臺北市,士林區,承德路四段5-1號,承德路4段5-1號,<1,less_than,1,0,<1,0.5,7.2
114年4月,臺北市,士林區,後港街38巷臨5之1號,後港街38巷臨5之1號,<1,less_than,1,0,<1,0.48,7.1
114年4月,臺北市,士林區,中山北路5段460巷1號,中山北路5段460巷1號,<1,less_than,1,0,<1,0.54,6.9
114年4月,臺北市,士林區,天母東路69巷30號,天母東路69巷30號,<1,less_than,1,0,<1,0.49,7.2
114年4月,臺北市,北投區,行義路1號,行義路1號,<1,less_than,1,0,<1,0.48,7.1
114年4月,臺北市,士林區,至善路2段322巷口,至善路2段322巷口,<1,less_than,1,0,<1,0.56,7.3
114年5月,新北市,新店區,新店區直潭路127號,直潭路127號,<1,less_than,1,0,<1,0.55,7.2
114年5月,臺北市,大安區,長興街131號,長興街131號,<1,less_than,1,0,<1,0.53,7.3
114年5月,臺北市,中正區,思源街1號,思源街1號,<1,less_than,1,0,<1,0.49,7.3
114年5月,臺北市,北投區,鹿角坑加壓站 竹子湖路75-1號對面,鹿角坑加壓站 竹子湖路75-1號對面,<1,less_than,1,0,<1,0.53,7.5
114年5月,臺北市,士林區,至善路3段110號,至善路3段110號,<1,less_than,1,0,<1,0.56,7.6
114年5月,臺北市,士林區,菁山路101巷79號,菁山路101巷79號,<1,less_than,1,0,<1,0.67,7.2
114年5月,臺北市,北投區,泉源路260號,泉源路260號,<1,less_than,1,0,<1,0.57,7.6
114年5月,臺北市,內湖區,大湖街166巷大湖公園入口旁,大湖街166巷大湖公園入口旁,<1,less_than,1,0,<1,0.49,7.3
114年5月,臺北市,信義區,永吉路120巷92號,永吉路120巷92號,<1,less_than,1,0,<1,0.52,7.4
114年5月,臺北市,北投區,興東街1號對面,興東街1號對面,<1,less_than,1,0,<1,0.47,7.3
114年5月,臺北市,南港區,研究院路二段1號,研究院路2段1號,<1,less_than,1,0,<1,0.44,7.2
114年5月,臺北市,松山區,民族東路765號對面公園,民族東路765號對面公園,<1,less_than,1,0,<1,0.54,7
114年5月,臺北市,萬華區,桂林路167巷14號（三清宮）,桂林路167巷14號（三清宮）,<1,less_than,1,0,<1,0.36,7
114年5月,臺北市,松山區,松山區八德路二段146巷1弄8號對面,八德路2段146巷1弄8號對面,<1,less_than,1,0,<1,0.53,7
114年5月,臺北市,松山區,松山區延壽街373號,延壽街373號,<1,less_than,1,0,<1,0.5,6.9
114年5月,臺北市,文山區,木新路3段55號,木新路3段55號,<1,less_than,1,0,<1,0.45,7
114年5月,臺北市,大安區,富陽街底（廁所),富陽街底（廁所),<1,less_than,1,0,<1,0.55,7
114年5月,臺北市,文山區,羅斯福路六段268號,羅斯福路6段268號,<1,less_than,1,0,<1,0.47,7.2
114年5月,臺北市,中正區,思源街1號,思源街1號,<1,less_than,1,0,<1,0.54,7.1
114年5月,臺北市,大安區,四維路52巷1號對面,四維路52巷1號對面,<1,less_than,1,0,<1,0.54,7.1
114年5月,臺北市,士林區,至善路二段449號,至善路2段449號,<1,less_than,1,0,<1,0.55,7.2
114年5月,臺北市,中山區,中山北路1段110-7號,中山北路1段110-7號,<1,less_than,1,0,<1,0.51,7.3
114年5月,臺北市,士林區,格致路198號,格致路198號,<1,less_than,1,0,<1,0.49,7.1
114年5月,臺北市,北投區,承德路七段388號對面﹝北投加壓站﹞,承德路7段388號對面﹝北投加壓站﹞,<1,less_than,1,0,<1,0.43,7.2
114年5月,臺北市,松山區,松山區健康路15巷交口,健康路15巷交口,<1,less_than,1,0,<1,0.52,7.2
114年5月,臺北市,內湖區,康樂街206號附近,康樂街206號附近,<1,less_than,1,0,<1,0.5,7.2
114年5月,臺北市,內湖區,康寧路3段99巷17弄26號旁,康寧路3段99巷17弄26號旁,<1,less_than,1,0,<1,0.54,7.2
114年5月,臺北市,松山區,敦化??199巷9號旁,敦化北路199巷9號旁,<1,less_than,1,0,11,0.51,7.2
114年5月,臺北市,南港區,中坡南路51號,中坡南路51號,<1,less_than,1,0,<1,0.49,7.2
114年5月,臺北市,松山區,南京東路4段52巷16弄口,南京東路4段52巷16弄口,<1,less_than,1,0,<1,0.49,7.2
114年5月,臺北市,大安區,師大路105巷與師大路口,師大路105巷與師大路口,<1,less_than,1,0,<1,0.54,7.4
114年5月,臺北市,大安區,建國南路1段354號,建國南路1段354號,<1,less_than,1,0,<1,0.46,7.5
114年5月,臺北市,文山區,景福街19號1樓,景福街19號1樓,<1,less_than,1,0,<1,0.44,7.3
114年5月,臺北市,文山區,興隆路2段234號,興隆路2段234號,<1,less_than,1,0,<1,0.49,7.3
114年5月,臺北市,信義區,莊敬路393號,莊敬路393號,<1,less_than,1,0,<1,0.57,7.4
114年5月,臺北市,文山區,木柵路1段280號　　,木柵路1段280號,<1,less_than,1,0,<1,0.58,7.3
114年5月,臺北市,萬華區,柳州街62號,柳州街62號,<1,less_than,1,0,<1,0.52,7.3
114年5月,臺北市,萬華區,西園路1段127號,西園路1段127號,<1,less_than,1,0,<1,0.56,7.3
114年5月,臺北市,萬華區,西藏路171號,西藏路171號,<1,less_than,1,0,<1,0.55,7.3
114年5月,臺北市,萬華區,長泰街8號,長泰街8號,<1,less_than,1,0,<1,0.5,7.3
114年5月,臺北市,萬華區,莒光路176號,莒光路176號,<1,less_than,1,0,<1,0.54,7.2
114年5月,臺北市,萬華區,萬大路423巷115號,萬大路423巷115號,<1,less_than,1,0,<1,0.52,7.1
114年5月,臺北市,中山區,中山北路1段106-1號,中山北路1段106-1號,<1,less_than,1,0,<1,0.54,7.2
114年5月,臺北市,大同區,延平北路2段61巷16號,延平北路2段61巷16號,<1,less_than,1,0,<1,0.46,7.1
114年5月,臺北市,大同區,大龍街126號,大龍街126號,<1,less_than,1,0,<1,0.53,7.2
114年5月,臺北市,大同區,迪化街1段268號,迪化街1段268號,<1,less_than,1,0,<1,0.38,7.1
114年5月,臺北市,大同區,昌吉街118號,昌吉街118號,<1,less_than,1,0,<1,0.52,7.2
114年5月,臺北市,大同區,哈密街59巷﹝龍塘綠地﹞,哈密街59巷﹝龍塘綠地﹞,<1,less_than,1,0,<1,0.5,7.2
114年5月,臺北市,士林區,承德路四段5-1號,承德路4段5-1號,<1,less_than,1,0,<1,0.5,7.1
114年5月,臺北市,士林區,後港街38巷臨5之1號,後港街38巷臨5之1號,<1,less_than,1,0,<1,0.49,7.1
114年5月,臺北市,士林區,中山北路5段460巷1號,中山北路5段460巷1號,<1,less_than,1,0,<1,0.55,6.8
114年5月,臺北市,士林區,天母東路69巷30號,天母東路69巷30號,<1,less_than,1,0,<1,0.48,7.2
114年5月,臺北市,北投區,行義路1號,行義路1號,<1,less_than,1,0,<1,0.45,7.1
114年5月,臺北市,士林區,至善路2段322巷口,至善路2段322巷口,<1,less_than,1,0,<1,0.51,7.2
114年6月,新北市,新店區,新店區直潭路127號,直潭路127號,<1,less_than,1,0,<1,0.48,7.1
114年6月,臺北市,大安區,長興街131號,長興街131號,<1,less_than,1,0,<1,0.54,7.3
114年6月,臺北市,中正區,思源街1號,思源街1號,<1,less_than,1,0,<1,0.56,7.2
114年6月,臺北市,士林區,菁山路101巷79號,菁山路101巷79號,<1,less_than,1,0,<1,0.48,7.5
114年6月,臺北市,士林區,至善路3段110號,至善路3段110號,<1,less_than,1,0,<1,0.53,7.4
114年6月,臺北市,北投區,泉源路260號,泉源路260號,<1,less_than,1,0,<1,0.57,7.5
114年6月,臺北市,北投區,鹿角坑加壓站 竹子湖路75-1號對面,鹿角坑加壓站 竹子湖路75-1號對面,<1,less_than,1,0,<1,0.59,7.8
114年6月,臺北市,松山區,松山區健康路15巷交口,健康路15巷交口,<1,less_than,1,0,<1,0.62,7.1
114年6月,臺北市,內湖區,康樂街206號附近,康樂街206號附近,<1,less_than,1,0,<1,0.58,7.2
114年6月,臺北市,內湖區,成功路五段152巷對面,成功路5段152巷對面,<1,less_than,1,0,<1,0.33,7.2
114年6月,臺北市,信義區,永吉路120巷92號,永吉路120巷92號,<1,less_than,1,0,<1,0.53,7.2
114年6月,臺北市,北投區,興東街1號對面,興東街1號對面,<1,less_than,1,0,<1,0.45,7.2
114年6月,臺北市,南港區,中坡南路51號,中坡南路51號,<1,less_than,1,0,<1,0.5,7.2
114年6月,臺北市,松山區,南京東路4段52巷16弄口,南京東路4段52巷16弄口,<1,less_than,1,0,<1,0.47,7.2
114年6月,臺北市,南港區,研究院路二段1號,研究院路2段1號,<1,less_than,1,0,<1,0.47,7.3
114年6月,臺北市,松山區,敦化??199巷9號旁,敦化北路199巷9號旁,<1,less_than,1,0,<1,0.49,7.1
114年6月,臺北市,內湖區,康寧路3段99巷17弄26號旁,康寧路3段99巷17弄26號旁,<1,less_than,1,0,<1,0.46,7.2
114年6月,臺北市,松山區,民族東路765號對面公園,民族東路765號對面公園,<1,less_than,1,0,<1,0.37,7
114年6月,臺北市,文山區,景福街19號1樓,景福街19號1樓,<1,less_than,1,0,<1,0.56,7
114年6月,臺北市,大安區,師大路105巷與師大路口,師大路105巷與師大路口,<1,less_than,1,0,<1,0.6,7.1
114年6月,臺北市,文山區,興隆路2段234號,興隆路2段234號,<1,less_than,1,0,<1,0.57,7
114年6月,臺北市,松山區,松山區八德路二段146巷1弄8號對面,八德路2段146巷1弄8號對面,<1,less_than,1,0,<1,0.55,7.3
114年6月,臺北市,文山區,木柵路1段280號　　,木柵路1段280號,<1,less_than,1,0,<1,0.54,7
114年6月,臺北市,松山區,延壽街373號,延壽街373號,<1,less_than,1,0,<1,0.48,7.1
114年6月,臺北市,大安區,建國南路1段354號,建國南路1段354號,<1,less_than,1,0,<1,0.46,7.1
114年6月,臺北市,萬華區,桂林路167巷14號（三清宮）,桂林路167巷14號（三清宮）,<1,less_than,1,0,<1,0.43,7.1
114年6月,臺北市,信義區,莊敬路393號,莊敬路393號,<1,less_than,1,0,<1,0.46,7.1
114年6月,臺北市,大安區,富陽街底（廁所),富陽街底（廁所),<1,less_than,1,0,<1,0.53,7.3
114年6月,臺北市,大安區,四維路52巷1號對面,四維路52巷1號對面,<1,less_than,1,0,<1,0.5,7.3
114年6月,臺北市,中正區,思源街1號,思源街1號,<1,less_than,1,0,<1,0.52,7.2
114年6月,臺北市,文山區,木新路3段55號,木新路3段55號,<1,less_than,1,0,<1,0.53,7.2
114年6月,臺北市,文山區,羅斯福路六段268號,羅斯福路6段268號,<1,less_than,1,0,<1,0.54,7.3
114年6月,臺北市,中山區,中山北路1段110-7號,中山北路1段110-7號,<1,less_than,1,0,<1,0.53,7.3
114年6月,臺北市,士林區,至善路二段449號,至善路2段449號,<1,less_than,1,0,<1,0.52,7.5
114年6月,臺北市,萬華區,柳州街62號,柳州街62號,<1,less_than,1,0,<1,0.55,7.2
114年6月,臺北市,士林區,格致路198號,格致路198號,<1,less_than,1,0,<1,0.61,7
114年6月,臺北市,北投區,承德路七段388號對面﹝北投加壓站﹞,承德路7段388號對面﹝北投加壓站﹞,<1,less_than,1,0,<1,0.52,7.4
114年6月,臺北市,萬華區,西園路1段127號,西園路1段127號,<1,less_than,1,0,<1,0.56,7.2
114年6月,臺北市,萬華區,西藏路171號,西藏路171號,<1,less_than,1,0,<1,0.58,7.1
114年6月,臺北市,萬華區,長泰街8號,長泰街8號,<1,less_than,1,0,<1,0.55,7.1
114年6月,臺北市,萬華區,莒光路176號,莒光路176號,<1,less_than,1,0,<1,0.56,7.1
114年6月,臺北市,萬華區,萬大路423巷115號,萬大路423巷115號,<1,less_than,1,0,<1,0.56,7.1
114年6月,臺北市,中山區,中山北路1段106-1號,中山北路1段106-1號,<1,less_than,1,0,<1,0.45,7.3
114年6月,臺北市,大同區,昌吉街118號,昌吉街118號,<1,less_than,1,0,<1,0.5,7.2
114年6月,臺北市,大同區,大龍街126號,大龍街126號,<1,less_than,1,0,<1,0.51,7.3
114年6月,臺北市,大同區,哈密街59巷﹝龍塘綠地﹞,哈密街59巷﹝龍塘綠地﹞,<1,less_than,1,0,<1,0.58,7.2
114年6月,臺北市,大同區,延平北路2段61巷16號,延平北路2段61巷16號,<1,less_than,1,0,<1,0.48,7.1
114年6月,臺北市,大同區,迪化街1段268號,迪化街1段268號,<1,less_than,1,0,<1,0.49,7.2
114年6月,臺北市,士林區,承德路四段5-1號,承德路4段5-1號,<1,less_than,1,0,<1,0.52,7.2
114年6月,臺北市,北投區,行義路1號,行義路1號,<1,less_than,1,0,<1,0.54,7.1
114年6月,臺北市,士林區,後港街38巷臨5之1號,後港街38巷臨5之1號,<1,less_than,1,0,<1,0.5,7.2
114年6月,臺北市,士林區,中山北路5段460巷1號,中山北路5段460巷1號,<1,less_than,1,0,<1,0.47,6.9
114年6月,臺北市,士林區,天母東路69巷30號,天母東路69巷30號,<1,less_than,1,0,<1,0.49,7.2
114年6月,臺北市,士林區,至善路2段322巷口,至善路2段322巷口,<1,less_than,1,0,<1,0.49,7.1
114年7月,新北市,新店區,直潭路127號(直潭淨水場),直潭路127號(直潭淨水場),<1,less_than,1,0,<1,0.55,7.2
114年7月,臺北市,大安區,長興街131號,長興街131號,<1,less_than,1,0,<1,0.58,7.4
114年7月,臺北市,中正區,思源街1號,思源街1號,<1,less_than,1,0,<1,0.51,7
114年7月,臺北市,士林區,至善路3段110號,至善路3段110號,<1,less_than,1,0,<1,0.5,7.6
114年7月,臺北市,北投區,鹿角坑加壓站 竹子湖路75-1號對面,鹿角坑加壓站 竹子湖路75-1號對面,<1,less_than,1,0,<1,0.61,8
114年7月,臺北市,北投區,泉源路260號,泉源路260號,<1,less_than,1,0,<1,0.6,7.6
114年7月,臺北市,士林區,菁山路101巷79號,菁山路101巷79號,<1,less_than,1,0,<1,0.57,7.5
114年7月,臺北市,內湖區,成功路五段152巷對面,成功路5段152巷對面,<1,less_than,1,0,<1,0.44,7.4
114年7月,臺北市,信義區,永吉路120巷92號,永吉路120巷92號,<1,less_than,1,0,<1,0.5,7.4
114年7月,臺北市,北投區,興東街1號對面,興東街1號對面,<1,less_than,1,0,<1,0.44,7.3
114年7月,臺北市,南港區,研究院路二段1號,研究院路2段1號,<1,less_than,1,0,<1,0.47,7.2
114年7月,臺北市,松山區,松山區延壽街373號,延壽街373號,<1,less_than,1,0,<1,0.54,7.1
114年7月,臺北市,萬華區,桂林路167巷14號（三清宮）,桂林路167巷14號（三清宮）,<1,less_than,1,0,<1,0.37,7.2
114年7月,臺北市,松山區,民族東路765號對面公園,民族東路765號對面公園,<1,less_than,1,0,<1,0.59,7.1
114年7月,臺北市,松山區,松山區八德路二段146巷1弄8號對面,八德路2段146巷1弄8號對面,<1,less_than,1,0,<1,0.5,7.3
114年7月,臺北市,文山區,木新路3段55號,木新路3段55號,<1,less_than,1,0,<1,0.49,7.4
114年7月,臺北市,大安區,富陽街底（廁所),富陽街底（廁所),<1,less_than,1,0,<1,0.53,7.5
114年7月,臺北市,文山區,羅斯福路六段268號,羅斯福路6段268號,<1,less_than,1,0,<1,0.49,7.4
114年7月,臺北市,大安區,建國南路一段354號,建國南路1段354號,<1,less_than,1,0,<1,0.54,7.4
114年7月,臺北市,中正區,思源街1號,思源街1號,<1,less_than,1,0,<1,0.52,7.3
114年7月,臺北市,士林區,至善路二段449號,至善路2段449號,<1,less_than,1,0,<1,0.49,7.2
114年7月,臺北市,中山區,中山北路1段110-7號,中山北路1段110-7號,<1,less_than,1,0,<1,0.47,7.3
114年7月,臺北市,士林區,格致路198號,格致路198號,<1,less_than,1,0,<1,0.54,7
114年7月,臺北市,北投區,承德路七段388號對面﹝北投加壓站﹞,承德路7段388號對面﹝北投加壓站﹞,<1,less_than,1,0,<1,0.48,7.3
114年7月,臺北市,松山區,松山區健康路15巷交口,健康路15巷交口,<1,less_than,1,0,<1,0.42,6.9
114年7月,臺北市,內湖區,康樂街206號附近,康樂街206號附近,<1,less_than,1,0,<1,0.44,7
114年7月,臺北市,內湖區,康寧路3段99巷17弄26號旁,康寧路3段99巷17弄26號旁,<1,less_than,1,0,<1,0.54,7
114年7月,臺北市,松山區,南京東路4段52巷16弄口,南京東路4段52巷16弄口,<1,less_than,1,0,<1,0.61,6.9
114年7月,臺北市,南港區,中坡南路51號,中坡南路51號,<1,less_than,1,0,<1,0.51,7
114年7月,臺北市,松山區,敦化??199巷9號旁,敦化北路199巷9號旁,<1,less_than,1,0,<1,0.39,7.1
114年7月,臺北市,大安區,師大路105巷與師大路口,師大路105巷與師大路口,<1,less_than,1,0,<1,0.49,7
114年7月,臺北市,大安區,建國南路1段354號,建國南路1段354號,<1,less_than,1,0,<1,0.55,7.1
114年7月,臺北市,文山區,景福街19號1樓,景福街19號1樓,<1,less_than,1,0,<1,0.6,7
114年7月,臺北市,文山區,興隆路2段234號,興隆路2段234號,<1,less_than,1,0,<1,0.56,6.9
114年7月,臺北市,信義區,莊敬路393號,莊敬路393號,<1,less_than,1,0,<1,0.52,7.1
114年7月,臺北市,文山區,木柵路1段280號　　,木柵路1段280號,<1,less_than,1,0,<1,0.48,7
114年7月,臺北市,萬華區,柳州街62號,柳州街62號,<1,less_than,1,0,<1,0.66,7.4
114年7月,臺北市,萬華區,西園路1段127號,西園路1段127號,<1,less_than,1,0,<1,0.58,7.4
114年7月,臺北市,萬華區,西藏路171號,西藏路171號,<1,less_than,1,0,<1,0.58,7.4
114年7月,臺北市,萬華區,長泰街8號,長泰街8號,<1,less_than,1,0,<1,0.58,7.4
114年7月,臺北市,萬華區,莒光路176號,莒光路176號,<1,less_than,1,0,<1,0.68,7.4
114年7月,臺北市,萬華區,萬大路423巷115號,萬大路423巷115號,<1,less_than,1,0,<1,0.57,7.2
114年7月,臺北市,中山區,中山北路1段106-1號,中山北路1段106-1號,<1,less_than,1,0,<1,0.42,7.1
114年7月,臺北市,大同區,延平北路2段61巷16號,延平北路2段61巷16號,<1,less_than,1,0,<1,0.51,7.1
114年7月,臺北市,大同區,大龍街126號,大龍街126號,<1,less_than,1,0,<1,0.58,7.1
114年7月,臺北市,大同區,迪化街1段268號,迪化街1段268號,<1,less_than,1,0,<1,0.47,7
114年7月,臺北市,大同區,昌吉街118號,昌吉街118號,<1,less_than,1,0,<1,0.6,7.1
114年7月,臺北市,大同區,哈密街59巷﹝龍塘綠地﹞,哈密街59巷﹝龍塘綠地﹞,<1,less_than,1,0,<1,0.55,7.1
114年7月,臺北市,士林區,承德路四段5-1號,承德路4段5-1號,<1,less_than,1,0,<1,0.5,7.2
114年7月,臺北市,士林區,後港街38巷臨5之1號,後港街38巷臨5之1號,<1,less_than,1,0,<1,0.51,7
114年7月,臺北市,士林區,中山北路5段460巷1號,中山北路5段460巷1號,<1,less_than,1,0,<1,0.42,7.2
114年7月,臺北市,士林區,天母東路69巷30號,天母東路69巷30號,<1,less_than,1,0,<1,0.53,7.2
114年7月,臺北市,北投區,行義路1號,行義路1號,<1,less_than,1,0,<1,0.5,7.1
114年7月,臺北市,士林區,至善路2段322巷口,至善路2段322巷口,<1,less_than,1,0,<1,0.51,7.2
114年8月,臺北市,北投區,興東街1號對面,興東街1號對面,<1,less_than,1,0,<1,0.47,7.2
114年8月,臺北市,內湖區,成功路五段152巷對面,成功路5段152巷對面,<1,less_than,1,0,<1,0.45,7.2
114年8月,臺北市,信義區,永吉路120巷92號,永吉路120巷92號,<1,less_than,1,0,<1,0.51,7.3
114年8月,臺北市,南港區,研究院路二段1號,研究院路2段1號,<1,less_than,1,0,<1,0.52,7.4
114年8月,臺北市,松山區,松山區八德路二段146巷1弄8號對面,八德路2段146巷1弄8號對面,<1,less_than,1,0,<1,0.55,7.4
114年8月,臺北市,萬華區,桂林路167巷14號（三清宮）,桂林路167巷14號（三清宮）,<1,less_than,1,0,<1,0.35,7.3
114年8月,臺北市,松山區,民族東路765號對面公園,民族東路765號對面公園,<1,less_than,1,0,<1,0.53,7.2
114年8月,臺北市,松山區,松山區延壽街373號,延壽街373號,<1,less_than,1,0,<1,0.52,7.2
114年8月,臺北市,文山區,木新路3段55號,木新路3段55號,<1,less_than,1,0,<1,0.51,7.2
114年8月,臺北市,文山區,羅斯福路六段268號,羅斯福路6段268號,<1,less_than,1,0,<1,0.57,7.3
114年8月,臺北市,中山區,安東街40巷49號對面,安東街40巷49號對面,<1,less_than,1,0,<1,0.5,7.1
114年8月,臺北市,中正區,思源街1號,思源街1號,<1,less_than,1,0,<1,0.58,6.9
114年8月,臺北市,大安區,富陽街底（廁所),富陽街底（廁所),<1,less_than,1,0,<1,0.47,7.1
114年8月,新北市,新店區,新店區直潭路127號,直潭路127號,<1,less_than,1,0,<1,0.49,7
114年8月,臺北市,大安區,長興街131號,長興街131號,<1,less_than,1,0,<1,0.57,7.3
114年8月,臺北市,中正區,思源街1號,思源街1號,<1,less_than,1,0,<1,0.57,7
114年8月,臺北市,士林區,至善路3段110號,至善路3段110號,<1,less_than,1,0,<1,0.54,7.6
114年8月,臺北市,北投區,鹿角坑加壓站 竹子湖路75-1號對面,鹿角坑加壓站 竹子湖路75-1號對面,<1,less_than,1,0,<1,0.56,8
114年8月,臺北市,北投區,泉源路260號,泉源路260號,<1,less_than,1,0,<1,0.67,7.6
114年8月,臺北市,士林區,菁山路101巷79號,菁山路101巷79號,<1,less_than,1,0,<1,0.59,7.5
114年8月,臺北市,士林區,至善路二段449號,至善路2段449號,<1,less_than,1,0,<1,0.62,7.5
114年8月,臺北市,中山區,中山北路1段110-7號,中山北路1段110-7號,<1,less_than,1,0,<1,0.59,7.3
114年8月,臺北市,士林區,格致路198號,格致路198號,<1,less_than,1,0,<1,0.55,7.1
114年8月,臺北市,北投區,承德路七段388號對面﹝北投加壓站﹞,承德路7段388號對面﹝北投加壓站﹞,<1,less_than,1,0,<1,0.51,7.1
114年8月,臺北市,萬華區,柳州街62號,柳州街62號,<1,less_than,1,0,<1,0.55,7.2
114年8月,臺北市,萬華區,西園路1段127號,西園路1段127號,<1,less_than,1,0,<1,0.55,7.2
114年8月,臺北市,萬華區,長泰街8號,長泰街8號,<1,less_than,1,0,<1,0.53,7.2
114年8月,臺北市,萬華區,長泰街8號,長泰街8號,<1,less_than,1,0,<1,0.35,7.1
114年8月,臺北市,萬華區,莒光路176號,莒光路176號,<1,less_than,1,0,<1,0.52,7.1
114年8月,臺北市,萬華區,萬大路423巷115號,萬大路423巷115號,<1,less_than,1,0,<1,0.57,7.1
114年8月,臺北市,中山區,中山北路1段106-1號,中山北路1段106-1號,<1,less_than,1,0,<1,0.41,7.2
114年8月,臺北市,大同區,昌吉街118號,昌吉街118號,<1,less_than,1,0,<1,0.5,7.1
114年8月,臺北市,大同區,大龍街126號,大龍街126號,<1,less_than,1,0,<1,0.46,7.1
114年8月,臺北市,大同區,哈密街59巷﹝龍塘綠地﹞,哈密街59巷﹝龍塘綠地﹞,<1,less_than,1,0,<1,0.47,7.1
114年8月,臺北市,大同區,迪化街1段268號,迪化街1段268號,<1,less_than,1,0,<1,0.43,7.1
114年8月,臺北市,大同區,延平北路2段61巷16號,延平北路2段61巷16號,<1,less_than,1,0,<1,0.46,7.1
114年8月,臺北市,士林區,承德路四段5-1號,承德路4段5-1號,<1,less_than,1,0,<1,0.47,7.1
114年8月,臺北市,北投區,行義路1號,行義路1號,<1,less_than,1,0,<1,0.48,7
114年8月,臺北市,士林區,後港街38巷臨5之1號,後港街38巷臨5之1號,<1,less_than,1,0,<1,0.45,7.1
114年8月,臺北市,士林區,中山北路5段460巷1號,中山北路5段460巷1號,<1,less_than,1,0,<1,0.48,6.9
114年8月,臺北市,士林區,天母東路69巷30號,天母東路69巷30號,<1,less_than,1,0,<1,0.45,7.1
114年8月,臺北市,士林區,至善路2段322巷口,至善路2段322巷口,<1,less_than,1,0,<1,0.57,7.2
114年8月,臺北市,松山區,南京東路4段52巷16弄口,南京東路4段52巷16弄口,<1,less_than,1,0,<1,0.52,7.4
114年8月,臺北市,松山區,松山區健康路15巷交口,健康路15巷交口,<1,less_than,1,0,<1,0.5,7.1
114年8月,臺北市,內湖區,內溝里康樂街206-4號旁附近,內溝里康樂街206-4號旁附近,<1,less_than,1,0,<1,0.5,7.1
114年8月,臺北市,南港區,中坡南路51號,中坡南路51號,<1,less_than,1,0,<1,0.49,7.2
114年8月,臺北市,松山區,敦化??199巷9號旁,敦化北路199巷9號旁,<1,less_than,1,0,<1,0.47,7.1
114年8月,臺北市,內湖區,康寧路3段99巷17弄26號旁,康寧路3段99巷17弄26號旁,<1,less_than,1,0,<1,0.49,7.2
114年8月,臺北市,大安區,建國南路一段354號,建國南路1段354號,<1,less_than,1,0,<1,0.48,7.2
114年8月,臺北市,文山區,木柵路1段280號　　,木柵路1段280號,<1,less_than,1,0,<1,0.52,7.2
114年8月,臺北市,大安區,師大路105巷與師大路口,師大路105巷與師大路口,<1,less_than,1,0,<1,0.61,7.2
114年8月,臺北市,信義區,莊敬路393號,莊敬路393號,<1,less_than,1,0,<1,0.47,7.2
114年8月,臺北市,文山區,景福街19號1樓,景福街19號1樓,<1,less_than,1,0,<1,0.54,7.1
114年8月,臺北市,文山區,興隆路2段234號,興隆路2段234號,<1,less_than,1,0,<1,0.51,7.1
