稽查日期,檢驗點,大腸桿菌群,總菌落數,自由有效餘氯（數值）,氫離子濃度指數（數值）
110年1月,新生北路三段101號,<1,<1,0.56,7.4
110年1月,內溝里康樂街206-4號旁附近,<1,<1,0.65,7.4
110年1月,康寧路3段99巷17弄26號旁,<1,<1,0.56,7.5
110年1月,民權東路5段41-1號,<1,<1,0.58,7.5
110年1月,臺北市松山區南京東路4段52巷16弄口,<1,<1,0.58,7.4
110年1月,中坡南路51號,<1,<1,0.49,7.5
110年1月,建國南路1段354號,<1,<1,0.66,7.4
110年1月,師大路107號,<1,<1,0.68,7.4
110年1月,木柵路1段280號,<1,<1,0.6,7.3
110年1月,景福街19號1樓,<1,<1,0.62,7.3
110年1月,興隆路2段234號,<1,<1,0.63,7.3
110年1月,莊敬路393號,<1,<1,0.65,7.4
110年1月,西園路1段127號,<1,<1,0.59,7.5
110年1月,西寧南路124號,<1,<1,0.55,7.5
110年1月,西藏路171號,<1,<1,0.66,7.5
110年1月,長泰街8號,<1,<1,0.62,7.5
110年1月,莒光路176號,<1,<1,0.66,7.6
110年1月,萬大路423巷115號,<1,<1,0.59,7.5
110年1月,大龍街126號,<1,<1,0.47,7.2
110年1月,延平北路2段61巷16號,<1,<1,0.39,7.2
110年1月,昌吉街118號,<1,<1,0.45,7.2
110年1月,哈密街59巷﹝龍塘綠地﹞,<1,<1,0.39,7.2
110年1月,迪化街1段268號,<1,<1,0.41,7.2
110年1月,長安西路36號,<1,<1,0.49,7.1
110年1月,後港街38巷臨5之1號,<1,<1,0.4,7.2
110年1月,天母東路69巷30號,<1,<1,0.46,7
110年1月,至善路2段322巷口,<1,<1,0.49,7.5
110年1月,華齡街2巷口,<1,<1,0.37,7.4
110年1月,中山北路5段460巷1號,<1,<1,0.6,7
110年1月,行義路一段五福宮旁,<1,<1,0.52,7
110年1月,大湖街116巷內,<1,<1,0.54,7.6
110年1月,永吉路120巷92號,<1,<1,0.61,7.6
110年1月,研究院路二段1號,<1,<1,0.59,7.6
110年1月,興東街1號對面,<1,<1,0.55,7.7
110年1月,民族東路臨41號,<1,<1,0.62,7.5
110年1月,延壽街373號,<1,<1,0.61,7.5
110年1月,臺北市松山區八德路2段364巷5弄29號對面,<1,<1,0.5,7.7
110年1月,桂林路167巷14號（三清宮）,<1,<1,0.64,7.7
110年1月,辛亥路二段171巷21號對面,<1,<1,0.62,7.6
110年1月,和平東路三段308巷15弄涼亭旁,<1,<1,0.46,7.7
110年1月,思源街1號,<1,<1,0.63,7.5
110年1月,木新路3段55號,<1,<1,0.54,7.7
110年1月,羅斯福路六段268號,<1,<1,0.64,7.7
110年1月,至善路二段449號,<1,<1,0.58,7.5
110年1月,格致路198號,<1,<1,0.65,7.2
110年1月,中山北路1段110-7號,<1,<1,0.55,7.3
110年1月,承德路七段388號對面﹝北投加壓站﹞,<1,<1,0.61,7.6
110年2月,新生北路三段101號,<1,<1,0.61,7.3
110年2月,康寧路3段99巷17弄26號旁,<1,<1,0.5,7.3
110年2月,康樂街236-5號附近（公車站旁）,<1,<1,0.5,7.3
110年2月,民權東路5段41-1號,<1,<1,0.62,7.4
110年2月,臺北市松山區南京東路4段52巷16弄口,<1,<1,0.61,7.3
110年2月,中坡南路51號,<1,<1,0.5,7.2
110年2月,西園路1段127號,<1,<1,0.7,7.4
110年2月,西寧南路124號,<1,<1,0.51,7.4
110年2月,西藏路171號,<1,<1,0.64,7.4
110年2月,長泰街8號,<1,<1,0.6,7.3
110年2月,莒光路176號,<1,<1,0.58,7.4
110年2月,萬大路423巷115號,<1,<1,0.59,7.2
110年2月,大龍街126號,<1,<1,0.6,7.5
110年2月,延平北路2段61巷16號,<1,<1,0.47,7.5
110年2月,昌吉街118號,<1,<1,0.6,7.5
110年2月,哈密街59巷﹝龍塘綠地﹞,<1,<1,0.5,7.4
110年2月,迪化街1段268號,<1,<1,0.47,7.5
110年2月,建國南路1段354號,<1,<1,0.61,7.5
110年2月,師大路107號,<1,<1,0.58,7.5
110年2月,長安西路36號,<1,<1,0.58,7.5
110年2月,木柵路1段280號,<1,<1,0.59,7.4
110年2月,景福街19號1樓,<1,<1,0.62,7.4
110年2月,興隆路2段234號,<1,<1,0.62,7.5
110年2月,莊敬路393號,<1,<1,0.63,7.5
110年2月,中山北路5段320號,<1,<1,0.59,7
110年2月,天母東路69巷30號,<1,<1,0.62,7.4
110年2月,至善路2段322巷口,<1,<1,0.5,7.5
110年2月,後港街38巷臨5之1號,<1,<1,0.61,7.3
110年2月,華齡街2巷口,<1,<1,0.58,7.4
110年2月,行義路1號,<1,<1,0.61,7.1
110年2月,大湖街116巷內,<1,<1,0.56,7.8
110年2月,永吉路120巷92號,<1,<1,0.51,7.3
110年2月,研究院路二段1號,<1,<1,0.5,7.5
110年2月,興東街1號對面,,,0.54,7.7
110年2月,民族東路臨41號,<1,<1,0.58,7.3
110年2月,延壽街373號,<1,<1,0.58,7.7
110年2月,臺北市松山區八德路2段364巷5弄29號對面,<1,<1,0.55,7.8
110年2月,桂林路167巷14號（三清宮）,<1,<1,0.61,7.6
110年2月,辛亥路二段171巷21號對面,<1,<1,0.48,7.3
110年2月,和平東路三段308巷15弄涼亭旁,<1,<1,0.51,7.6
110年2月,思源路1號,<1,<1,0.69,7.6
110年2月,木新路3段55號,<1,<1,0.52,7.6
110年2月,羅斯福路六段268號,<1,<1,0.62,7.6
110年2月,至善路二段449號,<1,<1,0.56,7.6
110年2月,格致路198號,<1,<1,0.58,7.2
110年2月,中山北路1段110-7號,<1,<1,0.56,7.6
110年2月,承德路七段388號對面﹝北投加壓站﹞,<1,<1,0.51,7.6
110年3月,大湖街116巷內,<1,<1,0.6,7.5
110年3月,永吉路120巷92號,<1,<1,0.6,7.2
110年3月,研究院路二段1號,<1,<1,0.4,7.4
110年3月,興東街1號對面,<1,<1,0.5,7.5
110年3月,長興街131號,<1,<1,0.59,7.3
110年3月,思源街1號,<1,<1,0.67,7.3
110年3月,新北市新店區直潭路127號,<1,<1,0.67,7.2
110年3月,至善路3段110號,<1,<1,0.65,7.3
110年3月,菁山路101巷79號,<1,<1,0.63,7.4
110年3月,泉源路260號,<1,<1,0.67,7.5
110年3月,鹿角坑加壓站 竹子湖路75-1號對面,<1,<1,0.69,7.9
110年3月,民族東路臨41號,<1,<1,0.56,7.5
110年3月,延壽街373號,<1,<1,0.57,7.6
110年3月,臺北市松山區八德路2段364巷5弄29號對面,<1,<1,0.51,7.5
110年3月,桂林路167巷14號（三清宮）,<1,<1,0.53,7.2
110年3月,辛亥路二段171巷21號對面,<1,<1,0.58,7.3
110年3月,和平東路三段308巷15弄涼亭旁,<1,<1,0.5,7.7
110年3月,思源街1號,<1,<1,0.52,7.7
110年3月,木新路3段55號,<1,<1,0.53,7.7
110年3月,羅斯福路六段268號,<1,<1,0.53,7.7
110年3月,至善路二段449號,<1,<1,0.55,7.4
110年3月,格致路198號,<1,<1,0.66,7.1
110年3月,中山北路1段110-7號,<1,<1,0.49,7.4
110年3月,承德路七段388號對面﹝北投加壓站﹞,<1,<1,0.58,7.4
110年3月,新生北路三段101號,<1,<1,0.54,7.4
110年3月,內溝里康樂街206-4號旁附近,<1,<1,0.56,7.4
110年3月,康寧路3段99巷17弄26號旁,<1,<1,0.55,7.3
110年3月,八德路3段99巷12號前,<1,<1,0.55,7.3
110年3月,民權東路5段41-1號,<1,<1,0.55,7.3
110年3月,中坡南路51號,<1,<1,0.4,7.3
110年3月,建國南路1段354號,<1,<1,0.57,7.4
110年3月,師大路107號,<1,<1,0.59,7.4
110年3月,木柵路1段280號,<1,<1,0.53,7.3
110年3月,景福街19號1樓,<1,<1,0.56,7.3
110年3月,興隆路2段234號,<1,<1,0.52,7.3
110年3月,莊敬路393號,<1,<1,0.58,7.4
110年3月,西園路1段127號,<1,<1,0.56,7.4
110年3月,西寧南路124號,<1,<1,0.58,7.5
110年3月,西藏路171號,<1,<1,0.61,7.4
110年3月,長泰街8號,<1,<1,0.55,7.4
110年3月,莒光路176號,<1,<1,0.6,7.5
110年3月,萬大路423巷115號,<1,<1,0.57,7.4
110年3月,大龍街126號,<1,<1,0.48,7.3
110年3月,延平北路2段61巷16號,<1,<1,0.39,7.2
110年3月,昌吉街118號,<1,<1,0.56,7.3
110年3月,哈密街49巷口,<1,<1,0.44,7.3
110年3月,迪化街1段268號,<1,<1,0.46,7.3
110年3月,長安西路36號,<1,<1,0.32,7.3
110年3月,天母東路69巷30號,<1,<1,0.55,7.3
110年3月,至善路2段322巷口,<1,<1,0.3,7.3
110年3月,後港街38巷臨5之1號,<1,<1,0.55,7.5
110年3月,華齡街2巷口,<1,<1,0.52,7.2
110年3月,中山北路5段460巷1號,<1,<1,0.55,7.1
110年3月,行義路一段五福宮旁,<1,<1,0.4,7
110年4月,新生北路三段101號,<1,<1,0.53,7.3
110年4月,康寧路3段99巷17弄26號旁,<1,<1,0.53,7.3
110年4月,康樂街206號附近,<1,<1,0.57,7.3
110年4月,八德路3段99巷12號前,<1,<1,0.51,7.3
110年4月,民權東路5段41-1號,<1,<1,0.54,7.4
110年4月,中坡南路51號,<1,<1,0.58,7.5
110年4月,建國南路1段354號,<1,<1,0.59,7.5
110年4月,羅斯福路3段197號,<1,<1,0.63,7.5
110年4月,木柵路1段280號,<1,<1,0.62,7.4
110年4月,景福街19號1樓,<1,<1,0.59,7.4
110年4月,興隆路2段234號,<1,<1,0.67,7.4
110年4月,莊敬路393號,<1,<1,0.6,7.4
110年4月,西園路1段127號,<1,<1,0.57,7.4
110年4月,西寧南路124號,<1,<1,0.59,7.4
110年4月,西藏路171號,<1,<1,0.63,7.3
110年4月,長泰街8號,<1,<1,0.64,7.3
110年4月,莒光路176號,<1,<1,0.6,7.4
110年4月,萬大路423巷115號,<1,<1,0.59,7.3
110年4月,大龍街126號,<1,<1,0.51,7.4
110年4月,延平北路2段61巷16號,<1,<1,0.5,7.3
110年4月,昌吉街118號,<1,<1,0.58,7.3
110年4月,哈密街59巷﹝龍塘綠地﹞,<1,<1,0.54,7.3
110年4月,迪化街1段268號,<1,<1,0.5,7.3
110年4月,長安西路36號,<1,<1,0.57,7.3
110年4月,中山北路5段320號,<1,<1,0.63,7.2
110年4月,天母東路69巷30號,<1,<1,0.61,7.2
110年4月,至善路2段322巷口,<1,<1,0.34,7.4
110年4月,後港街38巷臨5之1號,<1,<1,0.54,7.1
110年4月,華齡街2巷口,<1,<1,0.52,7.2
110年4月,行義路一段五福宮旁,<1,<1,0.58,7.1
110年4月,臺北市內湖區大湖街166巷大湖公園入口旁,<1,<1,0.44,7.7
110年4月,永吉路120巷92號,<1,<1,0.62,7.5
110年4月,研究院路二段1號,<1,<1,0.41,7.8
110年4月,興東街1號對面,<1,<1,0.55,7.8
110年4月,民族東路臨41號,<1,<1,0.54,7.5
110年4月,延壽街373號,<1,<1,0.63,7.4
110年4月,臺北市松山區八德路2段364巷5弄29號對面,<1,<1,0.62,7.5
110年4月,桂林路167巷14號（三清宮）,<1,<1,0.58,7.5
110年4月,大安區四維路52巷1號對面,<1,<1,0.64,7.3
110年4月,和平東路三段308巷15弄涼亭旁,<1,<1,0.68,7.3
110年4月,思源街1號,<1,<1,0.67,7.1
110年4月,木新路3段55號,<1,<1,0.53,7.2
110年4月,羅斯福路六段268號,<1,<1,0.65,7.4
110年4月,至善路二段449號,<1,<1,0.58,7.3
110年4月,格致路198號,<1,<1,0.61,6.9
110年4月,中山北路1段110-7號,<1,<1,0.59,7.3
110年4月,承德路七段388號對面﹝北投加壓站﹞,<1,<1,0.57,7.3
110年5月,新生北路三段101號,<1,<1,0.56,7.2
110年5月,康寧路3段99巷17弄26號旁,<1,<1,0.52,7.2
110年5月,康樂街236-5號附近（公車站旁）,<1,<1,0.56,7.2
110年5月,民權東路5段41-1號,<1,<1,0.6,7.2
110年5月,臺北市松山區南京東路4段52巷16弄口,<1,<1,0.54,7.1
110年5月,中坡南路51號,<1,<1,0.51,7.2
110年5月,建國南路1段354號,<1,<1,0.62,7.3
110年5月,師大路107號,<1,<1,0.61,7.3
110年5月,木柵路1段280號,<1,<1,0.65,7.2
110年5月,景福街19號1樓,<1,<1,0.61,7.2
110年5月,興隆路2段234號,<1,<1,0.62,7.2
110年5月,莊敬路393號,<1,<1,0.65,7.3
110年5月,西園路1段127號,<1,<1,0.57,7.4
110年5月,西寧南路124號,<1,<1,0.57,7.4
110年5月,西藏路171號,<1,<1,0.63,7.4
110年5月,長泰街8號,<1,<1,0.67,7.3
110年5月,莒光路176號,<1,<1,0.62,7.4
110年5月,萬大路423巷115號,<1,<1,0.56,7.3
110年5月,長興街131號,<1,<1,0.65,7.4
110年5月,思源街1號,<1,<1,0.62,7.4
110年5月,直潭路127號(直潭淨水場),<1,<1,0.62,7.1
110年5月,至善路3段110號,<1,<1,0.62,7.4
110年5月,菁山路101巷79號,<1,<1,0.67,7.5
110年5月,泉源路260號,<1,<1,0.64,7.9
110年5月,泉源路260號,<1,<1,0.58,7.4
110年5月,天母東路69巷30號,<1,<1,0.47,7.2
110年5月,至善路2段322巷口,<1,<1,0.25,7.4
110年5月,後港街38巷臨5之1號,<1,<1,0.47,7.1
110年5月,華齡街2巷口,<1,<1,0.47,7.2
110年5月,中山北路5段460巷1號,<1,<1,0.42,7
110年5月,行義路一段五福宮旁,<1,<1,0.58,7
110年5月,民族東路臨41號,<1,<1,0.37,7.2
110年5月,臺北市內湖區大湖街166巷大湖公園入口旁,<1,<1,0.51,7.2
110年5月,延壽街373號,<1,<1,0.5,7.2
110年5月,臺北市松山區八德路2段364巷5弄29號對面,<1,<1,0.58,7.2
110年5月,永吉路120巷92號,<1,<1,0.62,7.4
110年5月,研究院路二段1號,<1,<1,0.42,7.2
110年5月,興東街1號對面,<1,<1,0.47,7.4
110年5月,至善路二段449號,<1,<1,0.39,7.2
110年5月,格致路198號,<1,<1,0.52,6.8
110年5月,大安區四維路52巷1號對面,<1,<1,0.62,7.3
110年5月,和平東路三段308巷15弄涼亭旁,<1,<1,0.46,7.3
110年5月,中山北路1段110-7號,<1,<1,0.54,7.3
110年5月,思源街1號,<1,<1,0.63,7.1
110年5月,木新路3段55號,<1,<1,0.59,7.2
110年5月,羅斯福路六段268號,<1,<1,0.55,7.4
110年5月,承德路七段388號對面﹝北投加壓站﹞,<1,<1,0.48,7.2
110年5月,大龍街126號,<1,<1,0.41,7.1
110年5月,延平北路2段61巷16號,<1,<1,0.43,7.1
110年5月,昌吉街118號,<1,<1,0.43,7
110年5月,哈密街59巷﹝龍塘綠地﹞,<1,<1,0.52,7
110年5月,迪化街1段268號,<1,<1,0.43,7.1
110年5月,長安西路36號,<1,<1,0.35,7.1
110年6月,至善路3段110號,<1,<1,0.66,7.2
110年6月,菁山路101巷79號,<1,4,0.65,6.8
110年6月,泉源路260號,<1,<1,0.64,7
110年6月,鹿角坑加壓站 竹子湖路75-1號對面,<1,<1,0.62,7.6
110年6月,大湖街116巷內,<1,<1,0.57,7.3
110年6月,承德路七段388號對面﹝北投加壓站﹞,<1,<1,0.54,7.3
110年6月,永吉路120巷92號,<1,<1,0.53,7.4
110年6月,研究院路二段1號,<1,<1,0.49,7.1
110年6月,興東街1號對面,<1,<1,0.52,7.3
110年6月,哈密街49巷口,<1,<1,0.56,7.2
110年6月,大安區四維路52巷1號對面,<1,<1,0.52,7.5
110年6月,和平東路三段308巷15弄涼亭旁,<1,<1,0.48,7.4
110年6月,中山北路1段110-7號,<1,<1,0.58,7.4
110年6月,民族東路臨41號,<1,<1,0.55,7.4
110年6月,思源街1號,<1,<1,0.61,7.3
110年6月,木新路3段55號,<1,<1,0.58,7.3
110年6月,羅斯福路六段268號,<1,<1,0.6,7.5
110年6月,延壽街373號,<1,<1,0.59,7.2
110年6月,臺北市松山區八德路2段364巷5弄29號對面,<1,<1,0.52,7.4
110年6月,長興街131號,,,,7.6
110年6月,長興街131號,<1,<1,0.54,7.5
110年6月,公館淨水場思源街1號,<1,<1,0.61,7.4
110年6月,直潭路127號(直潭淨水場),<1,<1,0.59,7.1
110年7月,民族東路臨41號,<1,<1,0.51,7.4
110年7月,臺北市內湖區大湖街166巷大湖公園入口旁,<1,<1,0.6,7.3
110年7月,羅斯福路六段268號,<1,<1,0.61,7.4
110年7月,延壽街373號,<1,<1,0.53,7.3
110年7月,臺北市松山區八德路2段364巷5弄29號對面,<1,<1,0.52,7.3
110年7月,永吉路120巷92號,<1,<1,0.47,7.3
110年7月,研究院路二段1號,<1,<1,0.46,7.2
110年7月,興東街1號對面,<1,<1,0.53,7.6
110年7月,大安區四維路52巷1號對面,<1,<1,0.55,7.2
110年7月,和平東路三段308巷15弄涼亭旁,<1,<1,0.41,7.4
110年7月,思源街1號,<1,<1,0.61,7.2
110年7月,木新路3段55號,<1,<1,0.5,7.3
110年7月,羅斯福路六段268號,<1,<1,0.56,7.4
110年7月,至善路二段449號,<1,<1,0.47,7.3
110年7月,格致路198號,<1,<1,0.58,7.1
110年7月,中山北路1段110-7號,<1,<1,0.56,7.3
110年7月,承德路七段388號對面﹝北投加壓站﹞,<1,<1,0.57,7.2
110年7月,長興街131號,<1,<1,0.51,7.5
110年7月,思源街1號,<1,<1,0.61,7.2
110年7月,直潭路127號(直潭淨水場),<1,<1,0.59,7.1
110年7月,至善路3段110號,<1,<1,0.6,7.3
110年7月,菁山路101巷79號,<1,<1,0.61,7.2
110年7月,泉源路260號,<1,<1,0.59,7.4
110年7月,鹿角坑加壓站 竹子湖路75-1號對面,<1,<1,0.59,7.7
110年7月,新生北路三段101號,<1,<1,0.59,7
110年7月,康寧路3段99巷17弄26號旁,<1,<1,0.52,7.2
110年7月,康樂街206號附近,<1,<1,0.55,7.1
110年7月,民權東路5段41-1號,<1,<1,0.57,7.1
110年7月,臺北市松山區南京東路4段52巷16弄口,<1,<1,0.56,7.1
110年7月,中坡南路51號,<1,<1,0.48,7
110年7月,大龍街126號,<1,<1,0.54,7.1
110年7月,延平北路2段61巷16號,<1,<1,0.67,7
110年7月,昌吉街118號,<1,<1,0.63,7
110年7月,哈密街49巷口,<1,<1,0.6,7.2
110年7月,迪化街1段268號,<1,<1,0.62,7
110年7月,建國南路1段354號,<1,<1,0.49,7
110年7月,師大路107號,<1,<1,0.52,7
110年7月,長安西路36號,<1,<1,0.62,7
110年7月,木柵路1段280號,<1,<1,0.56,7
110年7月,景福街19號1樓,<1,<1,0.63,8
110年7月,興隆路2段234號,<1,<1,0.65,7
110年7月,莊敬路393號,<1,<1,0.53,7
110年7月,西園路1段127號,<1,<1,0.58,7.2
110年7月,西寧南路124號,<1,<1,0.58,7.2
110年7月,西藏路171號,<1,<1,0.64,7.1
110年7月,長泰街8號,<1,<1,0.62,7.1
110年7月,莒光路176號,<1,<1,0.63,7.1
110年7月,萬大路423巷115號,<1,<1,0.59,7
110年7月,天母東路69巷30號,<1,<1,0.6,7.3
110年7月,至善路2段322巷口,<1,<1,0.27,7.3
110年7月,後港街38巷臨5之1號,<1,<1,0.49,7
110年7月,華齡街2巷口,<1,<1,0.5,7.1
110年7月,中山北路5段460巷1號,<1,<1,0.54,6.9
110年7月,行義路1號,<1,<1,0.7,7.1
110年8月,臺北市內湖區大湖街166巷大湖公園入口旁,<1,<1,0.58,7
110年8月,永吉路120巷92號,<1,<1,0.55,7.2
110年8月,研究院路二段1號,<1,<1,0.48,7
110年8月,興東街1號對面,<1,<1,0.6,7.2
110年8月,民族東路臨41號,<1,<1,0.54,7.1
110年8月,延壽街373號,<1,<1,0.59,7.2
110年8月,臺北市松山區八德路2段364巷5弄29號對面,<1,<1,0.51,7.2
110年8月,桂林路167巷14號（三清宮）,<1,<1,0.58,7.1
110年8月,大安區四維路52巷1號對面,<1,<1,0.55,7
110年8月,和平東路三段308巷15弄涼亭旁,<1,<1,0.53,7.1
110年8月,思源街1號,<1,<1,0.72,6.9
110年8月,木新路3段55號,<1,<1,0.55,7.1
110年8月,羅斯福路六段268號,<1,<1,0.57,7.2
110年8月,至善路二段449號,<1,<1,0.56,7.1
110年8月,格致路198號,<1,<1,0.72,6.7
110年8月,中山北路1段110-7號,<1,<1,0.51,6.7
110年8月,承德路七段388號對面﹝北投加壓站﹞,<1,<1,0.39,7
110年8月,長興街131號,<1,<1,0.59,7.2
110年8月,思源街1號,<1,<1,0.59,7.1
110年8月,直潭路127號(直潭淨水場),<1,<1,0.61,6.9
110年8月,至善路3段110號,<1,<1,0.64,7.1
110年8月,菁山路101巷79號,<1,<1,0.64,7.3
110年8月,泉源路260號,<1,<1,0.59,7.4
110年8月,鹿角坑加壓站 竹子湖路75-1號對面,<1,<1,0.65,7.2
110年8月,新生北路三段101號,<1,<1,0.58,7
110年8月,康寧路3段99巷17弄26號旁,<1,<1,0.58,7.1
110年8月,康樂街206號附近,<1,<1,0.54,7.1
110年8月,民權東路5段41-1號,<1,<1,0.63,7.1
110年8月,臺北市松山區南京東路4段52巷16弄口,<1,<1,0.55,7.1
110年8月,中坡南路51號,<1,<1,0.6,7
110年8月,西園路1段127號,<1,<1,0.5,7.2
110年8月,西寧南路124號,<1,<1,0.57,7.2
110年8月,西藏路171號,<1,<1,0.61,7.2
110年8月,長泰街8號,<1,<1,0.62,7.2
110年8月,莒光路176號,<1,<1,0.57,7.2
110年8月,萬大路423巷115號,<1,<1,0.52,7
110年8月,大龍街126號,<1,<1,0.57,7.2
110年8月,延平北路2段61巷16號,<1,<1,0.49,7.1
110年8月,昌吉街118號,<1,<1,0.57,7.2
110年8月,哈密街59巷﹝龍塘綠地﹞,<1,<1,0.57,7.3
110年8月,迪化街1段268號,<1,<1,0.52,7.2
110年8月,建國南路1段354號,<1,<1,0.54,7.2
110年8月,師大路107號,<1,<1,0.56,7.2
110年8月,長安西路36號,<1,<1,0.55,7.2
110年8月,木柵路1段280號,<1,<1,0.53,7.1
110年8月,景福街19號1樓,<1,<1,0.55,7.1
110年8月,興隆路2段234號,<1,<1,0.54,7.2
110年8月,莊敬路393號,<1,<1,0.54,7.2
110年8月,天母東路69巷30號,<1,3,0.33,7.2
110年8月,至善路2段322巷口,<1,<1,0.33,7
110年8月,後港街38巷臨5之1號,<1,<1,0.47,7.2
110年8月,華齡街2巷口,<1,<1,0.41,7.3
110年8月,中山北路5段460巷1號,<1,<1,0.55,6.9
110年8月,行義路1號,<1,<1,0.6,7.1
110年8月,民族東路臨41號,<1,<1,0.49,7.2
110年8月,大湖街116巷內,<1,<1,0.56,7.1
110年8月,延壽街373號,<1,<1,0.57,7.2
110年8月,臺北市松山區八德路2段364巷5弄29號對面,<1,<1,0.52,7.2
110年8月,永吉路120巷92號,<1,<1,0.55,7.1
110年8月,研究院路二段1號,<1,<1,0.48,7
110年8月,興東街1號對面,<1,<1,0.43,7.2
110年8月,桂林路167巷14號（三清宮）,<1,<1,0.51,7
110年8月,至善路二段449號,<1,<1,0.49,7.3
110年8月,格致路198號,<1,<1,0.57,6.9
110年8月,大安區四維路52巷1號對面,<1,<1,0.6,7.2
110年8月,和平東路三段308巷15弄涼亭旁,<1,<1,0.6,7.2
110年8月,中山北路1段110-7號,<1,<1,0.57,7.2
110年8月,思源街1號,<1,<1,0.65,7.2
110年8月,木新路三段13號,<1,<1,0.61,7.2
110年8月,羅斯福路六段268號,<1,<1,0.6,7.3
110年8月,承德路七段388號對面﹝北投加壓站﹞,<1,<1,0.57,7.2
110年9月,長興街131號,<1,<1,0.61,7.3
110年9月,思源街1號,<1,<1,0.6,7.3
110年9月,新北市新店區直潭路127號,<1,<1,0.57,7.3
110年9月,至善路3段110號,<1,<1,0.61,7.3
110年9月,菁山路101巷79號,<1,<1,0.72,7.5
110年9月,泉源路260號,<1,<1,0.6,7.5
110年9月,鹿角坑加壓站 竹子湖路75-1號對面,<1,<1,0.54,7.9
110年9月,新生北路三段101號,<1,<1,0.6,7.3
110年9月,內溝里康樂街206-4號旁附近,<1,<1,0.5,7.2
110年9月,康寧路3段99巷17弄26號旁,<1,<1,0.6,7.3
110年9月,民權東路5段41-1號,<1,<1,0.7,7.3
110年9月,臺北市松山區南京東路4段52巷16弄口,<1,<1,0.6,7.3
110年9月,中坡南路51號,<1,<1,0.5,7.2
110年9月,西園路1段127號,<1,<1,0.6,7.4
110年9月,西寧南路124號,<1,<1,0.6,7.3
110年9月,西藏路171號,<1,<1,0.6,7.3
110年9月,長泰街8號,<1,<1,0.6,7.3
110年9月,莒光路176號,<1,<1,0.6,7.4
110年9月,萬大路423巷115號,<1,<1,0.6,7.3
110年9月,大龍街126號,<1,<1,0.56,7.4
110年9月,延平北路2段61巷16號,<1,<1,0.52,7.3
110年9月,昌吉街118號,<1,<1,0.61,7.3
110年9月,哈密街49巷口,<1,<1,0.52,7.5
110年9月,迪化街1段268號,<1,<1,0.5,7.3
110年9月,建國南路1段354號,<1,<1,0.52,7.4
110年9月,師大路107號,<1,<1,0.56,7.4
110年9月,長安西路36號,<1,<1,0.51,7.5
110年9月,木柵路1段280號,<1,<1,0.58,7.3
110年9月,景福街19號1樓,<1,<1,0.55,7.4
110年9月,興隆路2段234號,<1,<1,0.58,7.3
110年9月,莊敬路393號,<1,<1,0.56,7.3
110年9月,天母東路69巷30號,<1,<1,0.56,7.3
110年9月,至善路2段322巷口,<1,<1,0.28,7.5
110年9月,後港街38巷臨5之1號,<1,<1,0.55,7.2
110年9月,華齡街2巷口,<1,<1,0.46,7.3
110年9月,中山北路5段460巷1號,<1,<1,0.59,7
110年9月,行義路1號,<1,<1,0.58,7.1
110年10月,新生北路三段101號,<1,<1,0.57,7.2
110年10月,內溝里康樂街206-4號旁附近,<1,<1,0.5,7.2
110年10月,康寧路3段99巷17弄26號旁,<1,<1,0.53,7.3
110年10月,民權東路5段41-1號,<1,<1,0.64,7.2
110年10月,臺北市松山區南京東路4段52巷16弄口,<1,<1,0.55,7.2
110年10月,中坡南路51號,<1,<1,0.42,7.1
110年10月,至善路3段110號,<1,<1,0.64,7.4
110年10月,菁山路101巷79號,<1,<1,0.66,7.4
110年10月,泉源路260號,<1,<1,0.69,7.6
110年10月,鹿角坑加壓站 竹子湖路75-1號對面,<1,<1,0.72,8
110年10月,長興街131號,<1,<1,0.58,7.3
110年10月,思源街1號,<1,<1,0.59,7.2
110年10月,新北市新店區直潭路127號,<1,<1,0.59,7.3
110年10月,建國南路1段354號,<1,<1,0.62,7.2
110年10月,師大路107號,<1,<1,0.51,7.3
110年10月,木柵路1段280號,<1,<1,0.6,7.2
110年10月,景福街19號1樓,<1,<1,0.48,7.3
110年10月,興隆路2段234號,<1,<1,0.57,7.1
110年10月,莊敬路393號,<1,<1,0.44,7.2
110年10月,民族東路臨41號,<1,<1,0.61,7.2
110年10月,新生北路三段101號,<1,<1,0.55,7
110年10月,康寧路3段99巷17弄26號旁,<1,<1,0.56,7
110年10月,康樂街236-5號附近（公車站旁）,<1,<1,0.51,7
110年10月,臺北市內湖區大湖街166巷大湖公園入口旁,<1,<1,0.54,7.2
110年10月,民權東路5段41-1號,<1,<1,0.6,7
110年10月,延壽街373號,<1,<1,0.55,7.1
110年10月,臺北市松山區八德路2段364巷5弄29號對面,<1,<1,0.53,7.2
110年10月,臺北市松山區南京東路4段52巷16弄口,<1,<1,0.57,7
110年10月,永吉路120巷92號,<1,<1,0.54,7.1
110年10月,中坡南路51號,<1,<1,0.44,7
110年10月,研究院路二段1號,<1,<1,0.38,7.3
110年10月,興東街1號對面,<1,<1,0.41,7.3
110年10月,西園路1段127號,<1,<1,0.51,7.2
110年10月,西寧南路124號,<1,<1,0.56,7.2
110年10月,西藏路171號,<1,<1,0.63,7
110年10月,長泰街8號,<1,<1,0.63,7.1
110年10月,桂林路167巷14號（三清宮）,<1,<1,0.52,7.2
110年10月,莒光路176號,<1,<1,0.63,7.1
110年10月,萬大路423巷115號,<1,<1,0.62,7
110年10月,大龍街126號,<1,<1,0.61,7.1
110年10月,延平北路2段61巷16號,<1,<1,0.59,7
110年10月,昌吉街118號,<1,<1,0.67,7.1
110年10月,哈密街59巷﹝龍塘綠地﹞,<1,<1,0.62,7.2
110年10月,迪化街1段268號,<1,<1,0.58,7
110年10月,建國南路1段354號,<1,<1,0.6,7.1
110年10月,師大路107號,<1,<1,0.6,7.1
110年10月,長安西路36號,<1,<1,0.64,7
110年10月,木柵路1段280號,<1,<1,0.62,7
110年10月,景福街19號1樓,<1,<1,0.54,7
110年10月,興隆路2段234號,<1,<1,0.63,7
110年10月,莊敬路393號,<1,<1,0.62,7.1
110年10月,中山北路5段320號,<1,<1,0.53,6.8
110年10月,天母東路69巷30號,<1,<1,0.63,7.1
110年10月,至善路二段449號,<1,<1,0.72,7.3
110年10月,至善路二段449號,<1,<1,0.22,7.3
110年10月,後港街38巷臨5之1號,<1,<1,0.56,7
110年10月,格致路198號,<1,<1,0.6,7
110年10月,華齡街2巷口,<1,<1,0.45,7
110年10月,大安區四維路52巷1號對面,<1,<1,0.59,7.2
110年10月,和平東路三段308巷15弄涼亭旁,<1,<1,0.43,7.1
110年10月,中山北路1段110-7號,<1,<1,0.64,7.1
110年10月,思源街1號,<1,<1,0.61,7
110年10月,木新路3段55號,<1,<1,0.5,7.2
110年10月,羅斯福路六段268號,<1,<1,0.6,7.3
110年10月,行義路1號,<1,<1,0.59,7
110年10月,承德路七段388號對面﹝北投加壓站﹞,<1,<1,0.58,7.1
110年11月,長興街131號,<1,<1,0.57,7.4
110年11月,思源街1號,<1,<1,0.61,7.4
110年11月,新北市新店區直潭路127號,<1,<1,0.65,7.1
110年11月,至善路3段110號,<1,<1,0.64,7.4
110年11月,菁山路101巷79號,<1,<1,0.69,7.4
110年11月,泉源路260號,<1,<1,0.62,7.8
110年11月,鹿角坑加壓站 竹子湖路75-1號對面,<1,<1,0.72,7.8
110年11月,臺北市內湖區大湖街166巷大湖公園入口旁,<1,<1,0.62,7.3
110年11月,永吉路120巷92號,<1,<1,0.59,7.5
110年11月,研究院路二段1號,<1,<1,0.5,7.2
110年11月,興東街1號對面,<1,<1,0.47,7.4
110年11月,民族東路臨41號,<1,<1,0.59,7.5
110年11月,延壽街373號,<1,<1,0.6,7.5
110年11月,臺北市松山區八德路2段364巷5弄29號對面,<1,<1,0.62,7.5
110年11月,桂林路167巷14號（三清宮）,<1,<1,0.59,7.6
110年11月,大安區四維路52巷1號對面,<1,<1,0.51,7.5
110年11月,和平東路三段308巷15弄涼亭旁,<1,<1,0.58,7.5
110年11月,木新路3段55號,<1,<1,0.54,7.5
110年11月,羅斯福路六段268號,<1,<1,0.61,7.3
110年11月,羅斯福路六段268號,<1,<1,0.63,7.5
110年11月,至善路2段322巷口,<1,<1,0.58,7.3
110年11月,格致路198號,<1,<1,0.66,6.9
110年11月,中山北路1段110-7號,<1,<1,0.58,7.3
110年11月,承德路七段388號對面﹝北投加壓站﹞,<1,<1,0.62,7.4
110年11月,新生北路三段101號,<1,<1,0.64,7.3
110年11月,內溝里康樂街206-4號旁附近,<1,<1,0.61,7.4
110年11月,康寧路3段99巷17弄26號旁,<1,<1,0.62,7.4
110年11月,民權東路5段41-1號,<1,<1,0.66,7.4
110年11月,臺北市松山區南京東路4段52巷16弄口,<1,<1,0.63,7.4
110年11月,中坡南路51號,<1,<1,0.56,7.3
110年11月,建國南路1段354號,<1,<1,0.59,7.5
110年11月,師大路107號,<1,<1,0.58,7.5
110年11月,木柵路1段280號,<1,<1,0.58,7.3
110年11月,景福街19號1樓,<1,<1,0.57,7.4
110年11月,興隆路2段234號,<1,<1,0.59,7.3
110年11月,莊敬路393號,<1,<1,0.57,7.5
110年11月,西園路1段127號,<1,<1,0.64,7.6
110年11月,西寧南路124號,<1,<1,0.65,7.5
110年11月,西藏路171號,<1,<1,0.67,7.6
110年11月,長泰街8號,<1,<1,0.64,7.7
110年11月,莒光路176號,<1,<1,0.68,7.6
110年11月,萬大路423巷115號,<1,<1,0.64,7.7
110年11月,大龍街126號,<1,<1,0.56,7.6
110年11月,延平北路2段61巷16號,<1,<1,0.6,7.6
110年11月,昌吉街118號,<1,<1,0.61,7.5
110年11月,迪化街1段268號,<1,<1,0.58,7.4
110年11月,中山北路1段110-7號,<1,<1,0.52,7.6
110年11月,臺北市中山區長安西路38號,<1,<1,0.59,7.4
110年11月,中山北路5段320號,<1,<1,0.56,7.1
110年11月,天母東路69巷30號,<1,<1,0.57,7.3
110年11月,至善路2段322巷口,<1,<1,0.52,7.5
110年11月,後港街38巷臨5之1號,<1,<1,0.53,7.4
110年11月,華齡街2巷口,<1,<1,0.51,7.4
110年11月,行義路1號,<1,<1,0.57,7.2
110年12月,民族東路臨41號,<1,<1,0.55,7.2
110年12月,民族東路臨41號,<1,<1,0.57,7.1
110年12月,臺北市內湖區大湖街166巷大湖公園入口旁,<1,<1,0.54,7.1
110年12月,臺北市松山區八德路2段364巷5弄29號對面,<1,<1,0.56,7.2
110年12月,永吉路120巷92號,<1,<1,0.53,7.2
110年12月,研究院路二段1號,<1,<1,0.42,7.2
110年12月,興東街1號對面,<1,<1,0.41,7.3
110年12月,桂林路167巷14號（三清宮）,<1,<1,0.6,7.5
110年12月,新生北路三段101號,<1,<1,0.66,7.3
110年12月,內溝里康樂街206-4號旁附近,<1,<1,0.6,7.4
110年12月,康寧路3段99巷17弄26號旁,<1,<1,0.58,7.4
110年12月,民權東路5段41-1號,<1,<1,0.6,7.3
110年12月,臺北市松山區南京東路4段52巷16弄口,<1,<1,0.63,7.3
110年12月,中坡南路51號,<1,<1,0.6,7.4
110年12月,鹿角坑加壓站 竹子湖路75-1號對面,<10,<1,0.72,7.9
110年12月,長興街131號,<10,<1,0.59,7.4
110年12月,思源街1號,<10,<1,0.6,7.3
110年12月,直潭路127號(直潭淨水場),<10,<1,0.57,7.1
110年12月,至善路3段110號,<10,<1,0.63,7.2
110年12月,菁山路101巷79號,<10,<1,0.63,7.7
110年12月,泉源路260號,<10,<1,0.66,7.5
110年12月,建國南路1段354號,<1,<1,0.64,7.3
110年12月,師大路107號,<1,<1,0.6,7.4
110年12月,木柵路1段280號,<1,<1,0.6,7.2
110年12月,景福街19號1樓,<1,<1,0.57,7.2
110年12月,興隆路2段234號,<1,<1,0.58,7.3
110年12月,莊敬路393號,<1,<1,0.62,7.3
110年12月,大安區四維路52巷1號對面,<1,<1,0.58,7.7
110年12月,和平東路三段308巷15弄涼亭旁,<1,<1,0.54,7.5
110年12月,思源街1號,<1,<1,0.62,7.4
110年12月,木新路3段55號,<1,<1,0.53,7.5
110年12月,羅斯福路六段268號,<1,<1,0.59,7.7
110年12月,至善路二段449號,<1,<1,0.59,7.4
110年12月,格致路198號,<1,<1,0.64,7
110年12月,中山北路1段110-7號,<1,<1,0.59,7.4
110年12月,承德路七段388號對面﹝北投加壓站﹞,<1,<1,0.6,7.5
110年12月,西園路1段127號,<1,<1,0.51,7.5
110年12月,西寧南路124號,<1,<1,0.61,7.5
110年12月,西藏路171號,<1,<1,0.64,7.4
110年12月,長泰街8號,<1,<1,0.6,7.5
110年12月,莒光路176號,<1,<1,0.62,7.5
110年12月,萬大路423巷115號,<1,<1,0.6,7.6
110年12月,天母東路69巷30號,<1,<1,0.58,7.2
110年12月,至善路2段322巷口,<1,<1,0.56,7.2
110年12月,後港街38巷臨5之1號,<1,<1,0.57,7.1
110年12月,華齡街2巷口,<1,<1,0.52,6.9
110年12月,大龍街126號,<1,<1,0.62,7.3
110年12月,延平北路2段61巷16號,<1,<1,0.57,7.2
110年12月,昌吉街118號,<1,<1,0.63,7.3
110年12月,哈密街49巷口,<1,<1,0.49,7.3
110年12月,迪化街1段268號,<1,<1,0.49,7.1
110年12月,中山北路5段460巷1號,<1,<1,0.62,6.9
110年12月,長安西路36號,<1,<1,0.59,7.1
110年12月,行義路1號,<1,<1,0.62,7.1
111年1月,新生北路三段101號,<1,<1,0.6,7.2
111年1月,內溝里康樂街206-4號旁附近,<1,<1,0.58,7.2
111年1月,康寧路3段99巷17弄26號旁,<1,<1,0.58,7.2
111年1月,民權東路5段41-1號,<1,<1,0.61,7.2
111年1月,臺北市松山區南京東路4段52巷16弄口,<1,<1,0.64,7.2
111年1月,中坡南路51號,<1,<1,0.54,7.2
111年1月,建國南路1段354號,<1,<1,0.58,7.5
111年1月,師大路107號,<1,<1,0.57,7.4
111年1月,木柵路1段280號,<1,<1,0.63,7.4
111年1月,景福街19號1樓,<1,<1,0.54,7.4
111年1月,興隆路2段234號,<1,<1,0.64,7.4
111年1月,莊敬路393號,<1,<1,0.57,7.4
111年1月,長興街131號,<1,<1,0.59,7.5
111年1月,思源街1號,<1,<1,0.6,7.4
111年1月,直潭路127號(直潭淨水場),<1,<1,0.65,7.2
111年1月,至善路3段110號,<1,<1,0.64,7.3
111年1月,菁山路101巷79號,<1,<1,0.64,7.7
111年1月,泉源路260號,<1,<1,0.64,7.7
111年1月,鹿角坑加壓站 竹子湖路75-1號對面,<1,<1,0.67,8
111年1月,西園路1段127號,<1,<1,0.57,7.5
111年1月,西寧南路124號,<1,<1,0.57,7.5
111年1月,西藏路171號,<1,<1,0.58,7.4
111年1月,長泰街8號,<1,<1,0.58,7.4
111年1月,莒光路176號,<1,<1,0.58,7.5
111年1月,萬大路423巷115號,<1,<1,0.58,7.4
111年1月,大龍街126號,<1,<1,0.56,7.3
111年1月,延平北路2段61巷16號,<1,<1,0.43,7.2
111年1月,昌吉街118號,<1,<1,0.6,7.2
111年1月,哈密街59巷﹝龍塘綠地﹞,<1,<1,0.55,7.3
111年1月,迪化街1段268號,<1,<1,0.51,7.2
111年1月,長安西路38號,<1,<1,0.51,7.2
111年1月,天母東路69巷30號,<1,<1,0.55,7.4
111年1月,至善路2段322巷口,<1,<1,0.51,7.4
111年1月,後港街38巷臨5之1號,<1,<1,0.57,7.3
111年1月,華齡街2巷口,<1,<1,0.5,7.2
111年1月,中山北路5段460巷1號,<1,<1,0.58,7.1
111年1月,行義路1號,<1,<1,0.58,7.2
111年1月,民族東路臨41號,<1,<1,0.59,7.5
111年1月,臺北市內湖區大湖街166巷大湖公園入口旁,<1,<1,0.62,7.5
111年1月,延壽街373號,<1,<1,0.6,7.4
111年1月,臺北市松山區八德路2段364巷5弄29號對面,<1,<1,0.57,7.5
111年1月,永吉路120巷92號,<1,<1,0.57,7.4
111年1月,研究院路二段1號,<1,<1,0.47,7.3
111年1月,興東街1號對面,<1,<1,0.55,7.6
111年1月,桂林路167巷14號（三清宮）,<1,<1,0.61,7.5
111年1月,大安區四維路52巷1號對面,<1,<1,0.51,7.1
111年1月,和平東路三段308巷15弄涼亭旁,<1,<1,0.47,7.4
111年1月,思源街1號,<1,<1,0.47,7.2
111年1月,木新路3段55號,<1,<1,0.49,7.3
111年1月,羅斯福路六段268號,<1,<1,0.45,7.4
111年1月,至善路二段449號,<1,<1,0.59,7.3
111年1月,格致路198號,<1,<1,0.59,7
111年1月,中山北路1段110-7號,<1,<1,0.59,7.3
111年1月,承德路七段388號對面﹝北投加壓站﹞,<1,<1,0.58,7.3
111年2月,新生北路三段101號,<1,<1,0.62,7.2
111年2月,內溝里康樂街206-4號旁附近,<1,<1,0.46,7.3
111年2月,內溝里康樂街206-4號旁附近,<1,<1,0.58,7.3
111年2月,民權東路5段41-1號,<1,<1,0.55,7.3
111年2月,臺北市松山區南京東路4段52巷16弄口,<1,<1,0.4,7.3
111年2月,中坡南路51號,<1,<1,0.51,7.3
111年2月,西園路1段127號,<1,<1,0.51,7.4
111年2月,西寧南路124號,<1,<1,0.57,7.4
111年2月,西藏路171號,<1,<1,0.61,7.4
111年2月,長泰街8號,<1,<1,0.61,7.5
111年2月,莒光路176號,<1,<1,0.55,7.4
111年2月,萬大路423巷115號,<1,<1,0.61,7.4
111年2月,建國南路1段354號,<1,<1,0.62,7.3
111年2月,師大路107號,<1,<1,0.66,7.3
111年2月,木柵路1段280號,<1,<1,0.6,7.2
111年2月,景福街19號1樓,<1,<1,0.55,7.3
111年2月,興隆路2段234號,<1,<1,0.56,7.3
111年2月,莊敬路393號,<1,<1,0.61,7.3
111年2月,長興街131號,<1,<1,0.6,7.4
111年2月,思源街1號,<1,<1,0.6,7.4
111年2月,新北市新店區直潭路127號,<1,<1,0.58,7.3
111年2月,至善路3段110號,<1,<1,0.62,7.2
111年2月,菁山路101巷79號,<1,<1,0.62,7.8
111年2月,泉源路260號,<1,<1,0.62,7.8
111年2月,鹿角坑加壓站 竹子湖路75-1號對面,<1,<1,0.67,7.9
111年2月,大龍街126號,<1,<1,0.61,7.3
111年2月,延平北路2段61巷16號,<1,<1,0.54,7.3
111年2月,昌吉街118號,<1,<1,0.63,7.2
111年2月,哈密街59巷﹝龍塘綠地﹞,<1,<1,0.6,7.3
111年2月,迪化街1段268號,<1,<1,0.58,7.2
111年2月,長安西路38號,<1,<1,0.57,7.2
111年2月,天母東路69巷30號,<1,<1,0.56,7.2
111年2月,至善路2段322巷口,<1,<1,0.51,7.2
111年2月,後港街38巷臨5之1號,<1,<1,0.56,7.2
111年2月,華齡街2巷口,<1,<1,0.43,7.2
111年2月,中山北路5段460巷1號,<1,<1,0.57,6.9
111年2月,行義路一段五福宮旁,<1,<1,0.62,7.2
111年2月,民族東路臨41號,<1,<1,0.51,7.5
111年2月,臺北市內湖區大湖街166巷大湖公園入口旁,<1,<1,0.58,7.6
111年2月,延壽街373號,<1,<1,0.63,7.5
111年2月,臺北市松山區八德路2段364巷5弄29號對面,<1,<1,0.62,7.5
111年2月,永吉路120巷92號,<1,<1,0.57,7.8
111年2月,研究院路二段1號,<1,<1,0.56,7.6
111年2月,興東街1號對面,<1,<1,0.6,7.7
111年2月,桂林路167巷14號（三清宮）,<1,<1,0.58,7.6
111年2月,至善路2段322巷口,<1,<1,0.59,7.3
111年2月,格致路198號,<1,<1,0.63,6.9
111年2月,大安區四維路52巷1號對面,<1,<1,0.46,7.4
111年2月,和平東路三段308巷15弄涼亭旁,<1,<1,0.58,7.6
111年2月,中山北路1段110-7號,<1,<1,0.6,7.3
111年2月,思源街1號,<1,<1,0.65,7.4
111年2月,木新路3段55號,<1,<1,0.47,7.5
111年2月,羅斯福路六段268號,<1,<1,0.61,7.6
111年2月,承德路七段388號對面﹝北投加壓站﹞,<1,<1,0.48,7.3
111年3月,康寧路3段99巷17弄26號旁,<1,<1,0.63,7.2
111年3月,康樂街206號附近,<1,<1,0.56,7.2
111年3月,民權東路5段41-1號,<1,<1,0.64,7.2
111年3月,敦化北路199巷9號旁,<1,<1,0.56,7.2
111年3月,臺北市松山區南京東路4段52巷16弄口,<1,<1,0.58,7.2
111年3月,中坡南路51號,<1,<1,0.55,7.3
111年3月,建國南路1段354號,<1,<1,0.61,7.4
111年3月,師大路107號,<1,<1,0.61,7.4
111年3月,木柵路1段280號,<1,<1,0.6,7.4
111年3月,景福街19號1樓,<1,<1,0.55,7.4
111年3月,興隆路2段234號,<1,<1,0.62,7.3
111年3月,莊敬路393號,<1,<1,0.64,7.4
111年3月,長興街131號,<1,<1,0.58,7.5
111年3月,思源街1號,<1,<1,0.6,7.4
111年3月,新北市新店區直潭路127號,<1,<1,0.62,7.3
111年3月,至善路3段110號,<1,<1,0.64,7.3
111年3月,菁山路101巷79號,<1,<1,0.66,7.8
111年3月,泉源路260號,<1,<1,0.66,7.7
111年3月,鹿角坑加壓站 竹子湖路75-1號對面,<1,<1,0.65,7.9
111年3月,臺北市內湖區大湖街166巷大湖公園入口旁,<1,<1,0.65,7.3
111年3月,永吉路120巷92號,<1,<1,0.64,7.2
111年3月,研究院路二段1號,<1,<1,0.51,7.1
111年3月,興東街1號對面,<1,<1,0.61,7.3
111年3月,民族東路臨41號,<1,<1,0.56,7.6
111年3月,延壽街373號,<1,<1,0.57,7.5
111年3月,臺北市松山區八德路2段364巷5弄29號對面,<1,<1,0.64,7.6
111年3月,桂林路167巷14號（三清宮）,<1,<1,0.59,7.5
111年3月,至善路二段449號,<1,<1,0.56,7.3
111年3月,格致路198號,<1,<1,0.57,7.3
111年3月,大安區四維路52巷1號對面,<1,<1,0.67,7.2
111年3月,和平東路三段308巷15弄涼亭旁,<1,<1,0.64,7.4
111年3月,中山北路1段110-7號,<1,<1,0.59,7.4
111年3月,思源街1號,<1,<1,0.63,7.1
111年3月,木新路3段55號,<1,<1,0.57,7.4
111年3月,羅斯福路六段268號,<1,<1,0.59,7.3
111年3月,承德路七段388號對面﹝北投加壓站﹞,<1,<1,0.45,7.3
111年3月,西園路1段127號,<1,<1,0.56,7.5
111年3月,西寧南路124號,<1,<1,0.54,7.5
111年3月,西藏路171號,<1,<1,0.58,7.5
111年3月,長泰街8號,<1,<1,0.57,7.4
111年3月,莒光路176號,<1,<1,0.55,7.5
111年3月,萬大路423巷115號,<1,<1,0.57,7.5
111年3月,大龍街126號,<1,<1,0.52,7.3
111年3月,延平北路2段61巷16號,<1,<1,0.5,7.3
111年3月,昌吉街118號,<1,<1,0.51,7.3
111年3月,哈密街59巷﹝龍塘綠地﹞,<1,<1,0.5,7.5
111年3月,迪化街1段268號,<1,<1,0.44,7.3
111年3月,長安西路38號,<1,<1,0.5,7.3
111年3月,天母東路69巷30號,<1,<1,0.48,7.2
111年3月,至善路2段322巷口,<1,<1,0.48,7.2
111年3月,後港街38巷臨5之1號,<1,<1,0.5,7.2
111年3月,華齡街2巷口,<1,<1,0.4,7.3
111年3月,中山北路5段460巷1號,<1,<1,0.46,7.2
111年3月,行義路1號,<1,<1,0.54,7
111年4月,康寧路3段99巷17弄26號旁,<1,<1,0.53,7.1
111年4月,康樂街236-5號附近（公車站旁）,<1,<1,0.59,7.1
111年4月,民權東路5段41-1號,<1,<1,0.6,7.1
111年4月,敦化北路199巷9號旁,<1,<1,0.54,7
111年4月,臺北市松山區南京東路4段52巷16弄口,<1,<1,0.5,7.1
111年4月,中坡南路51號,<1,<1,0.59,7.1
111年4月,長興街131號,<1,<1,0.56,7.3
111年4月,思源街1號,<1,<1,0.59,7.5
111年4月,新北市新店區直潭路127號,<1,<1,0.62,7.2
111年4月,至善路3段110號,<1,<1,0.65,7.3
111年4月,菁山路101巷79號,<1,<1,0.53,7.5
111年4月,泉源路260號,<1,<1,0.61,7.9
111年4月,鹿角坑加壓站 竹子湖路75-1號對面,<1,<1,0.65,7.9
111年4月,建國南路1段354號,<1,<1,0.58,7.3
111年4月,師大路107號,<1,<1,0.57,7.3
111年4月,木柵路1段280號,<1,<1,0.56,7.3
111年4月,景福街19號1樓,<1,<1,0.55,7.2
111年4月,興隆路2段234號,<1,<1,0.57,7.3
111年4月,莊敬路393號,<1,<1,0.56,7.3
111年4月,西園路1段127號,<1,<1,0.52,7.5
111年4月,西寧南路124號,<1,<1,0.63,7.6
111年4月,西藏路171號,<1,<1,0.61,7.5
111年4月,長泰街8號,<1,<1,0.55,7.5
111年4月,莒光路176號,<1,<1,0.6,7.5
111年4月,萬大路423巷115號,<1,<1,0.56,7.5
111年4月,大龍街126號,<1,<1,0.58,7.2
111年4月,延平北路2段61巷16號,<1,<1,0.56,7.2
111年4月,昌吉街118號,<1,<1,0.59,7.2
111年4月,哈密街59巷﹝龍塘綠地﹞,<1,<1,0.58,7.3
111年4月,迪化街1段268號,<1,<1,0.57,7.2
111年4月,臺北市中山區長安西路38號,<1,<1,0.57,7.2
111年4月,天母東路69巷30號,<1,<1,0.53,7.3
111年4月,至善路2段322巷口,<1,<1,0.45,7.3
111年4月,後港街38巷臨5之1號,<1,<1,0.57,7.2
111年4月,華齡街2巷口,<1,<1,0.43,7.3
111年4月,中山北路5段460巷1號,<1,<1,0.58,7
111年4月,行義路1號,<1,<1,0.56,7
111年4月,民族東路臨41號,<1,<1,0.57,7.1
111年4月,臺北市內湖區大湖街166巷大湖公園入口旁,<1,<1,0.61,7.1
111年4月,延壽街373號,<1,<1,0.56,7.2
111年4月,臺北市松山區八德路2段364巷5弄29號對面,<1,<1,0.61,7.3
111年4月,永吉路120巷92號,<1,<1,0.65,7.1
111年4月,研究院路二段1號,<1,<1,0.48,7
111年4月,興東街1號對面,<1,<1,0.44,7.3
111年4月,桂林路167巷14號（三清宮）,<1,<1,0.55,7.2
111年4月,至善路二段449號,<1,<1,0.65,7.6
111年4月,格致路198號,<1,<1,0.58,7.7
111年4月,大安區四維路52巷1號對面,<1,<1,0.6,7.2
111年4月,和平東路三段308巷15弄涼亭旁,<1,<1,0.59,7.3
111年4月,中山北路1段110-7號,<1,<1,0.58,7.4
111年4月,思源街1號,<1,<1,0.48,7.2
111年4月,木新路3段55號,<1,<1,0.49,7.1
111年4月,羅斯福路六段268號,<1,<1,0.48,7.3
111年4月,承德路七段388號對面﹝北投加壓站﹞,<1,<1,0.58,7.8
111年5月,康寧路3段99巷17弄26號旁,<1,<1,0.49,7.2
111年5月,康樂街206號附近,<1,<1,0.6,7.2
111年5月,民權東路5段41-1號,<1,<1,0.59,7.2
111年5月,敦化北路199巷9號旁,<1,<1,0.48,7.3
111年5月,臺北市松山區南京東路4段52巷16弄口,<1,<1,0.58,7.3
111年5月,中坡南路51號,<1,<1,0.56,7.2
111年5月,長興街131號,<1,<1,0.59,7.3
111年5月,思源街1號,<1,<1,0.63,7.6
111年5月,直潭路127號(直潭淨水場),<1,<1,0.6,7.3
111年5月,至善路3段110號,<1,<1,0.66,7.2
111年5月,菁山路101巷79號,<1,<1,0.7,7.7
111年5月,泉源路260號,<1,<1,0.62,7.8
111年5月,鹿角坑加壓站 竹子湖路75-1號對面,<1,<1,0.69,7.9
111年5月,建國南路1段354號,<1,<1,0.56,7.4
111年5月,師大路107號,<1,<1,0.62,7.4
111年5月,木柵路1段280號,<1,<1,0.54,7.3
111年5月,景福街19號1樓,<1,<1,0.54,7.3
111年5月,興隆路2段234號,<1,<1,0.58,7.3
111年5月,莊敬路393號,<1,<1,0.59,7.3
111年5月,西園路1段127號,<1,<1,0.55,7.4
111年5月,西寧南路124號,<1,<1,0.64,7.3
111年5月,西藏路171號,<1,<1,0.62,7.3
111年5月,長泰街8號,<1,<1,0.59,7.3
111年5月,莒光路176號,<1,<1,0.6,7.3
111年5月,萬大路423巷115號,<1,<1,0.57,7.3
111年5月,大龍街126號,<1,<1,0.56,7.3
111年5月,延平北路2段61巷16號,<1,<1,0.54,7.2
111年5月,昌吉街118號,<1,<1,0.57,7.3
111年5月,哈密街59巷﹝龍塘綠地﹞,<1,<1,0.53,7.4
111年5月,迪化街1段268號,<1,<1,0.63,7.3
111年5月,中山北路1段110-7號,<1,<1,0.56,7.3
111年5月,天母東路69巷30號,<1,<1,0.53,7.3
111年5月,至善路2段322巷口,<1,<1,0.46,7.2
111年5月,後港街38巷臨5之1號,<1,<1,0.52,7.3
111年5月,華齡街2巷口,<1,<1,0.42,7.2
111年5月,中山北路5段460巷1號,<1,<1,0.45,7
111年5月,行義路1號,<1,<1,0.59,7.1
111年5月,臺北市內湖區大湖街166巷大湖公園入口旁,<1,<1,0.44,7.1
111年5月,永吉路120巷92號,<1,<1,0.58,7.2
111年5月,研究院路二段1號,<1,<1,0.5,7.1
111年5月,興東街1號對面,<1,<1,0.47,7.2
111年5月,民族東路臨41號,<1,<1,0.54,7
111年5月,延壽街373號,<1,<1,0.58,7.3
111年5月,臺北市松山區八德路2段364巷5弄29號對面,<1,<1,0.61,7.5
111年5月,桂林路167巷14號（三清宮）,<1,<1,0.55,7.4
111年5月,大安區四維路52巷1號對面,<1,<1,0.62,6.6
111年5月,和平東路三段308巷15弄涼亭旁,<1,<1,0.5,6.8
111年5月,思源街1號,<1,<1,0.65,6.5
111年5月,木新路3段55號,<1,<1,0.56,6.7
111年5月,羅斯福路六段268號,<1,<1,0.66,6.8
111年5月,至善路二段449號,<1,<1,0.58,7.3
111年5月,格致路198號,<1,<1,0.6,7.1
111年5月,中山北路1段110-7號,<1,<1,0.61,7.2
111年5月,承德路七段388號對面﹝北投加壓站﹞,<1,<1,0.54,7.2
111年6月,康寧路3段99巷17弄26號旁,<1,<1,0.53,7.2
111年6月,康樂街236-5號附近（公車站旁）,<1,<1,0.46,7.1
111年6月,民權東路5段41-1號,<1,<1,0.61,7.1
111年6月,敦化北路199巷9號旁,<1,<1,0.52,7.1
111年6月,臺北市松山區南京東路4段52巷16弄口,<1,<1,0.55,7.1
111年6月,中坡南路51號,<1,<1,0.48,7.1
111年6月,西園路1段127號,<1,<1,0.52,7.3
111年6月,西藏路171號,<1,<1,0.63,7.2
111年6月,長泰街8號,<1,<1,0.6,7.2
111年6月,桂林路167巷14號（三清宮）,<1,<1,0.54,7.3
111年6月,莒光路176號,<1,<1,0.5,7.2
111年6月,萬大路423巷115號,<1,<1,0.54,7.2
111年6月,民族東路臨41號,<1,<1,0.57,7.1
111年6月,臺北市內湖區大湖街166巷大湖公園入口旁,<1,<1,0.53,7.1
111年6月,延壽街373號,<1,<1,0.62,7.1
111年6月,臺北市松山區八德路2段364巷5弄29號對面,<1,<1,0.62,7.1
111年6月,永吉路120巷92號,<1,<1,0.66,7.3
111年6月,研究院路二段1號,<1,<1,0.5,7.2
111年6月,興東街1號對面,<1,<1,0.45,7.4
111年6月,桂林路167巷14號（三清宮）,<1,<1,0.57,7.3
111年6月,建國南路1段354號,<1,<1,0.64,7.3
111年6月,師大路107號,<1,<1,0.62,7.3
111年6月,木柵路1段280號,<1,<1,0.56,7.3
111年6月,景福街19號1樓,<1,<1,0.5,7.3
111年6月,興隆路2段234號,<1,<1,0.53,7.2
111年6月,莊敬路393號,<1,<1,0.62,7.3
111年6月,長興街131號,<1,<1,0.64,7.5
111年6月,思源街1號,<1,<1,0.61,7.4
111年6月,直潭路127號(直潭淨水場),<1,<1,0.59,7.2
111年6月,至善路3段110號,<1,<1,0.63,7.2
111年6月,菁山路101巷79號,<1,<1,0.66,7.6
111年6月,泉源路260號,<1,<1,0.63,7.8
111年6月,鹿角坑加壓站 竹子湖路75-1號對面,<1,<1,0.68,8
111年6月,至善路二段449號,<1,<1,0.58,7
111年6月,格致路198號,<1,<1,0.59,6.8
111年6月,大安區四維路52巷1號對面,<1,<1,0.5,7.1
111年6月,和平東路三段308巷15弄涼亭旁,<1,<1,0.49,6.8
111年6月,中山北路1段110-7號,<1,<1,0.45,7.2
111年6月,思源街1號,<1,<1,0.65,6.9
111年6月,木新路3段55號,<1,<1,0.51,7.1
111年6月,羅斯福路六段268號,<1,<1,0.57,7
111年6月,承德路七段388號對面﹝北投加壓站﹞,<1,<1,0.55,7.1
111年6月,大龍街126號,<1,<1,0.54,7.3
111年6月,延平北路2段61巷16號,<1,<1,0.44,7.2
111年6月,昌吉街118號,<1,<1,0.58,7.3
111年6月,迪化街1段268號,<1,<1,0.53,7.2
111年6月,民族東路臨41號,<1,<1,0.57,7.2
111年6月,直潭路127號(直潭淨水場),<1,<1,0.48,7.3
111年6月,天母東路69巷30號,<1,<1,0.56,7.3
111年6月,至善路2段322巷口,<1,<1,0.45,7.2
111年6月,後港街38巷臨5之1號,<1,<1,0.55,7.2
111年6月,華齡街2巷口,<1,<1,0.41,7.2
111年6月,中山北路5段460巷1號,<1,<1,0.59,7.1
111年6月,行義路1號,<1,<1,0.64,7
111年7月,康寧路3段99巷17弄26號旁,<1,<1,0.54,7.3
111年7月,康樂街206號附近,<1,<1,0.51,7.3
111年7月,民權東路5段41-1號,<1,<1,0.57,7.2
111年7月,敦化北路199巷9號旁,<1,<1,0.49,7.2
111年7月,臺北市松山區南京東路4段52巷16弄口,<1,<1,0.54,7.2
111年7月,中坡南路51號,<1,<1,0.48,7.3
111年7月,建國南路1段354號,<1,<1,0.59,7.3
111年7月,師大路107號,<1,<1,0.63,7.3
111年7月,木柵路1段280號,<1,<1,0.57,7.3
111年7月,景福街19號1樓,<1,<1,0.57,7.2
111年7月,興隆路2段234號,<1,<1,0.55,7.2
111年7月,莊敬路393號,<1,<1,0.56,7.3
111年7月,西園路1段127號,<1,<1,0.54,7.3
111年7月,西寧南路124號,<1,<1,0.53,7.3
111年7月,西藏路171號,<1,<1,0.63,7.3
111年7月,長泰街8號,<1,<1,0.61,7.3
111年7月,莒光路176號,<1,<1,0.6,7.3
111年7月,萬大路423巷115號,<1,<1,0.56,7.2
111年7月,長興街131號,<1,<1,0.64,7.4
111年7月,思源街1號,<1,<1,0.64,7.4
111年7月,直潭路127號(直潭淨水場),<1,<1,0.69,7.3
111年7月,至善路3段110號,<1,<1,0.61,7.2
111年7月,菁山路101巷79號,<1,<1,0.62,7.8
111年7月,泉源路260號,<1,<1,0.6,7.8
111年7月,鹿角坑加壓站 竹子湖路75-1號對面,<1,<1,0.68,7.9
111年7月,大龍街126號,<1,<1,0.5,7.4
111年7月,延平北路2段61巷16號,<1,<1,0.46,7.3
111年7月,昌吉街118號,<1,<1,0.54,7.4
111年7月,哈密街59巷﹝龍塘綠地﹞,<1,<1,0.43,7.5
111年7月,迪化街1段268號,<1,<1,0.48,7.3
111年7月,中山北路1段110-7號,<1,<1,0.43,7.4
111年7月,天母東路69巷30號,<1,<1,0.4,7.3
111年7月,至善路2段322巷口,<1,<1,0.36,7.3
111年7月,後港街38巷臨5之1號,<1,<1,0.44,7.1
111年7月,華齡街2巷口,<1,<1,0.34,7.2
111年7月,中山北路5段460巷1號,<1,<1,0.52,6.9
111年7月,行義路1號,<1,<1,0.58,7
111年7月,民族東路臨41號,<1,<1,0.5,7.2
111年7月,大湖街116巷內,<1,<1,0.33,7.2
111年7月,延壽街373號,<1,<1,0.53,7.2
111年7月,臺北市松山區八德路2段364巷5弄29號對面,<1,<1,0.49,7.2
111年7月,永吉路120巷92號,<1,<1,0.6,7.1
111年7月,研究院路二段1號,<1,<1,0.33,7.2
111年7月,興東街1號對面,<1,<1,0.27,7.4
111年7月,桂林路167巷14號（三清宮）,<1,<1,0.44,7.3
111年7月,至善路二段449號,<1,<1,0.55,7.4
111年7月,格致路198號,<1,<1,0.6,7
111年7月,大安區四維路52巷1號對面,<1,<1,0.56,7.3
111年7月,和平東路三段308巷15弄涼亭旁,<1,<1,0.59,7.3
111年7月,中山北路1段110-7號,<1,<1,0.47,7.4
111年7月,思源街1號,<1,<1,0.58,7.3
111年7月,木新路3段55號,<1,<1,0.5,7.3
111年7月,羅斯福路六段268號,<1,<1,0.54,7.3
111年7月,承德路七段388號對面﹝北投加壓站﹞,<1,<1,0.49,7.4
111年8月,康寧路3段99巷17弄26號旁,<1,<1,0.43,7.3
111年8月,康樂街236-5號附近（公車站旁）,<1,<1,0.42,7.2
111年8月,敦化北路199巷9號旁,<1,<1,0.41,7.2
111年8月,民權東路5段41-1號,<1,<1,0.51,7.2
111年8月,臺北市松山區南京東路4段52巷16弄口,<1,<1,0.4,7.2
111年8月,中坡南路51號,<1,<1,0.47,7.2
111年8月,長興街131號,<1,<1,0.64,7.3
111年8月,思源街1號,<1,<1,0.6,7.4
111年8月,直潭路127號(直潭淨水場),<1,<1,0.62,7.1
111年8月,至善路3段110號,<1,<1,0.63,7.3
111年8月,菁山路101巷79號,<1,<1,0.57,7.1
111年8月,鹿角坑加壓站 竹子湖路75-1號對面,<1,<1,0.62,8.1
111年8月,泉源路260號,<1,<1,0.6,7.8
111年8月,師大路107號,<1,<1,0.56,7.3
111年8月,建國南路1段354號,<1,<1,0.63,7.2
111年8月,興隆路2段234號,<1,<1,0.6,7.2
111年8月,木柵路1段280號,<1,<1,0.59,7.2
111年8月,景福街19號1樓,<1,<1,0.6,7.2
111年8月,莊敬路393號,<1,<1,0.55,7.2
111年8月,柳州街62號,<1,<1,0.47,7.4
111年8月,萬大路423巷115號,<1,<1,0.53,7.3
111年8月,西藏路171號,<1,<1,0.6,7.3
111年8月,西園路1段127號,<1,<1,0.48,7.4
111年8月,長泰街8號,<1,<1,0.55,7.4
111年8月,莒光路176號,<1,<1,0.56,7.4
111年8月,大安區四維路52巷1號對面,<1,<1,0.5,7.3
111年8月,民族東路臨41號,<1,<1,0.57,7.3
111年8月,臺北市內湖區大湖街166巷大湖公園入口旁,<1,<1,0.42,7.2
111年8月,延壽街373號,<1,<1,0.43,7.3
111年8月,永吉路120巷92號,<1,<1,0.56,7.3
111年8月,研究院路二段1號,<1,<1,0.43,7.4
111年8月,興東街1號對面,<1,<1,0.27,7.4
111年8月,桂林路167巷14號（三清宮）,<1,<1,0.61,7.3
111年8月,哈密街49巷口,<1,<1,0.5,7.3
111年8月,延平北路2段61巷16號,<1,<1,0.47,7.2
111年8月,昌吉街118號,<1,<1,0.53,7.2
111年8月,大龍街126號,<1,<1,0.53,7.2
111年8月,迪化街1段268號,<1,<1,0.48,7.2
111年8月,中山北路1段110-7號,<1,<1,0.46,7.3
111年8月,天母東路69巷30號,<1,<1,0.52,7.2
111年8月,華齡街2巷口,<1,<1,0.44,7.3
111年8月,至善路2段322巷口,<1,<1,0.41,7.1
111年8月,後港街38巷臨5之1號,<1,<1,0.62,7.2
111年8月,中山北路5段460巷1號,<1,<1,0.53,6.9
111年8月,行義路一段五福宮旁,<1,<1,0.68,7
111年8月,至善路二段449號,<1,<1,0.56,7.7
111年8月,格致路198號,<1,<1,0.61,7.3
111年8月,大安區四維路52巷1號對面,<1,<1,0.42,7.3
111年8月,和平東路三段308巷15弄涼亭旁,<1,<1,0.44,7.3
111年8月,中山北路1段110-7號,<1,<1,0.53,7.3
111年8月,思源街1號,<1,<1,0.59,7.2
111年8月,羅斯福路六段268號,<1,<1,0.45,7.5
111年8月,木新路3段55號,<1,<1,0.44,7.3
111年8月,承德路七段388號對面﹝北投加壓站﹞,<1,<1,0.51,7.5
111年9月,康樂街236-5號附近（公車站旁）,<1,<1,0.56,7.2
111年9月,康寧路3段99巷17弄26號旁,<1,<1,0.52,7.3
111年9月,民權東路5段41-1號,<1,,0.63,7.1
111年9月,敦化北路199巷9號旁,<1,<1,0.5,7.2
111年9月,臺北市松山區南京東路4段52巷16弄口,<1,<1,0.62,7.1
111年9月,中坡南路51號,<1,<1,0.57,7.1
111年9月,長興街131號,<10,<1,0.63,7.4
111年9月,思源街1號,<10,<1,0.57,7.3
111年9月,直潭路127號(直潭淨水場),<10,<1,0.58,7
111年9月,菁山路101巷79號,<10,2,0.69,7.4
111年9月,至善路3段110號,<10,<1,0.63,7.1
111年9月,泉源路260號,<10,<1,0.6,7.8
111年9月,鹿角坑加壓站 竹子湖路75-1號對面,<10,<1,0.69,7.7
111年9月,建國南路1段354號,<1,<1,0.52,7.3
111年9月,師大路107號,<1,<1,0.54,7.3
111年9月,木柵路1段280號,<1,<1,0.61,7.3
111年9月,興隆路2段234號,<1,<1,0.59,7.4
111年9月,景福街19號1樓,<1,<1,0.52,7.4
111年9月,莊敬路393號,<1,<1,0.53,7.3
111年9月,柳州街62號,<1,<1,0.55,7.6
111年9月,莒光路176號,<1,<1,0.61,7.6
111年9月,西園路1段127號,<1,<1,0.59,7.6
111年9月,萬大路423巷115號,<1,<1,0.51,7.6
111年9月,西藏路171號,<1,<1,0.61,7.6
111年9月,長泰街8號,<1,<1,0.62,7.6
111年9月,迪化街1段268號,<1,<1,0.42,7.4
111年9月,大龍街126號,<1,<1,0.55,7.4
111年9月,延平北路2段61巷16號,<1,<1,0.51,7.4
111年9月,昌吉街118號,<1,<1,0.57,7.4
111年9月,哈密街49巷口,<1,<1,0.55,7.4
111年9月,中山北路1段110-7號,<1,<1,0.45,7.4
111年9月,天母東路69巷30號,<1,<1,0.49,7.5
111年9月,至善路2段322巷口,3,1,0.49,7.3
111年9月,後港街38巷臨5之1號,<1,<1,0.53,7.3
111年9月,華齡街2巷口,<1,<1,0.42,7.5
111年9月,中山北路5段460巷1號,<1,<1,0.57,6.9
111年9月,行義路一段五福宮旁,<1,<1,0.6,7
111年9月,民族東路臨41號,<1,<1,0.51,7.3
111年9月,大湖街116巷內,<1,<1,0.45,7.3
111年9月,臺北市松山區八德路2段364巷5弄29號對面,<1,<1,0.51,7.3
111年9月,延壽街373號,<1,<1,0.54,7.1
111年9月,永吉路120巷92號,<1,<1,0.54,7.3
111年9月,興東街1號對面,<1,<1,0.49,7.4
111年9月,研究院路二段1號,<1,<1,0.45,7.3
111年9月,桂林路167巷14號（三清宮）,<1,<1,0.54,7.3
111年9月,至善路二段449號,<1,<1,0.51,7.1
111年9月,格致路198號,<1,<1,0.51,7.2
111年9月,大安區四維路52巷1號對面,<1,<1,0.53,7.3
111年9月,和平東路三段308巷15弄涼亭旁,<1,<1,0.57,7.4
111年9月,中山北路1段110-7號,<1,<1,0.52,7.3
111年9月,思源街1號,<1,<1,0.6,7.1
111年9月,木新路3段55號,<1,<1,0.56,7.2
111年9月,羅斯福路六段268號,<1,<1,0.5,7.4
111年9月,承德路七段388號對面﹝北投加壓站﹞,<1,<1,0.52,7.2
111年10月,康樂街236-5號附近（公車站旁）,<1,<1,0.55,7.5
111年10月,康寧路3段99巷17弄26號旁,<1,<1,0.55,7.5
111年10月,敦化北路199巷9號旁,<1,<1,0.48,7.4
111年10月,臺北市松山區南京東路4段52巷16弄口,<1,<1,0.57,7.3
111年10月,民權東路5段41-1號,<1,<1,0.56,7.4
111年10月,中坡南路51號,<1,<1,0.55,7.3
111年10月,建國南路1段354號,<1,<1,0.54,7.5
111年10月,師大路107號,<1,<1,0.55,7.5
111年10月,木柵路1段280號,<1,<1,0.55,7.4
111年10月,興隆路2段234號,<1,<1,0.55,7.4
111年10月,景福街19號1樓,<1,<1,0.56,7.6
111年10月,莊敬路393號,<1,<1,0.55,7.5
111年10月,長興街131號,<1,<1,0.66,7.4
111年10月,思源街1號,<1,<1,0.64,7.1
111年10月,新北市新店區直潭路127號,<1,<1,0.66,7.2
111年10月,長泰街8號,<1,<1,0.63,7.4
111年10月,西藏路171號,<1,<1,0.59,7.5
111年10月,西園路1段127號,<1,<1,0.59,7.5
111年10月,萬大路423巷115號,<1,<1,0.59,7.4
111年10月,柳州街62號,<1,<1,0.56,7.4
111年10月,莒光路176號,<1,<1,0.52,7.5
111年10月,延平北路2段61巷16號,<1,<1,0.43,7.2
111年10月,大龍街126號,<1,<1,0.51,7.2
111年10月,昌吉街118號,<1,<1,0.5,7.1
111年10月,迪化街1段268號,<1,<1,0.43,7.1
111年10月,哈密街49巷口,<1,<1,0.51,7.3
111年10月,中山北路1段110-7號,<1,<1,0.48,7.2
111年10月,至善路3段110號,<1,<1,0.65,7.1
111年10月,菁山路101巷79號,<1,<1,0.64,7.1
111年10月,泉源路260號,<1,<1,0.62,7.6
111年10月,鹿角坑加壓站 竹子湖路75-1號對面,<1,<1,0.5,7.3
111年10月,天母東路69巷30號,<1,<1,0.63,7.2
111年10月,至善路2段322巷口,<1,<1,0.63,7.3
111年10月,華齡街2巷口,<1,<1,0.52,7.4
111年10月,後港街38巷臨5之1號,<1,<1,0.61,7.2
111年10月,中山北路5段460巷1號,<1,<1,0.61,7.2
111年10月,行義路一段五福宮旁,<1,<1,0.7,6.9
111年10月,臺北市內湖區大湖街166巷大湖公園入口旁,<1,<1,0.53,7.1
111年10月,永吉路120巷92號,<1,<1,0.55,7
111年10月,興東街1號對面,<1,<1,0.48,7.3
111年10月,研究院路二段1號,<1,<1,0.53,7.2
111年10月,民族東路臨41號,<1,<1,0.55,7.1
111年10月,延壽街373號,<1,<1,0.55,7
111年10月,臺北市松山區八德路2段364巷5弄29號對面,<1,<1,0.57,7.1
111年10月,桂林路167巷14號（三清宮）,<1,<1,0.52,7.1
111年10月,和平東路三段308巷15弄涼亭旁,<1,<1,0.59,7.2
111年10月,大安區四維路52巷1號對面,<1,<1,0.6,7.1
111年10月,思源街1號,<1,<1,0.61,7
111年10月,木新路3段55號,<1,<1,0.59,7
111年10月,羅斯福路六段268號,<1,<1,0.56,7.3
111年10月,至善路二段449號,<1,<1,0.33,7.2
111年10月,格致路198號,<1,<1,0.44,7.6
111年10月,中山北路1段110-7號,<1,<1,0.42,7.1
111年10月,承德路七段388號對面﹝北投加壓站﹞,<1,<1,0.53,7.3
111年11月,長興街131號,<1,<1,0.58,7.1
111年11月,思源街1號,<1,<1,0.56,7.1
111年11月,直潭路127號(直潭淨水場),<1,<1,0.56,7
111年11月,至善路3段110號,<1,<1,0.52,7.1
111年11月,菁山路101巷79號,<1,2,0.61,7.3
111年11月,鹿角坑加壓站 竹子湖路75-1號對面,<1,1,0.68,7.7
111年11月,泉源路260號,<1,<1,0.57,7.8
111年11月,康寧路3段99巷17弄26號旁,<1,<1,0.46,7.3
111年11月,康樂街236-5號附近（公車站旁）,<1,<1,0.4,7.2
111年11月,民權東路5段41-1號,<1,<1,0.47,7.2
111年11月,敦化北路199巷9號旁,<1,<1,0.44,7.2
111年11月,臺北市松山區南京東路4段52巷16弄口,<1,<1,0.5,7.2
111年11月,中坡南路51號,<1,<1,0.48,7.1
111年11月,建國南路1段354號,<1,<1,0.5,7.3
111年11月,師大路107號,<1,<1,0.5,7.3
111年11月,木柵路1段280號,<1,<1,0.44,7.2
111年11月,景福街19號1樓,<1,<1,0.5,7.3
111年11月,興隆路2段234號,<1,<1,0.53,7.3
111年11月,莊敬路393號,<1,<1,0.51,7.3
111年11月,萬大路423巷115號,<1,<1,0.48,7.4
111年11月,柳州街62號,<1,<1,0.5,7.4
111年11月,西園路1段127號,<1,<1,0.52,7.4
111年11月,長泰街8號,<1,<1,0.52,7.4
111年11月,西藏路171號,<1,<1,0.54,7.4
111年11月,莒光路176號,<1,<1,0.54,7.4
111年11月,哈密街49巷口,<1,<1,0.54,7.4
111年11月,大龍街126號,<1,<1,0.48,7.4
111年11月,迪化街1段268號,<1,<1,0.45,7.3
111年11月,昌吉街118號,<1,<1,0.57,7.4
111年11月,延平北路2段61巷16號,<1,<1,0.47,7.4
111年11月,中山北路1段110-7號,<1,<1,0.42,7.4
111年11月,天母東路69巷30號,<1,<1,0.42,7.3
111年11月,後港街38巷臨5之1號,<1,<1,0.45,7.3
111年11月,至善路2段322巷口,<1,<1,0.4,7.5
111年11月,華齡街2巷口,<1,<1,0.42,7.3
111年11月,中山北路5段460巷1號,<1,<1,0.45,7.3
111年11月,行義路1號,<1,<1,0.59,6.7
111年11月,大湖街116巷內,<1,<1,0.35,7.3
111年11月,永吉路120巷92號,<1,<1,0.52,7.4
111年11月,研究院路二段1號,<1,<1,0.35,7.3
111年11月,興東街1號對面,<1,<1,0.43,7.4
111年11月,民族東路臨41號,<1,<1,0.42,7.5
111年11月,延壽街373號,<1,<1,0.41,7.3
111年11月,臺北市松山區八德路2段364巷5弄29號對面,<1,<1,0.48,7.5
111年11月,桂林路167巷14號（三清宮）,<1,<1,0.51,7.5
111年11月,大安區四維路52巷1號對面,<1,<1,0.47,7.5
111年11月,和平東路三段308巷15弄涼亭旁,<1,<1,0.52,7.5
111年11月,思源街1號,<1,<1,0.44,7.3
111年11月,木新路3段55號,<1,<1,0.39,7.4
111年11月,羅斯福路六段268號,<1,<1,0.67,7.6
111年11月,格致路198號,<1,<1,0.46,7.2
111年11月,至善路二段449號,<1,<1,0.55,7.3
111年11月,中山北路1段110-7號,<1,<1,0.44,7.1
111年11月,承德路七段388號對面﹝北投加壓站﹞,<1,<1,0.49,7.3
111年12月,長興街131號,<1,<1,0.55,7.4
111年12月,思源街1號,<1,<1,0.57,7.5
111年12月,新北市新店區直潭路127號,<1,<1,0.54,7.2
111年12月,至善路3段110號,<1,<1,0.54,7.2
111年12月,菁山路101巷79號,<1,<1,0.59,7.3
111年12月,泉源路260號,<1,<1,0.53,7.9
111年12月,鹿角坑加壓站 竹子湖路75-1號對面,<1,<1,0.49,7.6
111年12月,康寧路3段99巷17弄26號旁,<1,<1,0.46,7.3
111年12月,康樂街236-5號附近（公車站旁）,<1,<1,0.45,7.2
111年12月,敦化北路199巷9號旁,<1,<1,0.38,7.2
111年12月,臺北市松山區南京東路4段52巷16弄口,<1,<1,0.48,7.2
111年12月,民權東路5段41-1號,<1,<1,0.45,7.2
111年12月,中坡南路51號,<1,<1,0.44,7.2
111年12月,八德路二段34巷28弄內,<1,<1,0.42,7.4
111年12月,民族東路臨41號,<1,<1,0.46,7.4
111年12月,大湖街116巷內,<1,<1,0.53,7.4
111年12月,延壽街373號,<1,<1,0.51,7.4
111年12月,永吉路120巷92號,<1,<1,0.48,7.4
111年12月,興東街1號對面,<1,<1,0.42,7.6
111年12月,研究院路二段1號,<1,<1,0.39,7.5
111年12月,桂林路167巷14號（三清宮）,<1,<1,0.48,7.3
111年12月,建國南路1段354號,<1,<1,0.42,7.3
111年12月,大安區四維路52巷1號對面,<1,<1,0.48,7.4
111年12月,和平東路三段308巷15弄涼亭旁,<1,<1,0.46,7.4
111年12月,師大路107號,<1,<1,0.47,7.2
111年12月,思源街1號,<1,<1,0.49,7.3
111年12月,木柵路1段280號,<1,<1,0.44,7.4
111年12月,興隆路2段234號,<1,<1,0.47,7.3
111年12月,木新路3段55號,<1,<1,0.45,7.3
111年12月,景福街19號1樓,<1,<1,0.46,7.5
111年12月,羅斯福路六段268號,<1,<1,0.47,7.4
111年12月,莊敬路393號,<1,<1,0.46,7.3
111年12月,至善路二段449號,<1,<1,0.58,7.4
111年12月,格致路198號,<1,<1,0.52,7.2
111年12月,中山北路1段110-7號,<1,<1,0.51,7.3
111年12月,承德路七段388號對面﹝北投加壓站﹞,<1,<1,0.48,7.4
111年12月,西寧南路124號,<1,<1,0.46,7.5
111年12月,莒光路176號,<1,<1,0.49,7.4
111年12月,西園路1段127號,<1,<1,0.45,7.4
111年12月,西藏路171號,<1,<1,0.5,7.4
111年12月,長泰街8號,<1,<1,0.51,7.4
111年12月,萬大路423巷115號,<1,<1,0.48,7.4
111年12月,迪化街1段268號,<1,<1,0.49,7.4
111年12月,哈密街59巷﹝龍塘綠地﹞,<1,<1,0.48,7.4
111年12月,大龍街126號,<1,<1,0.47,7.4
111年12月,昌吉街118號,<1,<1,0.4,7.4
111年12月,延平北路2段61巷16號,<1,<1,0.46,7.4
111年12月,中山北路1段110-7號,<1,<1,0.41,7.5
111年12月,至善路2段322巷口,<1,<1,0.52,7.1
111年12月,中山北路5段320號,<1,<1,0.51,6.6
111年12月,天母東路69巷30號,<1,<1,0.51,6.9
111年12月,華齡街2巷口,<1,<1,0.45,6.9
111年12月,後港街38巷臨5之1號,<1,<1,0.5,6.9
111年12月,行義路1號,<1,<1,0.53,6.6
112年1月,康樂街206號附近,<1,<1,0.46,7.3
112年1月,康寧路3段99巷17弄26號旁,<1,<1,0.53,7.3
112年1月,臺北市內湖區大湖街166巷大湖公園入口旁,<1,<1,0.42,7.4
112年1月,民權東路5段41-1號,<1,<1,0.49,7.3
112年1月,敦化北路199巷9號旁,<1,<1,0.48,7.3
112年1月,臺北市松山區南京東路4段52巷16弄口,<1,<1,0.53,7.3
112年1月,永吉路120巷92號,<1,<1,0.41,7.4
112年1月,研究院路二段1號,<1,<1,0.38,7.4
112年1月,中坡南路51號,<1,<1,0.45,7.3
112年1月,興東街1號對面,<1,<1,0.43,7.1
112年1月,建國南路1段354號,<1,<1,0.48,7.1
112年1月,師大路107號,<1,<1,0.5,7
112年1月,木柵路1段280號,<1,<1,0.56,7.1
112年1月,興隆路2段234號,<1,<1,0.54,6.8
112年1月,景福街19號1樓,<1,<1,0.58,7.1
112年1月,莊敬路393號,<1,<1,0.49,7.1
112年1月,長興街131號,<1,<1,0.53,7.2
112年1月,思源街1號,<1,<1,0.56,7.5
112年1月,直潭路127號(直潭淨水場),<1,<1,0.51,7.3
112年1月,西藏路171號,<1,<1,0.56,7.5
112年1月,西園路1段127號,<1,<1,0.55,7.5
112年1月,長泰街8號,<1,<1,0.53,7.5
112年1月,莒光路176號,<1,<1,0.55,7.5
112年1月,萬大路423巷115號,<1,<1,0.55,7.5
112年1月,柳州街62號,<1,<1,0.53,7.5
112年1月,至善路3段110號,<1,<1,0.54,7.3
112年1月,菁山路101巷79號,<1,<1,0.52,7.4
112年1月,鹿角坑加壓站 竹子湖路75-1號對面,<1,<1,0.55,7.6
112年1月,泉源路260號,<1,<1,0.58,7.8
112年1月,迪化街1段268號,<1,<1,0.48,7.3
112年1月,哈密街59巷﹝龍塘綠地﹞,<1,<1,0.5,7.4
112年1月,大龍街126號,<1,<1,0.5,7.4
112年1月,延平北路2段61巷16號,<1,<1,0.47,7.5
112年1月,昌吉街118號,<1,<1,0.5,7.4
112年1月,中山北路1段110-7號,<1,<1,0.47,7.4
112年1月,後港街38巷臨5之1號,<1,<1,0.45,7.3
112年1月,至善路2段322巷口,<1,<1,0.47,7.4
112年1月,華齡街2巷口,<1,<1,0.44,7.3
112年1月,天母東路69巷30號,<1,<1,0.44,7.3
112年1月,中山北路5段460巷1號,<1,<1,0.51,7.4
112年1月,行義路1號,<1,<1,0.54,6.9
112年1月,民族東路臨41號,<1,<1,0.48,7.4
112年1月,臺北市松山區八德路2段364巷5弄29號對面,<1,<1,0.29,7.5
112年1月,延壽街373號,<1,<1,0.46,7.4
112年1月,桂林路167巷14號（三清宮）,<1,<1,0.37,7.5
112年1月,大安區四維路52巷1號對面,<1,<1,0.52,7.4
112年1月,和平東路三段308巷15弄涼亭旁,<1,<1,0.5,7.5
112年1月,思源街1號,<1,<1,0.52,7.1
112年1月,木新路3段55號,<1,<1,0.4,7.3
112年1月,羅斯福路六段268號,<1,<1,0.47,7.5
112年1月,格致路198號,<1,<1,0.54,7
112年1月,至善路二段449號,<1,<1,0.53,7.7
112年1月,中山北路1段110-7號,<1,<1,0.45,7.5
112年1月,承德路七段388號對面﹝北投加壓站﹞,<1,<1,0.5,7.5
112年2月,康寧路3段99巷17弄26號旁,<1,<1,0.47,7.3
112年2月,康樂街206號附近,<1,<1,0.44,7.4
112年2月,臺北市松山區南京東路4段52巷16弄口,<1,<1,0.47,7.3
112年2月,敦化北路199巷9號旁,<1,<1,0.39,7.3
112年2月,民權東路5段41-1號,<1,<1,0.43,7.4
112年2月,中坡南路51號,<1,<1,0.47,7.3
112年2月,長興街131號,<1,<1,0.55,7.2
112年2月,思源街1號,<1,<1,0.52,7.5
112年2月,新北市新店區直潭路127號,<1,<1,0.47,7.3
112年2月,至善路3段110號,<1,<1,0.54,7.3
112年2月,菁山路101巷79號,<1,<1,0.58,7.7
112年2月,泉源路260號,<1,<1,0.54,7.9
112年2月,鹿角坑加壓站 竹子湖路75-1號對面,<1,<1,0.53,7.9
112年2月,師大路107號,<1,<1,0.54,7.5
112年2月,建國南路1段354號,<1,<1,0.53,7.5
112年2月,景福街19號1樓,<1,<1,0.48,7.5
112年2月,興隆路2段234號,<1,<1,0.47,7.3
112年2月,木柵路1段280號,<1,<1,0.49,7.4
112年2月,莊敬路393號,<1,<1,0.55,7.6
112年2月,長泰街8號,<1,<1,0.53,7.6
112年2月,柳州街62號,<1,<1,0.45,7.5
112年2月,西藏路171號,<1,<1,0.44,7.6
112年2月,萬大路423巷115號,<1,<1,0.31,7.4
112年2月,西園路1段127號,<1,<1,0.44,7.5
112年2月,莒光路176號,<1,<1,0.43,7.5
112年2月,迪化街1段268號,<1,<1,0.43,7.3
112年2月,大龍街126號,<1,<1,0.49,7.4
112年2月,昌吉街118號,<1,<1,0.5,7.3
112年2月,延平北路2段61巷16號,<1,<1,0.44,7.3
112年2月,哈密街59巷﹝龍塘綠地﹞,<1,<1,0.41,7.4
112年2月,中山北路1段110-7號,<1,<1,0.46,7.3
112年2月,天母東路69巷30號,<1,<1,0.44,7.3
112年2月,後港街38巷臨5之1號,<1,<1,0.44,7.2
112年2月,至善路2段322巷口,<1,<1,0.46,7.4
112年2月,華齡街2巷口,<1,<1,0.45,7.1
112年2月,中山北路5段460巷1號,<1,<1,0.49,6.9
112年2月,行義路1號,<1,<1,0.53,7
112年2月,大湖街116巷內,<1,<1,0.43,7.3
112年2月,永吉路120巷92號,<1,<1,0.5,7.3
112年2月,研究院路二段1號,<1,<1,0.32,7.5
112年2月,興東街1號對面,<1,<1,0.41,7.3
112年2月,民族東路臨41號,<1,<1,0.42,7.2
112年2月,延壽街373號,<1,<1,0.44,7.3
112年2月,臺北市松山區八德路2段364巷5弄29號對面,<1,<1,0.47,7.2
112年2月,桂林路167巷14號（三清宮）,<1,<1,0.46,7.1
112年2月,大安區四維路52巷1號對面,<1,<1,0.49,7.2
112年2月,和平東路三段308巷15弄涼亭旁,<1,<1,0.42,7.4
112年2月,思源街1號,<1,<1,0.57,7.2
112年2月,木新路3段55號,<1,<1,0.46,7.3
112年2月,羅斯福路六段268號,<1,<1,0.45,7.3
112年2月,格致路198號,<1,<1,0.48,7.6
112年2月,至善路二段449號,<1,<1,0.47,7.6
112年2月,中山北路1段110-7號,<1,<1,0.48,7.5
112年2月,承德路七段388號對面﹝北投加壓站﹞,<1,<1,0.51,7.4
112年3月,康寧路3段99巷17弄26號旁,<1,<1,0.44,7.3
112年3月,康樂街206號附近,<1,<1,0.51,7.3
112年3月,臺北市松山區南京東路4段52巷16弄口,<1,<1,0.54,7.3
112年3月,民權東路5段41-1號,<1,<1,0.56,7.4
112年3月,敦化北路199巷9號旁,<1,<1,0.46,7.3
112年3月,中坡南路51號,<1,<1,0.45,7.4
112年3月,臺北市內湖區大湖街166巷大湖公園入口旁,<1,<1,0.45,7.1
112年3月,永吉路120巷92號,<1,<1,0.54,7.1
112年3月,研究院路二段1號,<1,<1,0.41,7.1
112年3月,興東街1號對面,<1,<1,0.37,7.1
112年3月,民族東路臨41號,<1,<1,0.42,7.3
112年3月,延壽街373號,<1,<1,0.52,7.3
112年3月,臺北市松山區八德路2段364巷5弄29號對面,<1,<1,0.5,7.3
112年3月,桂林路167巷14號（三清宮）,<1,<1,0.55,7.3
112年3月,長興街131號,<1,<1,0.54,7.4
112年3月,思源街1號,<1,<1,0.54,7.6
112年3月,直潭路127號(直潭淨水場),<1,<1,0.52,7.2
112年3月,菁山路101巷79號,<1,<1,0.57,7.8
112年3月,至善路3段110號,<1,<1,0.54,7.3
112年3月,泉源路260號,<1,<1,0.66,7.9
112年3月,鹿角坑加壓站 竹子湖路75-1號對面,<1,<1,0.6,7.9
112年3月,大安區四維路52巷1號對面,<1,<1,0.53,7.4
112年3月,和平東路三段308巷15弄涼亭旁,<1,<1,0.48,7.3
112年3月,思源街1號,<1,<1,0.6,7.2
112年3月,木新路3段55號,<1,<1,0.38,7.3
112年3月,羅斯福路六段268號,<1,<1,0.53,7.3
112年3月,至善路二段449號,<1,<1,0.48,7.4
112年3月,格致路198號,<1,<1,0.4,7.3
112年3月,中山北路1段110-7號,<1,<1,0.43,7.3
112年3月,承德路七段388號對面﹝北投加壓站﹞,<1,<1,0.39,7.2
112年3月,師大路107號,<1,<1,0.59,7.1
112年3月,建國南路1段354號,<1,<1,0.57,7.2
112年3月,景福街19號1樓,<1,<1,0.53,7.4
112年3月,木柵路1段280號,<1,<1,0.48,7.2
112年3月,興隆路2段234號,<1,<1,0.51,7.2
112年3月,莊敬路393號,<1,<1,0.55,7.2
112年3月,長泰街8號,<1,<1,0.47,7.4
112年3月,西藏路171號,<1,<1,0.5,7.4
112年3月,萬大路423巷115號,<1,<1,0.46,7.2
112年3月,莒光路176號,<1,<1,0.51,7.4
112年3月,柳州街62號,<1,<1,0.52,7.4
112年3月,西園路1段127號,<1,<1,0.55,7.4
112年3月,大龍街126號,<1,<1,0.42,7.4
112年3月,延平北路2段61巷16號,<1,<1,0.45,7.2
112年3月,哈密街59巷﹝龍塘綠地﹞,<1,<1,0.47,7.3
112年3月,昌吉街118號,<1,<1,0.47,7.3
112年3月,迪化街1段268號,<1,<1,0.45,7.3
112年3月,中山北路1段110-7號,<1,<1,0.45,7.6
112年3月,至善路2段322巷口,<1,<1,0.42,7.5
112年3月,天母東路69巷30號,<1,<1,0.53,7.2
112年3月,後港街38巷臨5之1號,<1,<1,0.47,7.3
112年3月,華齡街2巷口,<1,<1,0.44,7.2
112年3月,中山北路5段460巷1號,<1,<1,0.45,7
112年3月,行義路1號,<1,<1,0.52,6.9
112年4月,康樂街236-5號附近（公車站旁）,<1,<1,0.51,7.2
112年4月,康寧路3段99巷17弄26號旁,<1,<1,0.48,7.3
112年4月,敦化北路199巷9號旁,<1,<1,0.47,7.3
112年4月,民權東路5段41-1號,<1,<1,0.51,7.3
112年4月,臺北市松山區南京東路4段52巷16弄口,<1,<1,0.51,7.2
112年4月,中坡南路51號,<1,<1,0.47,7.3
112年4月,師大路107號,<1,<1,0.55,7.5
112年4月,長興街131號,<1,<1,0.55,7.3
112年4月,建國南路1段354號,<1,<1,0.57,7.5
112年4月,思源街1號,<1,<1,0.56,7.5
112年4月,興隆路2段234號,<1,<1,0.51,7.4
112年4月,景福街19號1樓,<1,<1,0.45,7.5
112年4月,木柵路1段280號,<1,<1,0.53,7.3
112年4月,直潭路127號(直潭淨水場),<1,<1,0.56,7.2
112年4月,莊敬路393號,<1,<1,0.57,7.4
112年4月,菁山路101巷79號,<1,<1,0.56,7.8
112年4月,至善路3段110號,<1,<1,0.57,7.3
112年4月,鹿角坑加壓站 竹子湖路75-1號對面,<1,<1,0.55,8
112年4月,泉源路260號,<1,<1,0.5,7.9
112年4月,臺北市內湖區大湖街166巷大湖公園入口旁,<1,<1,0.31,7.3
112年4月,永吉路120巷92號,<1,<1,0.32,7.2
112年4月,興東街1號對面,<1,<1,0.39,7.1
112年4月,研究院路二段1號,<1,<1,0.51,7.3
112年4月,西園路1段127號,<1,<1,0.45,7.3
112年4月,長泰街8號,<1,<1,0.53,7.4
112年4月,柳州街62號,<1,<1,0.46,7.3
112年4月,西藏路171號,<1,<1,0.49,7.4
112年4月,萬大路423巷115號,<1,<1,0.48,7.2
112年4月,莒光路176號,<1,<1,0.44,7.3
112年4月,大龍街126號,<1,<1,0.46,7.3
112年4月,哈密街59巷﹝龍塘綠地﹞,<1,<1,0.58,7.3
112年4月,迪化街1段268號,<1,<1,0.42,7.4
112年4月,延平北路2段61巷16號,<1,<1,0.4,7.3
112年4月,昌吉街118號,<1,<1,0.46,7.4
112年4月,臺北市中山區中山北路1段106-1號,<1,<1,0.39,7.4
112年4月,天母東路69巷30號,<1,<1,0.47,7.5
112年4月,華齡街2巷口,<1,<1,0.34,7.4
112年4月,後港街38巷臨5之1號,<1,<1,0.37,7.4
112年4月,至善路2段322巷口,<1,<1,0.36,7.5
112年4月,中山北路5段460巷1號,<1,<1,0.38,7.2
112年4月,行義路1號,<1,<1,0.38,7.1
112年4月,民族東路臨41號,<1,<1,0.41,7.3
112年4月,延壽街373號,<1,<1,0.49,7.1
112年4月,臺北市松山區八德路2段364巷5弄29號對面,<1,<1,0.42,7.2
112年4月,桂林路167巷14號（三清宮）,<1,<1,0.42,7.3
112年4月,大安區四維路52巷1號對面,<1,<1,0.45,7
112年4月,和平東路三段308巷15弄涼亭旁,<1,<1,0.54,7.2
112年4月,思源街1號,<1,<1,0.49,7.2
112年4月,羅斯福路六段268號,<1,<1,0.46,7.3
112年4月,木新路3段55號,<1,<1,0.67,7.3
112年4月,至善路二段449號,<1,<1,0.31,7.1
112年4月,格致路198號,<1,<1,0.53,6.9
112年4月,中山北路1段110-7號,<1,<1,0.43,7.3
112年4月,承德路七段388號對面﹝北投加壓站﹞,<1,<1,0.46,7.3
112年5月,師大路107號,<1,<1,0.53,7.4
112年5月,建國南路1段354號,<1,<1,0.59,7.4
112年5月,興隆路2段234號,<1,<1,0.56,7.3
112年5月,景福街19號1樓,<1,<1,0.48,7.4
112年5月,木柵路1段280號,<1,<1,0.56,7.3
112年5月,莊敬路393號,<1,<1,0.59,7.4
112年5月,康寧路3段99巷17弄26號旁,<1,<1,0.49,7.4
112年5月,康樂街206號附近,<1,<1,0.5,7.3
112年5月,臺北市松山區南京東路4段52巷16弄口,<1,<1,0.54,7.3
112年5月,民權東路5段41-1號,<1,<1,0.55,7.3
112年5月,敦化北路199巷9號旁,<1,<1,0.43,7.4
112年5月,中坡南路51號,<1,<1,0.52,7.3
112年5月,萬大路423巷115號,<1,<1,0.54,7.3
112年5月,西藏路171號,<1,<1,0.55,7.4
112年5月,西園路1段127號,<1,<1,0.54,7.4
112年5月,柳州街62號,<1,<1,0.54,7.4
112年5月,長泰街8號,<1,<1,0.55,7.4
112年5月,莒光路176號,<1,<1,0.53,7.4
112年5月,延平北路2段61巷16號,<1,<1,0.45,7.3
112年5月,大龍街126號,<1,<1,0.47,7.2
112年5月,昌吉街118號,<1,<1,0.45,7.3
112年5月,哈密街59巷﹝龍塘綠地﹞,<1,<1,0.46,7.2
112年5月,迪化街1段268號,<1,<1,0.46,7.2
112年5月,臺北市中山區中山北路1段106-1號,<1,<1,0.44,7.4
112年5月,華齡街2巷口,<1,<1,0.45,7.2
112年5月,天母東路69巷30號,<1,<1,0.44,7.2
112年5月,後港街38巷臨5之1號,<1,<1,0.45,7.1
112年5月,至善路2段322巷口,<1,<1,0.37,7.3
112年5月,中山北路5段460巷1號,<1,<1,0.46,6.9
112年5月,行義路1號,<1,<1,0.5,7
112年5月,長興街131號,<1,<1,0.51,7.3
112年5月,思源街1號,<1,<1,0.54,7.4
112年5月,直潭路127號(直潭淨水場),<1,<1,0.53,7.2
112年5月,至善路3段110號,<1,<1,0.53,7.4
112年5月,泉源路260號,<1,<1,0.53,8
112年5月,鹿角坑加壓站 竹子湖路75-1號對面,<1,<1,0.56,8.1
112年5月,菁山路101巷79號,<1,<1,0.57,7.8
112年5月,大湖街116巷內,<1,<1,0.47,7.5
112年5月,永吉路120巷92號,<1,<1,0.54,7.5
112年5月,興東街1號對面,<1,<1,0.34,7.3
112年5月,研究院路二段1號,<1,<1,0.38,7.4
112年5月,民族東路臨41號,<1,<1,0.41,7.6
112年5月,臺北市松山區八德路2段364巷5弄29號對面,<1,<1,0.43,7.5
112年5月,延壽街373號,<1,<1,0.51,7.6
112年5月,桂林路167巷14號（三清宮）,<1,<1,0.46,7.6
112年5月,和平東路三段308巷15弄涼亭旁,<1,<1,0.46,7.6
112年5月,大安區四維路52巷1號對面,<1,<1,0.49,7.6
112年5月,思源街1號,<1,<1,0.53,7.5
112年5月,木新路3段55號,<1,<1,0.47,7.5
112年5月,羅斯福路六段268號,<1,<1,0.49,7.6
112年5月,至善路二段449號,<1,<1,0.45,7.4
112年5月,格致路198號,<1,<1,0.38,7
112年5月,中山北路1段110-7號,<1,<1,0.4,7.5
112年5月,承德路七段388號對面﹝北投加壓站﹞,<1,<1,0.34,7.4
112年6月,長興街131號,<1,<1,0.51,7.2
112年6月,思源街1號,<1,<1,0.56,7.4
112年6月,新北市新店區直潭路127號,<1,<1,0.5,7
112年6月,至善路3段110號,<1,<1,0.55,7
112年6月,菁山路101巷79號,<1,<1,0.48,7.7
112年6月,泉源路260號,<1,<1,0.56,7.7
112年6月,鹿角坑加壓站 竹子湖路75-1號對面,<1,<1,0.51,7.9
112年6月,和平東路三段308巷15弄涼亭旁,<1,<1,0.45,7.5
112年6月,大安區四維路52巷1號對面,<1,<1,0.54,7.4
112年6月,思源街1號,<1,<1,0.5,7.4
112年6月,大湖街116巷內,<1,<1,0.52,7.4
112年6月,木新路3段55號,<1,<1,0.47,7.3
112年6月,羅斯福路六段268號,<1,<1,0.5,7.5
112年6月,永吉路120巷92號,<1,<1,0.49,7.4
112年6月,研究院路二段1號,<1,<1,0.39,7.4
112年6月,興東街1號對面,<1,<1,0.39,7.4
112年6月,至善路二段449號,<1,<1,0.42,7.4
112年6月,格致路198號,<1,<1,0.54,6.9
112年6月,中山北路1段110-7號,<1,<1,0.49,7.4
112年6月,民族東路臨41號,<1,<1,0.43,7.8
112年6月,承德路七段388號對面﹝北投加壓站﹞,<1,<1,0.45,7.3
112年6月,延壽街373號,<1,<1,0.42,7.3
112年6月,臺北市松山區八德路2段364巷5弄29號對面,<1,<1,0.43,7.4
112年6月,桂林路167巷14號（三清宮）,<1,<1,0.48,7.4
112年6月,內溝里康樂街206-4號旁附近,<1,<1,0.54,7.2
112年6月,康寧路3段99巷17弄26號旁,<1,<1,0.56,7.2
112年6月,臺北市松山區南京東路4段52巷16弄口,<1,<1,0.53,7.2
112年6月,民權東路5段41-1號,<1,<1,0.57,7.2
112年6月,敦化北路199巷9號旁,<1,<1,0.44,7.2
112年6月,中坡南路51號,<1,<1,0.58,7.3
112年6月,西藏路171號,<1,<1,0.55,7.3
112年6月,柳州街62號,<1,<1,0.52,7.3
112年6月,長泰街8號,<1,<1,0.3,7.2
112年6月,西園路1段127號,<1,<1,0.52,7.3
112年6月,莒光路176號,<1,<1,0.6,7.2
112年6月,萬大路423巷115號,<1,<1,0.53,7.3
112年6月,師大路107號,<1,<1,0.55,7.3
112年6月,建國南路1段354號,<1,<1,0.53,7.3
112年6月,景福街19號1樓,<1,<1,0.54,7.2
112年6月,木柵路1段280號,<1,<1,0.61,7.2
112年6月,興隆路2段234號,<1,<1,0.56,7.3
112年6月,莊敬路393號,<1,<1,0.56,7.3
112年6月,昌吉街118號,<1,<1,0.59,7.2
112年6月,延平北路2段61巷16號,<1,<1,0.47,7.2
112年6月,迪化街1段268號,<1,<1,0.48,7.2
112年6月,大龍街126號,<1,<1,0.5,7.3
112年6月,哈密街49巷口,<1,<1,0.56,7.3
112年6月,中山北路1段110-7號,<1,<1,0.41,7.4
112年6月,華齡街2巷口,<1,<1,0.47,7.3
112年6月,後港街38巷臨5之1號,<1,<1,0.48,7.1
112年6月,天母東路69巷30號,<1,<1,0.49,7.2
112年6月,至善路2段322巷口,<1,<1,0.46,7.4
112年6月,中山北路5段460巷1號,<1,<1,0.49,7.2
112年6月,行義路1號,<1,<1,0.52,7
112年7月,臺北市內湖區大湖街166巷大湖公園入口旁,<1,<1,0.36,7.1
112年7月,永吉路120巷92號,<1,<1,0.46,7.2
112年7月,興東街1號對面,<1,<1,0.34,7.2
112年7月,研究院路二段1號,<1,<1,0.32,7.1
112年7月,民族東路臨41號,<1,<1,0.41,7.4
112年7月,臺北市松山區八德路2段364巷5弄29號對面,<1,<1,0.41,7.3
112年7月,延壽街373號,<1,<1,0.41,7.1
112年7月,桂林路167巷14號（三清宮）,<1,<1,0.45,7.4
112年7月,大安區四維路52巷1號對面,<1,<1,0.44,7.3
112年7月,和平東路三段308巷15弄涼亭旁,<1,<1,0.5,7.2
112年7月,思源街1號,<1,<1,0.55,7
112年7月,康寧路3段99巷17弄26號旁,<1,<1,0.52,7.2
112年7月,康樂街206號附近,<1,<1,0.42,7.2
112年7月,羅斯福路六段268號,<1,<1,0.5,7.3
112年7月,木新路3段55號,<1,<1,0.49,7.1
112年7月,民權東路5段41-1號,<1,<1,0.54,7.2
112年7月,臺北市松山區南京東路4段52巷16弄口,<1,<1,0.57,7.2
112年7月,敦化北路199巷9號旁,<1,<1,0.43,7.2
112年7月,中坡南路51號,<1,<1,0.51,7.2
112年7月,至善路二段449號,<1,<1,0.44,7.3
112年7月,格致路198號,<1,<1,0.52,7.5
112年7月,建國南路1段354號,<1,<1,0.54,7.5
112年7月,師大路107號,<1,<1,0.55,7.5
112年7月,中山北路1段110-7號,<1,<1,0.48,7.3
112年7月,景福街19號1樓,<1,<1,0.47,7.4
112年7月,木柵路1段280號,<1,<1,0.54,7.4
112年7月,興隆路2段234號,<1,<1,0.55,7.4
112年7月,承德路七段388號對面﹝北投加壓站﹞,<1,<1,0.45,7.6
112年7月,莊敬路393號,<1,<1,0.54,7.5
112年7月,長泰街8號,<1,<1,0.53,7.3
112年7月,西園路1段127號,<1,<1,0.5,7.3
112年7月,西藏路171號,<1,<1,0.54,7.3
112年7月,柳州街62號,<1,<1,0.51,7.4
112年7月,莒光路176號,<1,<1,0.51,7.3
112年7月,萬大路423巷115號,<1,<1,0.57,7.3
112年7月,長興街131號,<1,<1,0.49,7.5
112年7月,思源街1號,<1,<1,0.52,7.2
112年7月,直潭路127號(直潭淨水場),<1,<1,0.5,7.1
112年7月,至善路3段110號,<1,<1,0.54,7.4
112年7月,菁山路101巷79號,2,7,0.55,7.8
112年7月,哈密街59巷﹝龍塘綠地﹞,<1,<1,0.49,7.2
112年7月,昌吉街118號,<1,<1,0.58,7.2
112年7月,迪化街1段268號,<1,<1,0.46,7.1
112年7月,大龍街126號,<1,<1,0.55,7.2
112年7月,延平北路2段61巷16號,<1,<1,0.44,7.2
112年7月,臺北市中山區中山北路1段106-1號,<1,<1,0.42,7.4
112年7月,鹿角坑加壓站 竹子湖路75-1號對面,<1,<1,0.6,8.1
112年7月,泉源路260號,<1,<1,0.51,7.9
112年7月,至善路2段322巷口,<1,<1,0.36,7.4
112年7月,天母東路69巷30號,<1,<1,0.46,7.3
112年7月,華齡街2巷口,<1,<1,0.44,7.3
112年7月,後港街38巷臨5之1號,<1,<1,0.49,7.2
112年7月,中山北路5段460巷1號,<1,<1,0.41,7.1
112年7月,行義路1號,<1,<1,0.48,7.1
112年8月,康樂街206號附近,<1,<1,0.47,7.1
112年8月,康寧路3段99巷17弄26號旁,<1,<1,0.5,7.2
112年8月,臺北市松山區南京東路4段52巷16弄口,<1,<1,0.47,7.1
112年8月,敦化北路199巷9號旁,<1,<1,0.43,7.2
112年8月,民權東路5段41-1號,<1,<1,0.58,7.2
112年8月,中坡南路51號,<1,<1,0.54,7.3
112年8月,建國南路1段354號,<1,<1,0.53,7.3
112年8月,師大路107號,<1,<1,0.51,7.3
112年8月,興隆路2段234號,<1,<1,0.53,7.3
112年8月,木柵路1段280號,<1,<1,0.55,7.2
112年8月,景福街19號1樓,<1,<1,0.51,7.3
112年8月,莊敬路393號,<1,<1,0.56,7.3
112年8月,長興街131號,<1,<1,0.52,7.5
112年8月,思源街1號,<1,<1,0.57,7.5
112年8月,直潭路127號(直潭淨水場),<1,<1,0.53,7.2
112年8月,菁山路101巷79號,<1,<1,0.56,7.7
112年8月,至善路3段110號,<1,<1,0.55,7.3
112年8月,泉源路260號,<1,<1,0.6,7.8
112年8月,鹿角坑加壓站 竹子湖路75-1號對面,<1,<1,0.57,7.9
112年8月,西園路1段127號,<1,<1,0.57,7.5
112年8月,西藏路171號,<1,<1,0.59,7.4
112年8月,長泰街8號,<1,<1,0.59,7.5
112年8月,莒光路176號,<1,<1,0.58,7.5
112年8月,柳州街62號,<1,<1,0.56,7.4
112年8月,萬大路423巷115號,<1,<1,0.58,7.3
112年8月,昌吉街118號,<1,<1,0.53,7.2
112年8月,迪化街1段268號,<1,<1,0.47,7.2
112年8月,大龍街126號,<1,<1,0.51,7.2
112年8月,延平北路2段61巷16號,<1,<1,0.52,7.2
112年8月,哈密街59巷﹝龍塘綠地﹞,<1,<1,0.53,7.2
112年8月,臺北市中山區中山北路1段106-1號,<1,<1,0.46,7.4
112年8月,天母東路69巷30號,<1,<1,0.48,7.2
112年8月,後港街38巷臨5之1號,<1,<1,0.54,7.2
112年8月,至善路2段322巷口,<1,<1,0.39,7.2
112年8月,華齡街2巷口,<1,<1,0.4,7.3
112年8月,中山北路5段460巷1號,<1,<1,0.4,7.2
112年8月,行義路1號,<1,<1,0.51,7
112年8月,民族東路臨41號,<1,<1,0.56,7.3
112年8月,臺北市內湖區大湖街166巷大湖公園入口旁,<1,<1,0.29,7.1
112年8月,延壽街373號,<1,<1,0.53,7
112年8月,臺北市松山區八德路2段364巷5弄29號對面,<1,<1,0.47,7.3
112年8月,永吉路120巷92號,<1,<1,0.52,7.1
112年8月,研究院路二段1號,<1,<1,0.47,7.1
112年8月,興東街1號對面,<1,<1,0.48,7.1
112年8月,桂林路167巷14號（三清宮）,<1,<1,0.51,7.4
112年8月,和平東路三段308巷15弄涼亭旁,<1,<1,0.51,7
112年8月,大安區四維路52巷1號對面,<1,<1,0.46,7
112年8月,思源街1號,<1,<1,0.54,7
112年8月,羅斯福路六段268號,<1,<1,0.52,7.1
112年8月,木新路3段55號,<1,<1,0.45,7
112年8月,至善路二段449號,<1,<1,0.47,7.6
112年8月,格致路198號,<1,<1,0.47,7.3
112年8月,中山北路1段110-7號,<1,<1,0.47,7.4
112年8月,承德路七段388號對面﹝北投加壓站﹞,<1,<1,0.46,7.1
112年9月,大湖街116巷內,<1,<1,0.48,7
112年9月,永吉路120巷92號,<1,<1,0.43,7
112年9月,研究院路二段1號,<1,<1,0.44,7.1
112年9月,興東街1號對面,<1,<1,0.36,7.1
112年9月,康寧路3段99巷17弄26號旁,<1,<1,0.51,7.1
112年9月,康樂街206號附近,<1,<1,0.44,7.1
112年9月,臺北市松山區南京東路4段52巷16弄口,<1,<1,0.53,6.9
112年9月,敦化北路199巷9號旁,<1,<1,0.45,7.1
112年9月,民權東路5段41-1號,<1,<1,0.56,7
112年9月,中坡南路51號,<1,<1,0.53,7.2
112年9月,民族東路臨41號,<1,<1,0.57,6.9
112年9月,臺北市松山區八德路2段364巷5弄29號對面,<1,<1,0.5,7.1
112年9月,延壽街373號,<1,<1,0.55,6.9
112年9月,桂林路167巷14號（三清宮）,<1,<1,0.51,7
112年9月,長興街131號,<1,<1,0.52,7.2
112年9月,思源街1號,<1,<1,0.58,7.4
112年9月,直潭路127號(直潭淨水場),<1,<1,0.54,7
112年9月,至善路3段110號,<1,<1,0.53,7.2
112年9月,菁山路101巷79號,<1,<1,0.4,7.4
112年9月,泉源路260號,<1,<1,0.52,7.9
112年9月,鹿角坑加壓站 竹子湖路75-1號對面,<1,<1,0.57,8
112年9月,師大路107號,<1,<1,0.61,7.1
112年9月,大安區四維路52巷1號對面,<1,<1,0.49,7.4
112年9月,建國南路1段354號,<1,<1,0.61,7.1
112年9月,和平東路三段308巷15弄涼亭旁,<1,<1,0.51,7.2
112年9月,思源街1號,<1,<1,0.58,7
112年9月,羅斯福路六段268號,<1,<1,0.47,7.4
112年9月,木新路3段55號,<1,<1,0.53,7.1
112年9月,興隆路2段234號,<1,<1,0.53,7
112年9月,木柵路1段280號,<1,<1,0.55,7
112年9月,景福街19號1樓,<1,<1,0.54,7.1
112年9月,莊敬路393號,<1,<1,0.6,7.1
112年9月,格致路198號,<1,<1,0.51,6.8
112年9月,至善路二段449號,<1,<1,0.53,7.5
112年9月,中山北路1段110-7號,<1,<1,0.51,7.1
112年9月,承德路七段388號對面﹝北投加壓站﹞,<1,<1,0.46,7.1
112年9月,西藏路171號,<1,<1,0.58,7.2
112年9月,柳州街62號,<1,<1,0.54,7.4
112年9月,西園路1段127號,<1,<1,0.57,7.4
112年9月,長泰街8號,<1,<1,0.57,7.3
112年9月,萬大路423巷115號,<1,<1,0.58,7.2
112年9月,莒光路176號,<1,<1,0.58,7.4
112年9月,大龍街126號,<1,<1,0.36,7.3
112年9月,延平北路2段61巷16號,<1,<1,0.45,7.2
112年9月,迪化街1段268號,<1,<1,0.49,7.2
112年9月,昌吉街118號,<1,<1,0.56,7.4
112年9月,哈密街49巷口,<1,<1,0.59,7.2
112年9月,臺北市中山區中山北路1段106-1號,<1,<1,0.45,7.3
112年9月,華齡街2巷口,<1,<1,0.25,7.9
112年9月,至善路2段322巷口,<1,<1,0.31,7.4
112年9月,天母東路69巷30號,<1,<1,0.49,7.2
112年9月,後港街38巷臨5之1號,<1,<1,0.49,7
112年9月,中山北路5段460巷1號,<1,<1,0.48,7
112年9月,行義路1號,<1,<1,0.52,7
112年10月,大湖街116巷內,<1,<1,0.32,7.3
112年10月,永吉路120巷92號,<1,<1,0.59,7.2
112年10月,研究院路二段1號,<1,<1,0.32,7.1
112年10月,興東街1號對面,<1,<1,0.36,7.1
112年10月,民族東路臨41號,<1,<1,0.5,7.2
112年10月,延壽街373號,<1,<1,0.47,7.1
112年10月,臺北市松山區八德路2段364巷5弄29號對面,<1,<1,0.49,7.1
112年10月,桂林路167巷14號（三清宮）,<1,<1,0.46,7.4
112年10月,和平東路三段308巷15弄涼亭旁,<1,<1,0.42,7.2
112年10月,大安區四維路52巷1號對面,<1,<1,0.48,7.5
112年10月,思源街1號,<1,<1,0.56,7.2
112年10月,木新路3段55號,<1,<1,0.55,7.5
112年10月,羅斯福路六段268號,<1,<1,0.45,7.1
112年10月,至善路二段449號,<1,<1,0.55,7.3
112年10月,格致路198號,<1,<1,0.59,7.5
112年10月,中山北路1段110-7號,<1,<1,0.53,7.3
112年10月,承德路七段388號對面﹝北投加壓站﹞,<1,<1,0.54,7.2
112年10月,長興街131號,<1,<1,0.52,7.4
112年10月,思源街1號,<1,<1,0.51,7.6
112年10月,直潭路127號(直潭淨水場),<1,<1,0.58,7.3
112年10月,菁山路101巷79號,<1,<1,0.36,7.8
112年10月,至善路3段110號,<1,<1,0.55,7.4
112年10月,泉源路260號,<1,<1,0.51,7.9
112年10月,鹿角坑加壓站 竹子湖路75-1號對面,<1,<1,0.46,7.9
112年10月,康樂街206號附近,<1,<1,0.51,7.1
112年10月,康寧路3段99巷17弄26號旁,<1,<1,0.51,7.2
112年10月,敦化北路199巷9號旁,<1,<1,0.44,7.1
112年10月,臺北市松山區南京東路4段52巷16弄口,<1,<1,0.52,7.1
112年10月,民權東路5段41-1號,<1,<1,0.56,7.2
112年10月,中坡南路51號,<1,<1,0.51,7.3
112年10月,建國南路1段354號,<1,<1,0.54,7.2
112年10月,師大路107號,<1,<1,0.53,7.2
112年10月,木柵路1段280號,<1,<13,0.54,7.2
112年10月,景福街19號1樓,<1,<1,0.51,7.2
112年10月,興隆路2段234號,<1,<1,0.54,7.1
112年10月,莊敬路393號,<1,<1,0.55,7.2
112年10月,長泰街8號,<1,<1,0.58,7.2
112年10月,西藏路171號,<1,<1,0.6,7.2
112年10月,西園路1段127號,<1,<1,0.56,7.2
112年10月,莒光路176號,<1,<1,0.59,7.2
112年10月,柳州街62號,<1,<1,0.53,7.2
112年10月,萬大路423巷115號,<1,<1,0.58,7.2
112年10月,大龍街126號,<1,<1,0.49,7.3
112年10月,哈密街59巷﹝龍塘綠地﹞,<1,<1,0.49,7.2
112年10月,延平北路2段61巷16號,<1,<1,0.44,7.2
112年10月,昌吉街118號,<1,<1,0.51,7.2
112年10月,迪化街1段268號,<1,<1,0.42,7.2
112年10月,臺北市中山區中山北路1段106-1號,<1,<1,0.44,7.3
112年10月,至善路2段322巷口,<1,<1,0.46,7.5
112年10月,後港街38巷臨5之1號,<1,<1,0.51,7.3
112年10月,華齡街2巷口,<1,<1,0.24,8.2
112年10月,天母東路69巷30號,<1,<1,0.51,7.3
112年10月,中山北路5段460巷1號,<1,<1,0.48,7
112年10月,行義路1號,<1,<1,0.48,7.1
112年11月,長興街131號,<1,<1,0.56,7.4
112年11月,思源街1號,<1,<1,0.59,7.6
112年11月,直潭路127號(直潭淨水場),<1,<1,0.53,7.3
112年11月,臺北市內湖區大湖街166巷大湖公園入口旁,<1,<1,0.47,7.4
112年11月,永吉路120巷92號,<1,<1,0.55,7.6
112年11月,研究院路二段1號,<1,<1,0.38,7.3
112年11月,興東街1號對面,<1,<1,0.35,7.5
112年11月,菁山路101巷79號,<1,<1,0.4,7.6
112年11月,至善路3段110號,<1,<1,0.55,7.5
112年11月,鹿角坑加壓站 竹子湖路75-1號對面,<1,<1,0.65,8
112年11月,泉源路260號,<1,<1,0.6,8
112年11月,民族東路臨41號,<1,<1,0.5,7.3
112年11月,延壽街373號,<1,<1,0.45,7.3
112年11月,臺北市松山區八德路2段364巷5弄29號對面,<1,<1,0.5,7.6
112年11月,桂林路167巷14號（三清宮）,<1,<1,0.52,7.5
112年11月,和平東路三段308巷15弄涼亭旁,<1,<1,0.51,7.4
112年11月,大安區四維路52巷1號對面,<1,<1,0.52,7.4
112年11月,思源街1號,<1,<1,0.49,7.3
112年11月,羅斯福路六段268號,<1,<1,0.55,7.6
112年11月,木新路3段55號,<1,<1,0.44,7.4
112年11月,格致路198號,<1,<1,0.48,7.6
112年11月,至善路二段449號,<1,<1,0.49,7.7
112年11月,中山北路1段110-7號,<1,<1,0.61,7.7
112年11月,承德路七段388號對面﹝北投加壓站﹞,<1,<1,0.41,7.5
112年11月,康樂街206號附近,<1,<1,0.62,7.2
112年11月,康寧路3段99巷17弄26號旁,<1,<1,0.56,7.3
112年11月,臺北市松山區南京東路4段52巷16弄口,<1,<1,0.53,7.3
112年11月,敦化北路199巷9號旁,<1,<1,0.52,7.3
112年11月,民權東路5段41-1號,<1,<1,0.64,7.3
112年11月,中坡南路51號,<1,<1,0.56,7.4
112年11月,建國南路1段354號,<1,<1,0.58,7.3
112年11月,師大路107號,<1,<1,0.56,7.3
112年11月,木柵路1段280號,<1,<1,0.54,7.2
112年11月,興隆路2段234號,<1,<1,0.54,7.1
112年11月,景福街19號1樓,<1,<1,0.54,7.3
112年11月,莊敬路393號,<1,<1,0.58,7.2
112年11月,臺北市中正區思源街1號,<1,<1,0.56,7.5
112年11月,西園路1段127號,<1,<1,0.54,7.6
112年11月,萬大路423巷115號,<1,<1,0.58,7.5
112年11月,西藏路171號,<1,<1,0.57,7.4
112年11月,西藏路171號,<1,<1,0.57,7.5
112年11月,柳州街62號,<1,<1,0.53,7.5
112年11月,昌吉街118號,<1,<1,0.5,7.2
112年11月,大龍街126號,<1,<1,0.5,7.3
112年11月,哈密街59巷﹝龍塘綠地﹞,<1,<1,0.5,7.2
112年11月,迪化街1段268號,<1,<1,0.5,7.2
112年11月,延平北路2段61巷16號,<1,<1,0.49,7.2
112年11月,臺北市中山區中山北路1段106-1號,<1,<1,0.47,7.2
112年11月,後港街38巷臨5之1號,<1,<1,0.5,7.2
112年11月,天母東路69巷30號,<1,<1,0.51,7.2
112年11月,至善路2段322巷口,<1,<1,0.52,7.2
112年11月,華齡街2巷口,<1,<1,0.4,7.2
112年11月,中山北路5段460巷1號,<1,<1,0.56,6.9
112年11月,行義路1號,<1,<1,0.53,7
112年12月,長興街131號,<1,<1,0.55,7.7
112年12月,思源街1號,<1,<1,0.56,7.6
112年12月,臺北市內湖區大湖街166巷大湖公園入口旁,<1,<1,0.52,7.5
112年12月,直潭路127號(直潭淨水場),<1,<1,0.59,7.2
112年12月,永吉路120巷92號,<1,<1,0.52,7.7
112年12月,研究院路二段1號,<1,<1,0.48,7.6
112年12月,興東街1號對面,<1,<1,0.52,7.5
112年12月,至善路3段110號,<1,<1,0.51,6.9
112年12月,菁山路101巷79號,<1,<1,0.51,7.7
112年12月,民族東路臨41號,<1,<1,0.57,7.5
112年12月,泉源路260號,<1,<1,0.53,7.8
112年12月,延壽街373號,<1,<1,0.49,7.4
112年12月,臺北市松山區八德路2段364巷5弄29號對面,<1,<1,0.54,7.6
112年12月,桂林路167巷14號（三清宮）,<1,<1,0.51,7.7
112年12月,鹿角坑加壓站 竹子湖路75-1號對面,<1,2,0.55,7.8
112年12月,和平東路三段308巷15弄涼亭旁,<1,<1,0.48,7.7
112年12月,大安區四維路52巷1號對面,<1,<1,0.5,7.7
112年12月,思源街1號,<1,<1,0.56,7.4
112年12月,木新路3段55號,<1,<1,0.5,7.5
112年12月,羅斯福路六段268號,<1,<1,0.5,7.2
112年12月,格致路198號,<1,<1,0.58,7.4
112年12月,至善路二段449號,<1,<1,0.55,7.4
112年12月,中山北路1段110-7號,<1,<1,0.5,7.6
112年12月,承德路七段388號對面﹝北投加壓站﹞,<1,<1,0.47,7.6
112年12月,康樂街206號附近,<1,<1,0.6,7.2
112年12月,康寧路3段99巷17弄26號旁,<1,<1,0.46,7.2
112年12月,民權東路5段41-1號,<1,<1,0.49,7.4
112年12月,臺北市松山區南京東路4段52巷16弄口,<1,<1,0.47,7.2
112年12月,敦化北路199巷9號旁,<1,<1,0.4,7.3
112年12月,中坡南路51號,<1,<1,0.53,7.3
112年12月,建國南路1段354號,<1,<1,0.56,7.3
112年12月,師大路107號,<1,<1,0.55,7.4
112年12月,興隆路2段234號,<1,<1,0.52,7.2
112年12月,景福街19號1樓,<1,<1,0.53,7.2
112年12月,木柵路1段280號,<1,<1,0.56,7.2
112年12月,莊敬路393號,<1,<1,0.56,7.3
112年12月,西園路1段127號,<1,<1,0.49,7.3
112年12月,西藏路171號,<1,<1,0.54,7.3
112年12月,長泰街8號,<1,<1,0.51,7.3
112年12月,萬大路423巷115號,<1,<1,0.5,7.3
112年12月,莒光路176號,<1,<1,0.52,7.3
112年12月,柳州街62號,<1,<1,0.5,7.3
112年12月,大龍街126號,<1,<1,0.51,7.3
112年12月,延平北路2段61巷16號,<1,<1,0.49,7.3
112年12月,昌吉街118號,<1,<1,0.55,7.2
112年12月,迪化街1段268號,<1,<1,0.52,7.2
112年12月,哈密街59巷﹝龍塘綠地﹞,<1,<1,0.56,7.2
112年12月,中山北路1段110-7號,<1,<1,0.55,7.3
112年12月,至善路2段322巷口,<1,<1,0.53,7.2
112年12月,天母東路69巷30號,<1,<1,0.53,7.1
112年12月,後港街38巷臨5之1號,<1,<1,0.53,7.2
112年12月,華齡街2巷口,<1,<1,0.45,7.2
112年12月,中山北路5段460巷1號,<1,<1,0.55,6.9
112年12月,行義路1號,<1,<1,0.55,7
113年1月,長興街131號,<1,<1,0.49,7.5
113年1月,思源街1號,<1,<1,0.56,7.5
113年1月,直潭路127號(直潭淨水場),<1,<1,0.5,7.1
113年1月,菁山路101巷79號,<1,<1,0.53,7.9
113年1月,至善路3段110號,<1,<1,0.54,7.3
113年1月,鹿角坑加壓站 竹子湖路75-1號對面,<1,<1,0.57,7.9
113年1月,泉源路260號,<1,<1,0.54,8
113年1月,臺北市內湖區大湖街166巷大湖公園入口旁,<1,<1,0.45,7.4
113年1月,永吉路120巷92號,<1,<1,0.46,7.4
113年1月,興東街1號對面,<1,<1,0.44,7.3
113年1月,研究院路二段1號,<1,<1,0.37,7.3
113年1月,民族東路臨41號,<1,<1,0.53,7.4
113年1月,臺北市松山區八德路2段364巷5弄29號對面,<1,<1,0.47,7.5
113年1月,延壽街373號,<1,<1,0.52,7.4
113年1月,桂林路167巷14號（三清宮）,<1,<1,0.47,7.5
113年1月,和平東路三段308巷15弄涼亭旁,<1,<1,0.39,7.4
113年1月,大安區四維路52巷1號對面,<1,<1,0.45,7.5
113年1月,思源街1號,<1,<1,0.48,7.3
113年1月,木新路3段55號,<1,<1,0.49,7.3
113年1月,羅斯福路六段268號,<1,<1,0.51,7.7
113年1月,至善路二段449號,<1,<1,0.53,7.6
113年1月,格致路198號,<1,<1,0.44,7.5
113年1月,中山北路1段110-7號,<1,<1,0.5,7.6
113年1月,承德路七段388號對面﹝北投加壓站﹞,<1,<1,0.48,7.6
113年1月,康寧路3段99巷17弄26號旁,<1,<1,0.47,7.4
113年1月,康樂街206號附近,<1,<1,0.47,7.3
113年1月,民權東路5段41-1號,<1,<1,0.49,7.4
113年1月,臺北市松山區南京東路4段52巷16弄口,<1,<1,0.48,7.3
113年1月,敦化北路199巷9號旁,<1,<1,0.45,7.4
113年1月,中坡南路51號,<1,<1,0.48,7.4
113年1月,建國南路1段354號,<1,<1,0.5,7.5
113年1月,師大路105巷與師大路口,<1,<1,0.5,7.5
113年1月,木柵路1段280號,<1,<1,0.55,7.4
113年1月,景福街19號1樓,<1,<1,0.48,7.3
113年1月,興隆路2段234號,<1,<1,0.53,7.3
113年1月,莊敬路393號,<1,<1,0.51,7.5
113年1月,西藏路171號,<1,<1,0.51,7.5
113年1月,西園路1段127號,<1,<1,0.51,7.5
113年1月,長泰街8號,<1,<1,0.49,7.5
113年1月,柳州街62號,<1,<1,0.5,7.5
113年1月,莒光路176號,<1,<1,0.51,7.5
113年1月,萬大路423巷115號,<1,<1,0.49,7.5
113年1月,哈密街59巷﹝龍塘綠地﹞,<1,<1,0.43,7.3
113年1月,延平北路2段61巷16號,<1,<1,0.44,7.2
113年1月,迪化街1段268號,<1,<1,0.44,7.1
113年1月,大龍街126號,<1,<1,0.47,7.2
113年1月,昌吉街118號,<1,<1,0.47,7.2
113年1月,長安西路38號,<1,<1,0.44,7.2
113年1月,天母東路69巷30號,<1,<1,0.5,7.1
113年1月,後港街38巷臨5之1號,<1,<1,0.46,7.1
113年1月,至善路2段322巷口,<1,<1,0.45,7.3
113年1月,華齡街2巷口,<1,<1,0.4,7.1
113年1月,中山北路5段460巷1號,<1,<1,0.56,7
113年1月,行義路1號,<1,<1,0.47,7
113年2月,建國南路1段354號,<1,<1,0.52,7.3
113年2月,師大路105巷與師大路口,<1,<1,0.54,7.3
113年2月,民族東路765號對面公園,<1,<1,0.54,7.3
113年2月,臺北市內湖區大湖街166巷大湖公園入口旁,<1,<1,0.45,7.4
113年2月,木柵路1段280號,<1,<1,0.56,7.3
113年2月,興隆路2段234號,<1,<1,0.55,7.3
113年2月,景福街19號1樓,<1,<1,0.56,7.3
113年2月,臺北市松山區八德路2段364巷5弄29號對面,<1,<1,0.5,7.5
113年2月,延壽街373號,<1,<1,0.49,7.3
113年2月,莊敬路393號,<1,<1,0.55,7.3
113年2月,永吉路120巷92號,<1,<1,0.49,7.5
113年2月,興東街1號對面,<1,<1,0.41,7.3
113年2月,研究院路二段1號,<1,<1,0.41,7.3
113年2月,萬大路423巷115號,<1,<1,0.56,7.2
113年2月,西藏路171號,<1,<1,0.54,7.2
113年2月,桂林路167巷14號（三清宮）,<1,<1,0.44,7.5
113年2月,柳州街62號,<1,<1,0.49,7.2
113年2月,長泰街8號,<1,<1,0.54,7.2
113年2月,西園路1段127號,<1,<1,0.54,7.2
113年2月,莒光路176號,<1,<1,0.58,7.2
113年2月,至善路二段449號,<1,<1,0.53,7.6
113年2月,格致路198號,<1,<1,0.56,7.5
113年2月,大安區四維路52巷1號對面,<1,<1,0.45,7.6
113年2月,和平東路三段308巷15弄涼亭旁,<1,<1,0.54,7.6
113年2月,中山北路1段110-7號,<1,<1,0.51,7.6
113年2月,思源街1號,<1,<1,0.5,7.5
113年2月,康寧路3段99巷17弄26號旁,<1,<1,0.49,7.5
113年2月,內溝里康樂街206-4號旁附近,<1,<1,0.49,7.4
113年2月,羅斯福路六段268號,<1,<1,0.4,7.7
113年2月,木新路3段55號,<1,<1,0.36,7.5
113年2月,承德路七段388號對面﹝北投加壓站﹞,<1,<1,0.52,7.6
113年2月,民權東路5段41-1號,<1,<1,0.56,7.5
113年2月,敦化北路199巷9號旁,<1,<1,0.43,7.4
113年2月,臺北市松山區南京東路4段52巷16弄口,<1,<1,0.52,7.4
113年2月,中坡南路51號,<1,<1,0.47,7.6
113年2月,哈密街59巷﹝龍塘綠地﹞,<1,<1,0.52,7.3
113年2月,迪化街1段268號,<1,<1,0.49,7.1
113年2月,昌吉街118號,<1,<1,0.49,7.2
113年2月,延平北路2段61巷16號,<1,<1,0.45,7.1
113年2月,大龍街126號,<1,<1,0.51,7.3
113年2月,長興街131號,<1,<1,0.56,7.5
113年2月,臺北市中山區中山北路1段106-1號,<1,<1,0.42,7.2
113年2月,思源街1號,<1,<1,0.58,7.6
113年2月,直潭路127號(直潭淨水場),<1,<1,0.48,7.2
113年2月,天母東路69巷30號,<1,<1,0.45,7.3
113年2月,至善路2段322巷口,<1,<1,0.52,7.5
113年2月,後港街38巷臨5之1號,<1,<1,0.44,7.4
113年2月,華齡街2巷口,<1,<1,0.41,7.4
113年2月,至善路3段110號,<1,<1,0.56,7.3
113年2月,菁山路101巷79號,<1,<1,0.54,7.8
113年2月,中山北路5段460巷1號,<1,<1,0.47,7.1
113年2月,行義路1號,<1,<1,0.41,7.1
113年2月,泉源路260號,<1,<1,0.55,8.1
113年2月,鹿角坑加壓站 竹子湖路75-1號對面,<1,<1,0.53,8
113年3月,臺北市內湖區大湖街166巷大湖公園入口旁,<1,<1,0.34,7.5
113年3月,永吉路120巷92號,<1,<1,0.56,7.4
113年3月,研究院路二段1號,<1,<1,0.4,7.5
113年3月,興東街1號對面,<1,<1,0.45,7.5
113年3月,西園路1段127號,<1,<1,0.56,7.5
113年3月,長泰街8號,<1,<1,0.55,7.5
113年3月,莒光路176號,<1,<1,0.54,7.4
113年3月,西藏路171號,<1,<1,0.53,7.5
113年3月,萬大路423巷115號,<1,<1,0.53,7.5
113年3月,柳州街62號,<1,<1,0.55,7.5
113年3月,延平北路2段61巷16號,<1,<1,0.41,7.3
113年3月,大龍街126號,<1,<1,0.43,7.4
113年3月,迪化街1段268號,<1,<1,0.46,7.3
113年3月,昌吉街118號,<1,<1,0.46,7.4
113年3月,哈密街59巷﹝龍塘綠地﹞,<1,<1,0.45,7.4
113年3月,民族東路765號對面公園,<1,<1,0.45,7.4
113年3月,臺北市中山區中山北路1段106-1號,<1,<1,0.45,7.4
113年3月,延壽街373號,<1,<1,0.38,7.5
113年3月,八德路二段366巷21-2號對面,<1,<1,0.44,7.5
113年3月,桂林路167巷14號（三清宮）,<1,<1,0.43,7.5
113年3月,華齡街2巷口,<1,<1,0.4,7.3
113年3月,至善路2段322巷口,<1,<1,0.55,7.3
113年3月,後港街38巷臨5之1號,<1,<1,0.43,7.1
113年3月,天母東路69巷30號,<1,<1,0.47,7.3
113年3月,中山北路5段460巷1號,<1,<1,0.47,7
113年3月,行義路1號,<1,<1,0.49,7.2
113年3月,和平東路三段308巷15弄涼亭旁,<1,<1,0.43,7.4
113年3月,大安區四維路52巷1號對面,<1,<1,0.51,7.3
113年3月,臺北市中正區思源街1號,<1,<1,0.49,7.4
113年3月,木新路3段55號,<1,<1,0.44,7.4
113年3月,羅斯福路六段268號,<1,<1,0.46,7.4
113年3月,格致路198號,<1,<1,0.53,7.2
113年3月,至善路二段449號,<1,<1,0.48,7.4
113年3月,中山北路1段110-7號,<1,<1,0.45,7.5
113年3月,承德路七段388號對面﹝北投加壓站﹞,<1,<1,0.39,7.6
113年3月,康樂街206號附近,<1,<1,0.44,7.4
113年3月,康寧路3段99巷17弄26號旁,<1,<1,0.52,7.3
113年3月,民權東路5段41-1號,<1,<1,0.5,7
113年3月,敦化北路199巷9號旁,<1,<1,0.41,7.3
113年3月,臺北市松山區南京東路4段52巷16弄口,<1,<1,0.45,7.3
113年3月,中坡南路51號,<1,<1,0.47,7.2
113年3月,師大路105巷與師大路口,3,12,0.54,7.4
113年3月,建國南路1段354號,<1,<1,0.54,7.4
113年3月,木柵路1段280號,<1,<1,0.54,7.3
113年3月,景福街19號1樓,<1,<1,0.47,7.5
113年3月,興隆路2段234號,<1,<1,0.56,7.3
113年3月,莊敬路393號,<1,<1,0.51,7.4
113年3月,長興街131號,<1,<1,0.54,7.3
113年3月,臺北市中正區思源街1號,<1,<1,0.52,7.3
113年3月,新北市新店區直潭路127號,<1,<1,0.5,7.2
113年3月,菁山路101巷79號,<1,<1,0.49,7.8
113年3月,至善路3段110號,<1,<1,0.55,7.4
113年3月,泉源路260號,<1,<1,0.66,8
113年3月,泉源路260號,<1,<1,0.59,8
113年4月,臺北市內湖區大湖街166巷大湖公園入口旁,<1,<1,0.44,7.3
113年4月,永吉路120巷92號,<1,<1,0.45,7.3
113年4月,研究院路二段1號,<1,<1,0.33,7.5
113年4月,興東街1號對面,<1,<1,0.42,7.4
113年4月,內溝里康樂街206-4號旁附近,<1,<1,0.45,7.3
113年4月,康寧路3段99巷17弄26號旁,<1,<1,0.47,7.3
113年4月,敦化北路199巷9號旁,<1,<1,0.42,7.6
113年4月,臺北市松山區南京東路4段52巷16弄口,<1,<1,0.51,7.3
113年4月,民權東路5段41-1號,<1,<1,0.51,7.3
113年4月,中坡南路51號,<1,<1,0.47,7.4
113年4月,建國南路1段354號,<1,<1,0.57,7.2
113年4月,師大路105巷與師大路口,<1,<1,0.58,7.2
113年4月,景福街19號1樓,<1,<1,0.51,7.3
113年4月,木柵路1段280號,<1,<1,0.58,7.2
113年4月,興隆路2段234號,<1,<1,0.56,7.2
113年4月,莊敬路393號,<1,<1,0.52,7.2
113年4月,民族東路765號對面公園,<1,<1,0.51,7.2
113年4月,延壽街373號,<1,<1,0.44,7.2
113年4月,臺北市松山區八德路2段364巷5弄29號對面,<1,<1,0.46,7.3
113年4月,桂林路167巷14號（三清宮）,<1,<1,0.5,7.3
113年4月,大安區四維路52巷1號對面,<1,<1,0.47,7.4
113年4月,和平東路三段308巷15弄涼亭旁,<1,<1,0.47,7.4
113年4月,思源街1號,<1,<1,0.42,7.3
113年4月,羅斯福路六段268號,<1,<1,0.45,7.5
113年4月,木新路3段55號,<1,<1,0.41,7.4
113年4月,至善路二段449號,<1,<1,0.55,7.6
113年4月,格致路198號,<1,<1,0.5,7.8
113年4月,中山北路1段110-7號,<1,<1,0.48,7.5
113年4月,承德路七段388號對面﹝北投加壓站﹞,<1,<1,0.38,7.7
113年4月,西園路1段127號,<1,<1,0.55,7.3
113年4月,西藏路171號,<1,<1,0.58,7.2
113年4月,長泰街8號,<1,<1,0.58,7.3
113年4月,莒光路176號,<1,<1,0.56,7.3
113年4月,萬大路423巷115號,<1,<1,0.57,7.3
113年4月,柳州街62號,<1,<1,0.55,7.3
113年4月,哈密街59巷﹝龍塘綠地﹞,<1,<1,0.51,7.4
113年4月,延平北路2段61巷16號,<1,<1,0.47,7.3
113年4月,大龍街126號,<1,<1,0.54,7.4
113年4月,昌吉街118號,<1,<1,0.51,7.4
113年4月,迪化街1段268號,<1,<1,0.48,7.4
113年4月,長興街131號,<1,<1,0.54,7.3
113年4月,臺北市中山區中山北路1段106-1號,<1,<1,0.47,7.4
113年4月,思源街1號,<1,<1,0.58,7.2
113年4月,直潭路127號(直潭淨水場),<1,<1,0.47,7.3
113年4月,後港街38巷臨5之1號,<1,<1,0.46,7.3
113年4月,天母東路69巷30號,<1,<1,0.45,7.4
113年4月,至善路2段322巷口,<1,<1,0.41,7.3
113年4月,至善路3段110號,<1,<1,0.55,7.2
113年4月,菁山路101巷79號,<1,<1,0.61,7.8
113年4月,華齡街2巷口,<1,<1,0.43,7.3
113年4月,中山北路5段460巷1號,<1,<1,0.49,7.3
113年4月,鹿角坑加壓站 竹子湖路75-1號對面,<1,<1,0.57,8
113年4月,行義路1號,<1,<1,0.5,7.1
113年4月,泉源路260號,<1,<1,0.56,8
113年5月,康樂街206號附近,<1,<1,0.47,7.4
113年5月,康寧路3段99巷17弄26號旁,<1,<1,0.46,7.4
113年5月,臺北市內湖區大湖街166巷大湖公園入口旁,<1,<1,0.46,7.5
113年5月,臺北市松山區南京東路4段52巷16弄口,<1,<1,0.52,7.4
113年5月,敦化北路199巷9號旁,<1,<1,0.34,7.4
113年5月,民權東路5段41-1號,<1,<1,0.49,7.6
113年5月,永吉路120巷92號,<1,<1,0.58,7.5
113年5月,研究院路二段1號,<1,<1,0.45,7.4
113年5月,中坡南路51號,<1,<1,0.5,7.3
113年5月,興東街1號對面,<1,<1,0.31,7.4
113年5月,民族東路765號對面公園,<1,<1,0.49,7.4
113年5月,臺北市松山區八德路2段364巷5弄29號對面,<1,<1,0.52,7.5
113年5月,延壽街373號,<1,<1,0.43,7.4
113年5月,桂林路167巷14號（三清宮）,<1,<1,0.42,7.4
113年5月,建國南路1段354號,<1,<1,0.6,7.6
113年5月,師大路105巷與師大路口,<1,<1,0.59,7.6
113年5月,興隆路2段234號,<1,<1,0.55,7.6
113年5月,景福街19號1樓,<1,<1,0.53,7.5
113年5月,木柵路1段280號,<1,<1,0.53,7.4
113年5月,莊敬路393號,<1,<1,0.6,7.5
113年5月,西藏路171號,<1,<1,0.6,7.5
113年5月,長泰街8號,<1,<1,0.4,7.4
113年5月,西園路1段127號,<1,<1,0.59,7.6
113年5月,莒光路176號,<1,<1,0.61,7.5
113年5月,萬大路423巷115號,<1,<1,0.58,7.4
113年5月,柳州街62號,<1,<1,0.6,7.6
113年5月,延平北路2段61巷16號,<1,<1,0.41,7.1
113年5月,昌吉街118號,<1,<1,0.44,7.2
113年5月,大龍街126號,<1,<1,0.45,7.3
113年5月,迪化街1段268號,<1,<1,0.46,7.1
113年5月,哈密街59巷﹝龍塘綠地﹞,<1,<1,0.44,7.2
113年5月,臺北市中山區中山北路1段106-1號,<1,<1,0.42,7.2
113年5月,至善路2段322巷口,<1,<1,0.42,7.4
113年5月,天母東路69巷30號,<1,<1,0.43,7.5
113年5月,後港街38巷臨5之1號,<1,<1,0.43,7.4
113年5月,華齡街2巷口,<1,<1,0.4,7.5
113年5月,中山北路5段460巷1號,<1,<1,0.46,7.4
113年5月,行義路1號,<1,<1,0.4,7.2
113年5月,長興街131號,<1,<1,0.53,7.4
113年5月,思源街1號,<1,<1,0.56,7.5
113年5月,直潭路127號(直潭淨水場),<1,<1,0.5,7.1
113年5月,至善路3段110號,<1,<1,0.52,7.4
113年5月,菁山路101巷79號,<1,<1,0.58,7.9
113年5月,泉源路260號,<1,<1,0.53,8.2
113年5月,鹿角坑加壓站 竹子湖路75-1號對面,<1,<1,0.59,7.9
113年5月,大安區四維路52巷1號對面,<1,<1,0.49,7.3
113年5月,和平東路三段308巷15弄涼亭旁,<1,<1,0.41,7.3
113年5月,思源街1號,<1,<1,0.49,7.2
113年5月,木新路3段55號,<1,<1,0.43,7.3
113年5月,羅斯福路六段268號,<1,<1,0.49,7.4
113年5月,格致路198號,<1,<1,0.68,7.1
113年5月,至善路二段449號,<1,<1,0.55,7.3
113年5月,中山北路1段110-7號,<1,<1,0.5,7.4
113年5月,承德路七段388號對面﹝北投加壓站﹞,<1,<1,0.5,7.1
113年6月,臺北市內湖區大湖街166巷大湖公園入口旁,<1,<1,0.42,7.3
113年6月,永吉路120巷92號,<1,<1,0.53,7.4
113年6月,興東街1號對面,<1,<1,0.41,7.3
113年6月,研究院路二段1號,<1,<1,0.46,7.3
113年6月,民族東路765號對面公園,<1,<1,0.51,7.1
113年6月,延壽街373號,<1,<1,0.53,7.1
113年6月,八德路二段366巷21-2號對面,<1,<1,0.51,7.1
113年6月,桂林路167巷14號（三清宮）,<1,<1,0.44,7
113年6月,和平東路三段308巷15弄涼亭旁,<1,<1,0.5,7.3
113年6月,大安區四維路52巷1號對面,<1,<1,0.47,7.2
113年6月,臺北市中正區思源街1號,<1,<1,0.55,7.2
113年6月,康寧路3段99巷17弄26號旁,<1,<1,0.41,7.3
113年6月,康樂街206號附近,<1,<1,0.46,7.4
113年6月,木新路3段55號,<1,<1,0.38,7.3
113年6月,羅斯福路六段268號,<1,<1,0.47,7.5
113年6月,臺北市松山區南京東路4段52巷16弄口,<1,<1,0.42,7.4
113年6月,民權東路5段41-1號,<1,<1,0.4,7.4
113年6月,敦化北路199巷9號旁,<1,<1,0.41,7.3
113年6月,中坡南路51號,<1,<1,0.47,7.4
113年6月,至善路二段449號,<1,<1,0.56,7.4
113年6月,格致路198號,<1,<1,0.42,7.6
113年6月,師大路105巷與師大路口,<1,<1,0.54,7.3
113年6月,建國南路1段354號,<1,<1,0.51,7.3
113年6月,中山北路1段110-7號,<1,<1,0.47,7.5
113年6月,景福街19號1樓,<1,<1,0.48,7.3
113年6月,木柵路1段280號,<1,<1,0.48,7.3
113年6月,興隆路2段234號,<1,<1,0.47,7.3
113年6月,承德路七段388號對面﹝北投加壓站﹞,<1,<1,0.56,7.5
113年6月,莊敬路393號,<1,<1,0.48,7.3
113年6月,長興街131號,<1,<1,0.52,7.3
113年6月,思源街1號,<1,<1,0.57,7.3
113年6月,直潭路127號(直潭淨水場),<1,<1,0.47,7
113年6月,西園路1段127號,<1,<1,0.53,7.2
113年6月,長泰街8號,<1,<1,0.44,7.1
113年6月,萬大路423巷115號,<1,<1,0.55,7.2
113年6月,莒光路176號,<1,<1,0.48,7.2
113年6月,西藏路171號,<1,<1,0.52,7.2
113年6月,柳州街62號,<1,<1,0.53,7.2
113年6月,菁山路101巷79號,<1,<1,0.55,7.7
113年6月,至善路3段110號,<1,<1,0.56,7.2
113年6月,昌吉街118號,<1,<1,0.49,7.3
113年6月,大龍街126號,<1,<1,0.47,7.3
113年6月,迪化街1段268號,<1,<1,0.44,7.2
113年6月,延平北路2段61巷16號,<1,<1,0.45,7.2
113年6月,哈密街59巷﹝龍塘綠地﹞,<1,<1,0.49,7.3
113年6月,臺北市中山區中山北路1段106-1號,<1,<1,0.39,7.2
113年6月,鹿角坑加壓站 竹子湖路75-1號對面,<1,<1,0.66,7.8
113年6月,泉源路260號,<1,<1,0.57,8
113年6月,至善路2段322巷口,<1,<1,0.36,7.2
113年6月,中山北路5段320號,<1,<1,0.44,7.1
113年6月,華齡街2巷口,<1,<1,0.36,7.2
113年6月,天母東路69巷30號,<1,<1,0.43,7
113年6月,後港街38巷臨5之1號,<1,<1,0.42,7
113年6月,行義路1號,<1,<1,0.36,7.2
113年7月,臺北市內湖區大湖街166巷大湖公園入口旁,<1,<1,0.46,7.2
113年7月,永吉路120巷92號,<1,<1,0.47,7.2
113年7月,研究院路二段1號,<1,<1,0.47,7.2
113年7月,興東街1號對面,<1,<1,0.41,7.2
113年7月,民族東路765號對面公園,<1,<1,0.51,7.2
113年7月,延壽街373號,<1,<1,0.43,7.2
113年7月,臺北市松山區八德路2段364巷5弄29號對面,<1,<1,0.5,7.1
113年7月,桂林路167巷14號（三清宮）,<1,<1,0.43,7.2
113年7月,康寧路3段99巷17弄26號旁,<1,<1,0.44,7.4
113年7月,康樂街206號附近,<1,<1,0.44,7.2
113年7月,臺北市松山區南京東路4段52巷16弄口,<1,<1,0.47,7.4
113年7月,敦化北路199巷9號旁,<1,<1,0.44,7.3
113年7月,民權東路5段41-1號,<1,<1,0.51,7.5
113年7月,中坡南路51號,<1,<1,0.45,7.4
113年7月,建國南路1段354號,<1,<1,0.5,7.5
113年7月,師大路105巷與師大路口,<1,<1,0.53,7.4
113年7月,木柵路1段280號,<1,<1,0.55,7.3
113年7月,景福街19號1樓,<1,<1,0.56,7.3
113年7月,興隆路2段234號,<1,<1,0.53,7.2
113年7月,莊敬路393號,<1,<1,0.45,7.4
113年7月,長興街131號,<1,<1,0.47,7.5
113年7月,思源街1號,<1,<1,0.61,7.4
113年7月,直潭路127號(直潭淨水場),<1,<1,0.51,7.2
113年7月,至善路3段110號,<1,<1,0.54,7.3
113年7月,菁山路101巷79號,3,4,0.58,7.7
113年7月,泉源路260號,<1,<1,,7.8
113年7月,鹿角坑加壓站 竹子湖路75-1號對面,<1,<1,0.61,8.1
113年7月,大安區四維路52巷1號對面,<1,<1,0.52,7.7
113年7月,和平東路三段308巷15弄涼亭旁,<1,<1,0.53,7.6
113年7月,臺北市中正區思源街1號,<1,<1,0.53,7.4
113年7月,木新路3段55號,<1,<1,0.51,7.4
113年7月,羅斯福路六段268號,<1,<1,0.53,7.6
113年7月,至善路二段449號,<1,<1,0.56,7.5
113年7月,格致路198號,<1,<1,0.5,7.8
113年7月,中山北路1段110-7號,<1,<1,0.49,7.3
113年7月,承德路七段388號對面﹝北投加壓站﹞,<1,<1,0.49,7.3
113年7月,直潭路127號(直潭淨水場),<1,,0.56,6.7
113年7月,柳州街62號,<1,<1,0.55,7.4
113年7月,萬大路423巷115號,<1,<1,0.58,7.4
113年7月,長泰街8號,<1,<1,0.51,7.5
113年7月,西藏路171號,<1,<1,0.55,7.5
113年7月,西園路1段127號,<1,<1,0.57,7.6
113年7月,莒光路176號,<1,<1,0.57,7.6
113年7月,延平北路2段61巷16號,<1,<1,0.48,7.4
113年7月,昌吉街118號,<1,<1,0.52,7.4
113年7月,大龍街126號,<1,<1,0.55,7.3
113年7月,哈密街59巷﹝龍塘綠地﹞,<1,<1,0.57,7.4
113年7月,迪化街1段268號,<1,<1,0.47,7.4
113年7月,臺北市中山區中山北路1段106-1號,<1,<1,0.52,7.4
113年7月,至善路二段449號,<1,<1,0.55,7.4
113年7月,天母東路69巷30號,<1,<1,0.56,7.5
113年7月,至善路2段322巷口,<1,<1,0.4,7.3
113年7月,後港街38巷臨5之1號,<1,<1,0.51,7.2
113年7月,中山北路5段460巷1號,<1,<1,0.51,7.1
113年7月,行義路1號,<1,<1,0.45,7.4
113年8月,至善路3段110號,<1,<1,0.54,7.8
113年8月,泉源路260號,<1,<1,0.65,8
113年8月,鹿角坑加壓站 竹子湖路75-1號對面,<1,<1,0.61,8.1
113年8月,菁山路101巷79號,2,<1,0.51,7.9
113年8月,長興街131號,<1,<1,0.59,7.4
113年8月,思源街1號,<1,<1,0.55,7.6
113年8月,直潭路127號(直潭淨水場),<1,<1,0.55,7.2
113年8月,民族東路765號對面公園,<1,<1,0.52,7.2
113年8月,八德路二段366巷21-2號對面,<1,<1,0.52,7.3
113年8月,延壽街373號,<1,<1,0.51,7.2
113年8月,桂林路167巷14號（三清宮）,<1,<1,0.51,7.2
113年8月,大安區四維路52巷1號對面,<1,<1,0.5,7.3
113年8月,和平東路三段308巷15弄涼亭旁,<1,<1,0.51,7.4
113年8月,思源街1號,<1,<1,0.57,7.1
113年8月,木新路3段55號,<1,<1,0.51,7.1
113年8月,羅斯福路六段268號,<1,<1,0.61,7.5
113年8月,格致路198號,<1,<1,0.56,7.6
113年8月,至善路二段449號,<1,<1,0.5,7.8
113年8月,中山北路1段110-7號,<1,<1,0.53,7.6
113年8月,承德路七段388號對面﹝北投加壓站﹞,<1,<1,0.53,7.8
113年8月,康寧路3段99巷17弄26號旁,<1,<1,0.48,7.3
113年8月,內溝里康樂街206-4號旁附近,<1,<1,0.46,7.1
113年8月,敦化北路199巷9號旁,<1,<1,0.42,7.2
113年8月,臺北市松山區南京東路4段52巷16弄口,<1,<1,0.55,7.3
113年8月,民權東路5段41-1號,<1,<1,0.45,7.4
113年8月,中坡南路51號,<1,<1,0.5,7.2
113年8月,師大路105巷與師大路口,<1,<1,0.54,7.4
113年8月,建國南路1段354號,<1,<1,0.52,7.5
113年8月,興隆路2段234號,<1,<1,0.55,7.4
113年8月,景福街19號1樓,<1,<1,0.6,7.3
113年8月,木柵路1段280號,<1,<1,0.59,7.4
113年8月,莊敬路393號,<1,<1,0.49,7.5
113年8月,臺北市內湖區大湖街166巷大湖公園入口旁,<1,<1,0.43,7.2
113年8月,永吉路120巷92號,<1,<1,0.4,7.2
113年8月,研究院路二段1號,<1,<1,0.51,7.2
113年8月,興東街1號對面,<1,<1,0.46,7.1
113年8月,萬大路423巷115號,<1,<1,0.61,7.3
113年8月,西藏路171號,<1,<1,0.55,7.3
113年8月,長泰街8號,<1,<1,0.5,7.2
113年8月,西園路1段127號,<1,<1,0.57,7.3
113年8月,莒光路176號,<1,<1,0.58,7.3
113年8月,柳州街62號,<1,<1,0.57,7.3
113年8月,大龍街126號,<1,<1,0.5,7.4
113年8月,延平北路2段61巷16號,<1,<1,0.44,7.3
113年8月,昌吉街118號,<1,<1,0.53,7.4
113年8月,迪化街1段268號,<1,<1,0.4,7.3
113年8月,哈密街59巷﹝龍塘綠地﹞,<1,<1,0.54,7.3
113年8月,臺北市中山區中山北路1段106-1號,<1,<1,0.41,7.4
113年8月,天母東路69巷30號,<1,<1,0.48,7.2
113年8月,至善路2段322巷口,<1,<1,0.35,7.3
113年8月,至善路二段449號,<1,<1,0.52,7.2
113年8月,後港街38巷臨5之1號,<1,<1,0.51,7.1
113年8月,中山北路5段460巷1號,<1,<1,0.43,7
113年8月,行義路1號,<1,<1,0.41,7.3
113年9月,柳州街62號,<1,<1,0.56,7.5
113年9月,西園路1段127號,<1,<1,0.57,7.5
113年9月,西藏路171號,<1,<1,0.55,7.4
113年9月,長泰街8號,<1,<1,0.45,7.4
113年9月,莒光路176號,<1,<1,0.54,7.5
113年9月,萬大路423巷115號,<1,<1,0.56,7.3
113年9月,中山北路1段106-1號,<1,<1,0.38,7.5
113年9月,延平北路2段61巷16號,<1,<1,0.49,7.2
113年9月,大龍街126號,<1,<1,0.49,7.4
113年9月,昌吉街118號,<1,<1,0.51,7.3
113年9月,哈密街59巷﹝龍塘綠地﹞,<1,<1,0.51,7.3
113年9月,迪化街1段268號,<1,<1,0.4,7.2
113年9月,後港街38巷臨5之1號,<1,<1,0.46,7.4
113年9月,至善路2段322巷口,<1,<1,0.38,7.3
113年9月,至善路二段449號,<1,<1,0.52,7.3
113年9月,中山北路5段460巷1號,<1,<1,0.45,7.1
113年9月,天母東路69巷30號,<1,<1,0.44,7.5
113年9月,行義路1號,<1,<1,0.35,7.4
113年9月,興東街1號對面,<1,<1,0.43,7.1
113年9月,研究院路二段1號,<1,<1,0.39,7.2
113年9月,大湖街166巷大湖公園入口旁,<1,<1,0.35,7.3
113年9月,永吉路120巷92號,<1,<1,0.49,7.4
113年9月,木新路3段55號,<1,<1,0.51,7.3
113年9月,和平東路三段308巷15弄涼亭旁,<1,<1,0.48,7.4
113年9月,四維路52巷1號對面,<1,<1,0.55,7.3
113年9月,思源街1號,<1,<1,0.51,7.1
113年9月,羅斯福路六段268號,<1,<1,0.6,7.6
113年9月,中山北路1段110-7號,<1,<1,0.45,7.5
113年9月,至善路二段449號,<1,<1,0.47,7.6
113年9月,格致路198號,<1,<1,0.59,7.7
113年9月,承德路七段388號對面﹝北投加壓站﹞,<1,<1,0.46,7.8
113年9月,康樂街206號附近,<1,<1,0.4,7.2
113年9月,康寧路3段99巷17弄26號旁,<1,<1,0.43,7.3
113年9月,民權東路5段41-1號,<1,<1,0.42,7.1
113年9月,中坡南路51號,<1,<1,0.41,7
113年9月,南京東路4段52巷16弄口,<1,<1,0.43,7
113年9月,長興街131號,<1,<1,0.45,7
113年9月,敦化??199巷9號旁,<1,<1,0.41,7.2
113年9月,思源街1號,<1,<1,0.53,7
113年9月,直潭路127號(直潭淨水場),<1,<1,0.49,6.9
113年9月,師大路105巷與師大路口,<1,<1,0.54,7.2
113年9月,菁山路101巷79號,<1,<1,0.49,7.4
113年9月,景福街19號1樓,<1,<1,0.58,7
113年9月,鹿角坑加壓站 竹子湖路75-1號對面,<1,<1,0.52,7.6
113年9月,興隆路2段234號,<1,<1,0.57,7
113年9月,至善路3段110號,<1,<1,0.55,7.5
113年9月,泉源路260號,<1,<1,0.5,7.9
113年9月,莊敬路393號,<1,<1,0.5,7.2
113年9月,建國南路1段354號,<1,<1,0.53,7.2
113年9月,木柵路1段280號　　,<1,<1,0.54,7.1
113年9月,松山區八德路二段366巷21-2號對面,<1,<1,0.43,7.2
113年9月,延壽街373號,<1,<1,0.46,7.1
113年9月,民族東路765號對面公園,<1,<1,0.4,7
113年9月,桂林路167巷14號（三清宮）,<1,<1,0.38,7.2
113年10月,桂林路167巷14號（三清宮）,<1,<1,0.36,7.1
113年10月,民族東路765號對面公園,<1,<1,0.47,6.8
113年10月,延壽街373號,<1,<1,0.46,6.9
113年10月,八德路2段364巷5弄29號對面,<1,<1,0.46,7.1
113年10月,研究院路二段1號,<1,<1,0.5,7.3
113年10月,莊敬路393號,<1,<1,0.5,7.2
113年10月,師大路105巷與師大路口,<1,<1,0.5,7.1
113年10月,永吉路120巷92號,<1,<1,0.53,7.1
113年10月,大湖街166巷大湖公園入口旁,<1,<1,0.52,7.3
113年10月,景福街19號1樓,<1,<1,0.56,7.1
113年10月,興東街1號對面,<1,<1,0.5,7.2
113年10月,興隆路2段234號,<1,<1,0.52,7.1
113年10月,木柵路1段280號　　,<1,<1,0.5,7
113年10月,建國南路1段354號,<1,<1,0.52,7.1
113年10月,菁山路101巷79號,<1,<1,0.64,7.7
113年10月,至善路3段110號,<1,<1,0.54,7.2
113年10月,鹿角坑加壓站 竹子湖路75-1號對面,<1,<1,0.53,7.8
113年10月,泉源路260號,<1,<1,0.59,7.9
113年10月,新店區直潭路127號,<1,<1,0.53,7
113年10月,長興街131號,<1,<1,0.54,7.6
113年10月,思源街1號,<1,<1,0.55,7.2
113年10月,思源街1號,<1,<1,0.5,7.3
113年10月,四維路52巷1號對面,<1,<1,0.46,7.5
113年10月,羅斯福路六段268號,<1,<1,0.45,7.3
113年10月,木新路3段55號,<1,<1,0.53,7.4
113年10月,和平東路三段308巷15弄涼亭旁,<1,<1,0.39,7.3
113年10月,中山北路1段110-7號,<1,<1,0.51,7.6
113年10月,至善路二段449號,<1,<1,0.62,7.7
113年10月,格致路198號,<1,<1,0.44,7.9
113年10月,承德路七段388號對面﹝北投加壓站﹞,<1,<1,0.49,7.8
113年10月,柳州街62號,<1,<1,0.56,7.5
113年10月,西園路1段127號,<1,<1,0.55,7.5
113年10月,西藏路171號,<1,<1,0.53,7.3
113年10月,長泰街8號,<1,<1,0.46,7.3
113年10月,莒光路176號,<1,<1,0.53,7.4
113年10月,萬大路423巷115號,<1,<1,0.56,7.3
113年10月,中山北路1段106-1號,<1,<1,0.44,7
113年10月,昌吉街118號,<1,<1,0.53,7.1
113年10月,大龍街126號,<1,<1,0.49,7.1
113年10月,哈密街59巷﹝龍塘綠地﹞,<1,<1,0.52,7.2
113年10月,迪化街1段268號,<1,<1,0.43,7.1
113年10月,延平北路2段61巷16號,<1,<1,0.44,7.1
113年10月,承德路四段5-1號,<1,<1,0.51,7.1
113年10月,行義路1號,<1,<1,0.43,7.1
113年10月,民權東路5段41-1號,<1,<1,0.48,7.2
113年10月,中山北路5段460巷1號,<1,<1,0.53,6.9
113年10月,康樂街206號附近,<1,<1,0.44,7.2
113年10月,天母東路69巷30號,<1,<1,0.47,7.1
113年10月,敦化??199巷9號旁,<1,<1,0.43,7.1
113年10月,康寧路3段99巷17弄26號旁,<1,<1,0.48,7.2
113年10月,南京東路4段52巷16弄口,<1,<1,0.49,7.1
113年10月,後港街38巷臨5之1號,<1,<1,0.47,7.1
113年10月,至善路2段322巷口,<1,<1,0.58,7.3
113年10月,中坡南路51號,<1,<1,0.48,7.1
113年11月,長興街131號,<1,<1,0.48,7
113年11月,新店區直潭路127號,<1,<1,0.51,6.9
113年11月,思源街1號,<1,<1,0.55,7.2
113年11月,菁山路101巷79號,<1,<1,0.47,7.5
113年11月,至善路3段110號,<1,<1,0.6,7.4
113年11月,泉源路260號,<1,<1,0.54,7.8
113年11月,興東街1號對面,<1,<1,0.36,6.8
113年11月,永吉路120巷92號,<1,<1,0.54,7
113年11月,鹿角坑加壓站 竹子湖路75-1號對面,<10,<1,0.47,7.6
113年11月,研究院路二段1號,<1,<1,0.47,6.8
113年11月,大湖街166巷大湖公園入口旁,<1,<1,0.43,7.2
113年11月,西園路1段127號,<1,<1,0.52,7.4
113年11月,柳州街62號,<1,<1,0.55,7.4
113年11月,西藏路171號,<1,<1,0.55,7.3
113年11月,長泰街8號,<1,<1,0.49,7.3
113年11月,莒光路176號,<1,<1,0.53,7.4
113年11月,萬大路423巷115號,<1,<1,0.52,7.3
113年11月,中山北路1段106-1號,<1,<1,0.44,7.3
113年11月,延平北路2段61巷16號,<1,<1,0.5,7.2
113年11月,大龍街126號,<1,<1,0.53,7.4
113年11月,昌吉街118號,<1,<1,0.54,7.3
113年11月,哈密街59巷﹝龍塘綠地﹞,<1,<1,0.54,7.3
113年11月,迪化街1段268號,<1,<1,0.51,7.2
113年11月,承德路四段5-1號,<1,<1,0.49,7
113年11月,後港街38巷臨5之1號,<1,<1,0.46,7
113年11月,中山北路5段460巷1號,<1,<1,0.53,6.6
113年11月,天母東路69巷30號,<1,<1,0.52,7.1
113年11月,行義路1號,<1,<1,0.46,7
113年11月,至善路2段322巷口,<1,<1,0.54,7.1
113年11月,松山區八德路二段366巷21-2號對面,<1,<1,0.47,7.3
113年11月,桂林路167巷14號（三清宮）,<1,<1,0.36,7.2
113年11月,民族東路765號對面公園,<1,<1,0.49,7.2
113年11月,延壽街373號,<1,<1,0.49,7.2
113年11月,四維路52巷1號對面,<1,<1,0.52,7.2
113年11月,師大路105巷與師大路口,<1,<1,0.56,7.3
113年11月,木新路3段55號,<1,<1,0.51,7.2
113年11月,羅斯福路六段268號,<1,<1,0.53,7.4
113年11月,思源街1號,<1,<1,0.56,7.1
113年11月,中山北路1段110-7號,<1,<1,0.49,7.6
113年11月,至善路二段449號,<1,<1,0.54,7.6
113年11月,格致路198號,<1,<1,0.54,7.6
113年11月,承德路七段388號對面﹝北投加壓站﹞,<1,<1,0.5,7.3
113年11月,民權東路5段41-1號,<1,<1,0.53,7.4
113年11月,康寧路3段99巷17弄26號旁,<1,<1,0.51,7.5
113年11月,康樂街206號附近,<1,<1,0.5,7.4
113年11月,中坡南路51號,<1,<1,0.56,7.4
113年11月,敦化??199巷9號旁,<1,<1,0.51,7.5
113年11月,南京東路4段52巷16弄口,<1,<1,0.58,7.4
113年11月,師大路105巷與師大路口,<1,<1,0.57,7.5
113年11月,建國南路1段354號,<1,<1,0.57,7.4
113年11月,莊敬路393號,<1,<1,0.56,7.4
113年11月,景福街19號1樓,<1,<1,0.52,7.3
113年11月,興隆路2段234號,<1,<1,0.53,7.1
113年11月,木柵路1段280號　　,<1,<1,0.53,7.1
113年12月,西園路1段127號,<1,<1,0.59,7.5
113年12月,柳州街62號,<1,<1,0.59,7.6
113年12月,西藏路171號,<1,<1,0.55,7.6
113年12月,長泰街8號,<1,<1,0.56,7.5
113年12月,莒光路176號,<1,<1,0.55,7.6
113年12月,萬大路423巷115號,<1,<1,0.56,7.5
113年12月,中山北路1段106-1號,<1,<1,0.49,7.4
113年12月,延平北路2段61巷16號,<1,<1,0.51,7.4
113年12月,大龍街126號,<1,<1,0.53,7.3
113年12月,昌吉街118號,<1,<1,0.52,7.4
113年12月,哈密街59巷﹝龍塘綠地﹞,<1,<1,0.53,7.4
113年12月,迪化街1段268號,<1,<1,0.53,7.3
113年12月,承德路四段5-1號,<1,<1,0.51,7.4
113年12月,後港街38巷臨5之1號,<1,<1,0.49,7.3
113年12月,中山北路5段460巷1號,<1,<1,0.56,7
113年12月,天母東路69巷30號,<1,<1,0.54,7.4
113年12月,行義路1號,<1,3,0.5,7
113年12月,至善路2段322巷口,<1,<1,0.57,7.5
113年12月,思源街1號,<1,<1,0.54,7.5
113年12月,長興街131號,<1,<1,0.58,7.6
113年12月,直潭路127號(直潭淨水場),<1,<1,0.54,7.2
113年12月,至善路3段110號,<1,<1,0.52,7.6
113年12月,鹿角坑加壓站 竹子湖路75-1號對面,<1,<1,0.58,7.7
113年12月,泉源路260號,<1,<1,0.56,7.9
113年12月,菁山路101巷79號,<1,<1,0.56,7.5
113年12月,研究院路二段1號,<1,<1,0.46,7.4
113年12月,興東街1號對面,<1,<1,0.42,7.4
113年12月,永吉路120巷92號,<1,<1,0.51,7.4
113年12月,大湖街166巷大湖公園入口旁,<1,<1,0.45,7.4
113年12月,桂林路167巷14號（三清宮）,<1,<1,0.41,7.1
113年12月,民族東路765號對面公園,<1,<1,0.53,7
113年12月,延壽街373號,<1,<1,0.53,6.9
113年12月,松山區八德路二段366巷21-2號對面,<1,<1,0.52,7
113年12月,羅斯福路六段268號,<1,<1,0.47,7.7
113年12月,木新路3段55號,<1,<1,0.45,7.5
113年12月,思源街1號,<1,<1,0.56,7.4
113年12月,富陽街底（廁所),<1,<1,0.44,7.6
113年12月,四維路52巷1號對面,<1,<1,0.47,7.5
113年12月,至善路二段449號,<1,<1,0.58,7.5
113年12月,中山北路1段110-7號,<1,<1,0.47,7.5
113年12月,格致路198號,<1,<1,0.55,7.4
113年12月,承德路七段388號對面﹝北投加壓站﹞,<1,<1,0.47,7.4
113年12月,民權東路5段41-1號,<1,<1,0.54,7.5
113年12月,康寧路3段99巷17弄26號旁,<1,<1,0.5,7.5
113年12月,康樂街206號附近,<1,<1,0.49,7.4
113年12月,中坡南路51號,<1,<1,0.54,7.4
113年12月,敦化??199巷9號旁,<1,<1,0.47,7.4
113年12月,南京東路4段52巷16弄口,<1,<1,0.56,7.4
113年12月,建國南路1段354號,<1,<1,0.58,7.5
113年12月,師大路105巷與師大路口,<1,<1,0.53,7.5
113年12月,莊敬路393號,<1,<1,0.51,7.5
113年12月,景福街19號1樓,<1,<1,0.6,7.3
113年12月,興隆路2段234號,<1,<1,0.6,7.4
113年12月,木柵路1段280號　　,<1,<1,0.57,7.3
114年1月,西園路1段127號,<1,<1,0.55,7.5
114年1月,柳州街62號,<1,<1,0.56,7.5
114年1月,西藏路171號,<1,<1,0.56,7.6
114年1月,長泰街8號,<1,<1,0.56,7.5
114年1月,莒光路176號,<1,<1,0.49,7.6
114年1月,萬大路423巷115號,<1,<1,0.54,7.5
114年1月,中山北路1段106-1號,<1,<1,0.47,7.6
114年1月,延平北路2段61巷16號,<1,<1,0.45,7.6
114年1月,大龍街126號,<1,<1,0.5,7.5
114年1月,昌吉街118號,<1,<1,0.52,7.5
114年1月,哈密街59巷﹝龍塘綠地﹞,<1,<1,0.54,7.5
114年1月,迪化街1段268號,<1,<1,0.48,7.5
114年1月,承德路四段5-1號,<1,<1,0.51,7.4
114年1月,後港街38巷臨5之1號,<1,<1,0.51,7.4
114年1月,行義路1號,<1,<1,0.56,7.2
114年1月,中山北路5段460巷1號,<1,<1,0.59,7
114年1月,天母東路69巷30號,<1,<1,0.47,7.4
114年1月,至善路2段322巷口,<1,<1,0.63,7.5
114年1月,南京東路4段52巷16弄口,<1,<1,0.51,7.5
114年1月,富陽街底（廁所),<1,<1,0.51,7.7
114年1月,思源街1號,<1,<1,0.52,7.5
114年1月,羅斯福路六段268號,<1,<1,0.47,7.6
114年1月,四維路52巷1號對面,<1,<1,0.47,7.5
114年1月,中坡南路51號,<1,<1,0.49,7.5
114年1月,敦化??199巷9號旁,<1,<1,0.45,7.5
114年1月,康寧路3段99巷17弄26號旁,<1,<1,0.5,7.5
114年1月,康樂街206號附近,<1,<1,0.51,7.5
114年1月,木新路3段55號,<1,<1,0.47,7.6
114年1月,民權東路5段41-1號,<1,<1,0.54,7.5
114年1月,師大路105巷與師大路口,<1,<1,0.55,7.6
114年1月,中山北路1段110-7號,<1,<1,0.49,7.5
114年1月,木柵路1段280號　　,<1,<1,0.51,7.5
114年1月,承德路七段388號對面﹝北投加壓站﹞,<1,<1,0.38,7.4
114年1月,至善路二段449號,<1,<1,0.54,7.4
114年1月,格致路198號,<1,<1,0.51,7.3
114年1月,景福街19號1樓,<1,<1,0.52,7.5
114年1月,興隆路2段234號,<1,<1,0.52,7.4
114年1月,莊敬路393號,<1,<1,0.53,7.6
114年1月,建國南路1段354號,<1,<1,0.53,7.6
114年1月,松山區八德路二段366巷21-2號對面,<1,<1,0.51,7.5
114年1月,桂林路167巷14號（三清宮）,<1,<1,0.43,7.3
114年1月,民族東路765號對面公園,<1,<1,0.53,7.4
114年1月,延壽街373號,<1,<1,0.47,7.3
114年1月,興東街1號對面,<1,<1,0.34,7.2
114年1月,永吉路120巷92號,<1,<1,0.52,7.3
114年1月,大湖街166巷大湖公園入口旁,<1,<1,0.42,7.3
114年1月,研究院路二段1號,<1,<1,0.48,7.2
114年1月,直潭路127號(直潭淨水場),<1,<1,0.45,7.3
114年1月,長興街131號,<1,<1,0.5,7.6
114年1月,思源街1號,<1,<1,0.48,7.1
114年1月,鹿角坑加壓站 竹子湖路75-1號對面,<1,<1,0.56,7.7
114年1月,至善路3段110號,<1,<1,0.59,7.3
114年1月,菁山路101巷79號,<1,<1,0.61,7.3
114年1月,泉源路260號,<1,<1,0.61,7.7
114年2月,康樂街206號附近,<1,<1,0.45,7.4
114年2月,中坡南路51號,<1,<1,0.42,7.5
114年2月,民權東路5段41-1號,<1,<1,0.47,7.4
114年2月,康寧路3段99巷17弄26號旁,<1,<1,0.44,7.4
114年2月,南京東路4段52巷16弄口,<1,<1,0.47,7.4
114年2月,敦化??199巷9號旁,<1,<1,0.49,7.4
114年2月,師大路105巷與師大路口,<1,<1,0.52,7.4
114年2月,木柵路1段280號　　,<1,<1,0.48,7.3
114年2月,景福街19號1樓,<1,<1,0.5,7.3
114年2月,興隆路2段234號,<1,<1,0.49,7.3
114年2月,莊敬路393號,<1,<1,0.49,7.5
114年2月,建國南路1段354號,<1,<1,0.56,7.5
114年2月,柳州街62號,<1,<1,0.54,7.3
114年2月,西園路1段127號,<1,<1,0.54,7.3
114年2月,西藏路171號,<1,<1,0.53,7.3
114年2月,長泰街8號,<1,<1,0.53,7.2
114年2月,莒光路176號,<1,<1,0.52,7.3
114年2月,萬大路423巷115號,<1,<1,0.54,7.3
114年2月,中山北路1段106-1號,<1,<1,0.52,7.5
114年2月,延平北路2段61巷16號,<1,<1,0.47,7.4
114年2月,大龍街126號,<1,<1,0.54,7.5
114年2月,迪化街1段268號,<1,<1,0.43,7.4
114年2月,昌吉街118號,<1,<1,0.51,7.4
114年2月,哈密街59巷﹝龍塘綠地﹞,<1,<1,0.51,7.4
114年2月,承德路四段5-1號,<1,<1,0.47,7.3
114年2月,後港街38巷臨5之1號,<1,<1,0.52,7.3
114年2月,行義路1號,<1,<1,0.51,7.2
114年2月,至善路2段322巷口,<1,<1,0.62,7.4
114年2月,中山北路5段460巷1號,<1,<1,0.67,6.8
114年2月,天母東路69巷30號,<1,<1,0.54,7.4
114年2月,興東街1號對面,<1,<1,0.44,7.3
114年2月,研究院路二段1號,<1,<1,0.5,7.2
114年2月,大湖街166巷大湖公園入口旁,<1,<1,0.44,7.4
114年2月,永吉路120巷92號,<1,<1,0.55,7.4
114年2月,直潭路127號(直潭淨水場),<1,<1,0.55,7.2
114年2月,長興街131號,<1,<1,0.59,7.4
114年2月,思源街1號,<1,<1,0.58,7.2
114年2月,菁山路101巷79號,<1,<1,0.29,7.4
114年2月,至善路3段110號,<1,<1,0.55,7.7
114年2月,鹿角坑加壓站 竹子湖路75-1號對面,<1,<1,0.57,7.9
114年2月,泉源路260號,<1,<1,0.58,7.6
114年2月,松山區八德路二段366巷21-2號對面,<1,<1,0.56,7.4
114年2月,桂林路167巷14號（三清宮）,<1,<1,0.44,7
114年2月,民族東路765號對面公園,<1,<1,0.51,7.2
114年2月,延壽街373號,<1,<1,0.53,7.1
114年2月,木新路3段55號,<1,<1,0.52,7.4
114年2月,富陽街底（廁所),<1,<1,0.52,7.5
114年2月,思源街1號,<1,<1,0.52,7.3
114年2月,羅斯福路六段268號,<1,<1,0.55,7.4
114年2月,四維路52巷1號對面,<1,<1,0.52,7.4
114年2月,承德路七段388號對面﹝北投加壓站﹞,<1,<1,0.56,7.4
114年2月,中山北路1段110-7號,<1,<1,0.57,7.6
114年2月,至善路二段449號,<1,<1,0.56,7.3
114年2月,格致路198號,<1,<1,0.51,7
114年3月,永吉路120巷92號,<1,<1,0.63,7.4
114年3月,大湖街166巷大湖公園入口旁,<1,<1,0.44,7.4
114年3月,研究院路二段1號,<1,<1,0.55,7.4
114年3月,興東街1號對面,<1,<1,0.54,7.5
114年3月,桂林路167巷14號（三清宮）,<1,<1,0.41,7.3
114年3月,民族東路765號對面公園,<1,<1,0.41,7.2
114年3月,延壽街373號,<1,<1,0.41,7.3
114年3月,松山區八德路二段366巷21-2號對面,<1,<1,0.46,7.4
114年3月,羅斯福路六段268號,<1,<1,0.51,7.3
114年3月,木新路3段55號,<1,<1,0.51,7.4
114年3月,富陽街底（廁所),<1,<1,0.55,7.4
114年3月,思源街1號,<1,<1,0.56,7.3
114年3月,四維路52巷1號對面,<1,<1,0.54,7.4
114年3月,承德路七段388號對面﹝北投加壓站﹞,<1,<1,0.55,7.5
114年3月,中山北路1段110-7號,<1,<1,0.44,7.4
114年3月,至善路二段449號,<1,<1,0.5,7.2
114年3月,格致路198號,<1,<1,0.49,7.2
114年3月,松山區延壽街373號,<1,<1,0.57,7.3
114年3月,康寧路3段99巷17弄26號旁,<1,<1,0.52,7.3
114年3月,康樂街206號附近,<1,<1,0.48,7.3
114年3月,中坡南路51號,<1,<1,0.59,7.4
114年3月,南京東路4段52巷16弄口,<1,<1,0.57,7.3
114年3月,敦化??199巷9號旁,<1,<1,0.52,7.4
114年3月,建國南路1段354號,<1,<1,0.64,7.5
114年3月,師大路105巷與師大路口,<1,<1,0.62,7.5
114年3月,景福街19號1樓,<1,<1,0.55,7.3
114年3月,興隆路2段234號,<1,<1,0.54,7.3
114年3月,木柵路1段280號　　,<1,<1,0.56,7.4
114年3月,莊敬路393號,<1,<1,0.59,7.5
114年3月,直潭路127號(直潭淨水場),<1,<1,0.57,7.2
114年3月,長興街131號,<1,<1,0.52,7.4
114年3月,思源街1號,<1,<1,0.56,7.2
114年3月,菁山路101巷79號,<1,<1,0.65,7.4
114年3月,至善路3段110號,<1,<1,0.63,7.6
114年3月,泉源路260號,<1,<1,0.55,7.6
114年3月,鹿角坑加壓站 竹子湖路75-1號對面,<1,<1,0.59,7.5
114年3月,西園路1段127號,<1,<1,0.54,7.4
114年3月,柳州街62號,<1,<1,0.56,7.5
114年3月,西藏路171號,<1,<1,0.56,7.4
114年3月,長泰街8號,<1,<1,0.55,7.4
114年3月,莒光路176號,<1,<1,0.59,7.4
114年3月,萬大路423巷115號,<1,<1,0.55,7.4
114年3月,中山北路1段106-1號,<1,<1,0.46,7.5
114年3月,延平北路2段61巷16號,<1,<1,0.47,7.4
114年3月,大龍街126號,<1,<1,0.49,7.5
114年3月,迪化街1段268號,<1,<1,0.49,7.5
114年3月,昌吉街118號,<1,<1,0.54,7.5
114年3月,哈密街59巷﹝龍塘綠地﹞,<1,<1,0.53,7.5
114年3月,承德路四段5-1號,<1,<1,0.55,7.5
114年3月,後港街38巷臨5之1號,<1,<1,0.5,7.3
114年3月,行義路1號,<1,<1,0.43,7.2
114年3月,中山北路5段460巷1號,<1,<1,0.56,7.1
114年3月,天母東路69巷30號,<1,<1,0.58,7.5
114年3月,至善路2段322巷口,<1,<1,0.58,7.4
114年4月,永吉路120巷92號,<1,<1,0.54,7.3
114年4月,大湖街166巷大湖公園入口旁,<1,<1,0.45,7.1
114年4月,研究院路二段1號,<1,<1,0.49,7.2
114年4月,興東街1號對面,<1,<1,0.43,7.1
114年4月,桂林路167巷14號（三清宮）,<1,<1,0.4,7.1
114年4月,民族東路765號對面公園,<1,<1,0.59,7.5
114年4月,松山區八德路二段146巷1弄8號對面,<1,<1,0.55,7.4
114年4月,松山區延壽街373號,<1,<1,0.57,7.4
114年4月,羅斯福路六段268號,<1,<1,0.5,7.6
114年4月,木新路3段55號,<1,<1,0.48,7.5
114年4月,富陽街底（廁所),<1,<1,0.47,7.5
114年4月,思源街1號,<1,<1,0.54,7.6
114年4月,四維路52巷1號對面,<1,<1,0.47,7.4
114年4月,長興街131號,<1,<1,0.57,7.4
114年4月,中山北路1段110-7號,<1,<1,0.54,7.1
114年4月,思源街1號,<1,<1,0.56,7.2
114年4月,新店區直潭路127號,<1,<1,0.53,7.2
114年4月,至善路二段449號,<1,<1,0.53,7.2
114年4月,格致路198號,<1,<1,0.48,6.8
114年4月,承德路七段388號對面﹝北投加壓站﹞,<1,<1,0.55,7.4
114年4月,松山區健康路15巷交口,<1,<1,0.5,7.3
114年4月,康寧路3段99巷17弄26號旁,<1,<1,0.51,7.4
114年4月,菁山路101巷79號,<1,<1,0.61,7.3
114年4月,至善路3段110號,<1,<1,0.55,7.6
114年4月,康樂街206號附近,<1,<1,0.5,7.4
114年4月,泉源路260號,<1,<1,0.57,7.5
114年4月,鹿角坑加壓站 竹子湖路75-1號對面,<1,<1,0.64,7.5
114年4月,中坡南路51號,<1,<1,0.51,7.4
114年4月,敦化??199巷9號旁,<1,<1,0.54,7.4
114年4月,南京東路4段52巷16弄口,<1,<1,0.61,7.2
114年4月,建國南路1段354號,<1,<1,0.49,7.4
114年4月,師大路105巷與師大路口,<1,<1,0.63,7.5
114年4月,景福街19號1樓,<1,<1,0.6,7.3
114年4月,興隆路2段234號,<1,<1,0.54,7.3
114年4月,莊敬路393號,<1,<1,0.54,7.4
114年4月,木柵路1段280號　　,<1,<1,0.57,7.4
114年4月,柳州街62號,<1,<1,0.55,7.3
114年4月,西園路1段127號,<1,<1,0.53,7.3
114年4月,西藏路171號,<1,<1,0.52,7.3
114年4月,長泰街8號,<1,<1,0.39,7.3
114年4月,莒光路176號,<1,<1,0.55,7.3
114年4月,萬大路423巷115號,<1,<1,0.53,7.3
114年4月,中山北路1段106-1號,<1,<1,0.45,7.4
114年4月,延平北路2段61巷16號,<1,<1,0.47,7.3
114年4月,大龍街126號,<1,<1,0.52,7.4
114年4月,迪化街1段268號,<1,<1,0.5,7.4
114年4月,昌吉街118號,<1,<1,0.58,7.4
114年4月,哈密街59巷﹝龍塘綠地﹞,<1,<1,0.55,7.3
114年4月,承德路四段5-1號,<1,<1,0.5,7.2
114年4月,後港街38巷臨5之1號,<1,<1,0.48,7.1
114年4月,中山北路5段460巷1號,<1,<1,0.54,6.9
114年4月,天母東路69巷30號,<1,<1,0.49,7.2
114年4月,行義路1號,<1,<1,0.48,7.1
114年4月,至善路2段322巷口,<1,<1,0.56,7.3
114年5月,新店區直潭路127號,<1,<1,0.55,7.2
114年5月,長興街131號,<1,<1,0.53,7.3
114年5月,思源街1號,<1,<1,0.49,7.3
114年5月,鹿角坑加壓站 竹子湖路75-1號對面,<1,<1,0.53,7.5
114年5月,至善路3段110號,<1,<1,0.56,7.6
114年5月,菁山路101巷79號,<1,<1,0.67,7.2
114年5月,泉源路260號,<1,<1,0.57,7.6
114年5月,大湖街166巷大湖公園入口旁,<1,<1,0.49,7.3
114年5月,永吉路120巷92號,<1,<1,0.52,7.4
114年5月,興東街1號對面,<1,<1,0.47,7.3
114年5月,研究院路二段1號,<1,<1,0.44,7.2
114年5月,民族東路765號對面公園,<1,<1,0.54,7
114年5月,桂林路167巷14號（三清宮）,<1,<1,0.36,7
114年5月,松山區八德路二段146巷1弄8號對面,<1,<1,0.53,7
114年5月,松山區延壽街373號,<1,<1,0.5,6.9
114年5月,木新路3段55號,<1,<1,0.45,7
114年5月,富陽街底（廁所),<1,<1,0.55,7
114年5月,羅斯福路六段268號,<1,<1,0.47,7.2
114年5月,思源街1號,<1,<1,0.54,7.1
114年5月,四維路52巷1號對面,<1,<1,0.54,7.1
114年5月,至善路二段449號,<1,<1,0.55,7.2
114年5月,中山北路1段110-7號,<1,<1,0.51,7.3
114年5月,格致路198號,<1,<1,0.49,7.1
114年5月,承德路七段388號對面﹝北投加壓站﹞,<1,<1,0.43,7.2
114年5月,松山區健康路15巷交口,<1,<1,0.52,7.2
114年5月,康樂街206號附近,<1,<1,0.5,7.2
114年5月,康寧路3段99巷17弄26號旁,<1,<1,0.54,7.2
114年5月,敦化??199巷9號旁,<1,11,0.51,7.2
114年5月,中坡南路51號,<1,<1,0.49,7.2
114年5月,南京東路4段52巷16弄口,<1,<1,0.49,7.2
114年5月,師大路105巷與師大路口,<1,<1,0.54,7.4
114年5月,建國南路1段354號,<1,<1,0.46,7.5
114年5月,景福街19號1樓,<1,<1,0.44,7.3
114年5月,興隆路2段234號,<1,<1,0.49,7.3
114年5月,莊敬路393號,<1,<1,0.57,7.4
114年5月,木柵路1段280號　　,<1,<1,0.58,7.3
114年5月,柳州街62號,<1,<1,0.52,7.3
114年5月,西園路1段127號,<1,<1,0.56,7.3
114年5月,西藏路171號,<1,<1,0.55,7.3
114年5月,長泰街8號,<1,<1,0.5,7.3
114年5月,莒光路176號,<1,<1,0.54,7.2
114年5月,萬大路423巷115號,<1,<1,0.52,7.1
114年5月,中山北路1段106-1號,<1,<1,0.54,7.2
114年5月,延平北路2段61巷16號,<1,<1,0.46,7.1
114年5月,大龍街126號,<1,<1,0.53,7.2
114年5月,迪化街1段268號,<1,<1,0.38,7.1
114年5月,昌吉街118號,<1,<1,0.52,7.2
114年5月,哈密街59巷﹝龍塘綠地﹞,<1,<1,0.5,7.2
114年5月,承德路四段5-1號,<1,<1,0.5,7.1
114年5月,後港街38巷臨5之1號,<1,<1,0.49,7.1
114年5月,中山北路5段460巷1號,<1,<1,0.55,6.8
114年5月,天母東路69巷30號,<1,<1,0.48,7.2
114年5月,行義路1號,<1,<1,0.45,7.1
114年5月,至善路2段322巷口,<1,<1,0.51,7.2
114年6月,新店區直潭路127號,<1,<1,0.48,7.1
114年6月,長興街131號,<1,<1,0.54,7.3
114年6月,思源街1號,<1,<1,0.56,7.2
114年6月,菁山路101巷79號,<1,<1,0.48,7.5
114年6月,至善路3段110號,<1,<1,0.53,7.4
114年6月,泉源路260號,<1,<1,0.57,7.5
114年6月,鹿角坑加壓站 竹子湖路75-1號對面,<1,<1,0.59,7.8
114年6月,松山區健康路15巷交口,<1,<1,0.62,7.1
114年6月,康樂街206號附近,<1,<1,0.58,7.2
114年6月,成功路五段152巷對面,<1,<1,0.33,7.2
114年6月,永吉路120巷92號,<1,<1,0.53,7.2
114年6月,興東街1號對面,<1,<1,0.45,7.2
114年6月,中坡南路51號,<1,<1,0.5,7.2
114年6月,南京東路4段52巷16弄口,<1,<1,0.47,7.2
114年6月,研究院路二段1號,<1,<1,0.47,7.3
114年6月,敦化??199巷9號旁,<1,<1,0.49,7.1
114年6月,康寧路3段99巷17弄26號旁,<1,<1,0.46,7.2
114年6月,民族東路765號對面公園,<1,<1,0.37,7
114年6月,景福街19號1樓,<1,<1,0.56,7
114年6月,師大路105巷與師大路口,<1,<1,0.6,7.1
114年6月,興隆路2段234號,<1,<1,0.57,7
114年6月,松山區八德路二段146巷1弄8號對面,<1,<1,0.55,7.3
114年6月,木柵路1段280號　　,<1,<1,0.54,7
114年6月,延壽街373號,<1,<1,0.48,7.1
114年6月,建國南路1段354號,<1,<1,0.46,7.1
114年6月,桂林路167巷14號（三清宮）,<1,<1,0.43,7.1
114年6月,莊敬路393號,<1,<1,0.46,7.1
114年6月,富陽街底（廁所),<1,<1,0.53,7.3
114年6月,四維路52巷1號對面,<1,<1,0.5,7.3
114年6月,思源街1號,<1,<1,0.52,7.2
114年6月,木新路3段55號,<1,<1,0.53,7.2
114年6月,羅斯福路六段268號,<1,<1,0.54,7.3
114年6月,中山北路1段110-7號,<1,<1,0.53,7.3
114年6月,至善路二段449號,<1,<1,0.52,7.5
114年6月,柳州街62號,<1,<1,0.55,7.2
114年6月,格致路198號,<1,<1,0.61,7
114年6月,承德路七段388號對面﹝北投加壓站﹞,<1,<1,0.52,7.4
114年6月,西園路1段127號,<1,<1,0.56,7.2
114年6月,西藏路171號,<1,<1,0.58,7.1
114年6月,長泰街8號,<1,<1,0.55,7.1
114年6月,莒光路176號,<1,<1,0.56,7.1
114年6月,萬大路423巷115號,<1,<1,0.56,7.1
114年6月,中山北路1段106-1號,<1,<1,0.45,7.3
114年6月,昌吉街118號,<1,<1,0.5,7.2
114年6月,大龍街126號,<1,<1,0.51,7.3
114年6月,哈密街59巷﹝龍塘綠地﹞,<1,<1,0.58,7.2
114年6月,延平北路2段61巷16號,<1,<1,0.48,7.1
114年6月,迪化街1段268號,<1,<1,0.49,7.2
114年6月,承德路四段5-1號,<1,<1,0.52,7.2
114年6月,行義路1號,<1,<1,0.54,7.1
114年6月,後港街38巷臨5之1號,<1,<1,0.5,7.2
114年6月,中山北路5段460巷1號,<1,<1,0.47,6.9
114年6月,天母東路69巷30號,<1,<1,0.49,7.2
114年6月,至善路2段322巷口,<1,<1,0.49,7.1
114年7月,直潭路127號(直潭淨水場),<1,<1,0.55,7.2
114年7月,長興街131號,<1,<1,0.58,7.4
114年7月,思源街1號,<1,<1,0.51,7
114年7月,至善路3段110號,<1,<1,0.5,7.6
114年7月,鹿角坑加壓站 竹子湖路75-1號對面,<1,<1,0.61,8
114年7月,泉源路260號,<1,<1,0.6,7.6
114年7月,菁山路101巷79號,<1,<1,0.57,7.5
114年7月,成功路五段152巷對面,<1,<1,0.44,7.4
114年7月,永吉路120巷92號,<1,<1,0.5,7.4
114年7月,興東街1號對面,<1,<1,0.44,7.3
114年7月,研究院路二段1號,<1,<1,0.47,7.2
114年7月,松山區延壽街373號,<1,<1,0.54,7.1
114年7月,桂林路167巷14號（三清宮）,<1,<1,0.37,7.2
114年7月,民族東路765號對面公園,<1,<1,0.59,7.1
114年7月,松山區八德路二段146巷1弄8號對面,<1,<1,0.5,7.3
114年7月,木新路3段55號,<1,<1,0.49,7.4
114年7月,富陽街底（廁所),<1,<1,0.53,7.5
114年7月,羅斯福路六段268號,<1,<1,0.49,7.4
114年7月,建國南路一段354號,<1,<1,0.54,7.4
114年7月,思源街1號,<1,<1,0.52,7.3
114年7月,至善路二段449號,<1,<1,0.49,7.2
114年7月,中山北路1段110-7號,<1,<1,0.47,7.3
114年7月,格致路198號,<1,<1,0.54,7
114年7月,承德路七段388號對面﹝北投加壓站﹞,<1,<1,0.48,7.3
114年7月,松山區健康路15巷交口,<1,<1,0.42,6.9
114年7月,康樂街206號附近,<1,<1,0.44,7
114年7月,康寧路3段99巷17弄26號旁,<1,<1,0.54,7
114年7月,南京東路4段52巷16弄口,<1,<1,0.61,6.9
114年7月,中坡南路51號,<1,<1,0.51,7
114年7月,敦化??199巷9號旁,<1,<1,0.39,7.1
114年7月,師大路105巷與師大路口,<1,<1,0.49,7
114年7月,建國南路1段354號,<1,<1,0.55,7.1
114年7月,景福街19號1樓,<1,<1,0.6,7
114年7月,興隆路2段234號,<1,<1,0.56,6.9
114年7月,莊敬路393號,<1,<1,0.52,7.1
114年7月,木柵路1段280號　　,<1,<1,0.48,7
114年7月,柳州街62號,<1,<1,0.66,7.4
114年7月,西園路1段127號,<1,<1,0.58,7.4
114年7月,西藏路171號,<1,<1,0.58,7.4
114年7月,長泰街8號,<1,<1,0.58,7.4
114年7月,莒光路176號,<1,<1,0.68,7.4
114年7月,萬大路423巷115號,<1,<1,0.57,7.2
114年7月,中山北路1段106-1號,<1,<1,0.42,7.1
114年7月,延平北路2段61巷16號,<1,<1,0.51,7.1
114年7月,大龍街126號,<1,<1,0.58,7.1
114年7月,迪化街1段268號,<1,<1,0.47,7
114年7月,昌吉街118號,<1,<1,0.6,7.1
114年7月,哈密街59巷﹝龍塘綠地﹞,<1,<1,0.55,7.1
114年7月,承德路四段5-1號,<1,<1,0.5,7.2
114年7月,後港街38巷臨5之1號,<1,<1,0.51,7
114年7月,中山北路5段460巷1號,<1,<1,0.42,7.2
114年7月,天母東路69巷30號,<1,<1,0.53,7.2
114年7月,行義路1號,<1,<1,0.5,7.1
114年7月,至善路2段322巷口,<1,<1,0.51,7.2
114年8月,興東街1號對面,<1,<1,0.47,7.2
114年8月,成功路五段152巷對面,<1,<1,0.45,7.2
114年8月,永吉路120巷92號,<1,<1,0.51,7.3
114年8月,研究院路二段1號,<1,<1,0.52,7.4
114年8月,松山區八德路二段146巷1弄8號對面,<1,<1,0.55,7.4
114年8月,桂林路167巷14號（三清宮）,<1,<1,0.35,7.3
114年8月,民族東路765號對面公園,<1,<1,0.53,7.2
114年8月,松山區延壽街373號,<1,<1,0.52,7.2
114年8月,木新路3段55號,<1,<1,0.51,7.2
114年8月,羅斯福路六段268號,<1,<1,0.57,7.3
114年8月,安東街40巷49號對面,<1,<1,0.5,7.1
114年8月,思源街1號,<1,<1,0.58,6.9
114年8月,富陽街底（廁所),<1,<1,0.47,7.1
114年8月,新店區直潭路127號,<1,<1,0.49,7
114年8月,長興街131號,<1,<1,0.57,7.3
114年8月,思源街1號,<1,<1,0.57,7
114年8月,至善路3段110號,<1,<1,0.54,7.6
114年8月,鹿角坑加壓站 竹子湖路75-1號對面,<1,<1,0.56,8
114年8月,泉源路260號,<1,<1,0.67,7.6
114年8月,菁山路101巷79號,<1,<1,0.59,7.5
114年8月,至善路二段449號,<1,<1,0.62,7.5
114年8月,中山北路1段110-7號,<1,<1,0.59,7.3
114年8月,格致路198號,<1,<1,0.55,7.1
114年8月,承德路七段388號對面﹝北投加壓站﹞,<1,<1,0.51,7.1
114年8月,柳州街62號,<1,<1,0.55,7.2
114年8月,西園路1段127號,<1,<1,0.55,7.2
114年8月,長泰街8號,<1,<1,0.53,7.2
114年8月,長泰街8號,<1,<1,0.35,7.1
114年8月,莒光路176號,<1,<1,0.52,7.1
114年8月,萬大路423巷115號,<1,<1,0.57,7.1
114年8月,中山北路1段106-1號,<1,<1,0.41,7.2
114年8月,昌吉街118號,<1,<1,0.5,7.1
114年8月,大龍街126號,<1,<1,0.46,7.1
114年8月,哈密街59巷﹝龍塘綠地﹞,<1,<1,0.47,7.1
114年8月,迪化街1段268號,<1,<1,0.43,7.1
114年8月,延平北路2段61巷16號,<1,<1,0.46,7.1
114年8月,承德路四段5-1號,<1,<1,0.47,7.1
114年8月,行義路1號,<1,<1,0.48,7
114年8月,後港街38巷臨5之1號,<1,<1,0.45,7.1
114年8月,中山北路5段460巷1號,<1,<1,0.48,6.9
114年8月,天母東路69巷30號,<1,<1,0.45,7.1
114年8月,至善路2段322巷口,<1,<1,0.57,7.2
114年8月,南京東路4段52巷16弄口,<1,<1,0.52,7.4
114年8月,松山區健康路15巷交口,<1,<1,0.5,7.1
114年8月,內溝里康樂街206-4號旁附近,<1,<1,0.5,7.1
114年8月,中坡南路51號,<1,<1,0.49,7.2
114年8月,敦化??199巷9號旁,<1,<1,0.47,7.1
114年8月,康寧路3段99巷17弄26號旁,<1,<1,0.49,7.2
114年8月,建國南路一段354號,<1,<1,0.48,7.2
114年8月,木柵路1段280號　　,<1,<1,0.52,7.2
114年8月,師大路105巷與師大路口,<1,<1,0.61,7.2
114年8月,莊敬路393號,<1,<1,0.47,7.2
114年8月,景福街19號1樓,<1,<1,0.54,7.1
114年8月,興隆路2段234號,<1,<1,0.51,7.1
